adm3_pcode,adm1_name,adm2_name,adm3_name,landslide_label,area_km2,centroid_lon,centroid_lat,chirps_monthly_mean_mm,chirps_monthly_max_mm,chirps_total_mm_available_period,chirps_mean_annual_total_mm,chirps_max_annual_total_mm,chirps_mean_monsoon_total_mm,chirps_max_monsoon_total_mm,chirps_latest_12_month_total_mm,chirps_latest_12_month_mean_mm,elevation_mean_m,elevation_min_m,elevation_max_m,elevation_range_m,elevation_std_m,slope_mean_degrees,slope_max_degrees,aspect_mean_degrees,aspect_sin_mean,aspect_cos_mean,nearest_river_distance_km,river_length_km,river_density_km_per_km2,river_intersection_count,hybas_dist_sink,hybas_dist_main,hybas_sub_area_km2,hybas_up_area_km2,landcover_tiles_used_count,lc_10_tree_cover_percent,lc_20_shrubland_percent,lc_30_grassland_percent,lc_40_cropland_percent,lc_50_built_up_percent,lc_60_bare_sparse_vegetation_percent,lc_70_snow_and_ice_percent,lc_80_permanent_water_bodies_percent,lc_90_herbaceous_wetland_percent,lc_100_moss_and_lichen_percent,dominant_landcover_percent,landcover_classes_over_5_percent,worldpop_population_sum,worldpop_population_density_per_km2,worldpop_population_mean_pixel_value,worldpop_population_max_pixel_value,osm_road_length_km,osm_major_road_length_km,osm_road_segment_count,osm_road_density_km_per_km2,osm_major_road_density_km_per_km2,osm_building_count,osm_building_footprint_area_km2,osm_building_density_per_km2,osm_building_footprint_percent,osm_place_count,osm_place_density_per_km2,osm_nearest_place_distance_km
NP0101301,Koshi,Taplejung,Phungling,1,125.09045649941793,87.71192262936205,27.380896615570094,159.25334860793515,548.3089701334635,21658.45541067918,1804.871284223265,2126.1881721417108,1525.2044476595793,1773.2616271972656,2131.8709222078323,177.65591018398604,1840.7047202504227,538.7490234375,3792.382568359375,3253.633544921875,657.2129121934006,26.39537867668738,65.08609293646444,287.7065855551862,-0.2315529350582781,0.0739272943545939,0.9159027139567536,43.88842258328688,0.350853484841916,22,923.2,923.2,280.7,2078.0,1,83.8465823187714,0.0,15.071218270072412,0.143232275005968,0.3501233389034773,0.1273175777830826,0.0,0.4615262194636747,0.0,0.0,83.8465823187714,2,13042.992614746094,104.26848681943044,157.14448933429028,1454.5263671875,316.2485037197426,21.957173672835157,422,2.5281585227983734,0.1755303664827326,8122,0.4728868370168997,64.92901398947085,0.3780359031778736,59,0.4716586832527432,0.4891545245052686
NP0101401,Koshi,Taplejung,Phaktanlung,1,1851.0111092024893,87.89689922660348,27.702864728045157,117.28205711787685,509.797535455049,15950.359768031249,1329.196647335937,1552.11811011229,1122.026462156381,1244.126790516412,1541.6753882685705,128.47294902238087,4538.562634365287,837.5011596679688,8553.6103515625,7716.109191894531,1265.2071334036275,31.414789058761443,81.02061770028105,189.07983976199384,-0.0148918708671393,-0.0931829961292184,0.5231456120984765,601.7855297681763,0.3251117871612647,283,951.9,951.9,471.2,746.3,1,23.82485964239205,0.0,14.699318610419157,0.0091860609630234,0.0,19.46472282411936,30.782490287091424,0.4122920302815798,0.0,10.807130544733416,30.782490287091424,5,1670.2683963775637,0.9023546039641008,185.5853773752848,1506.9320068359375,452.4276764337949,0.0,447,0.2444219130747,0.0,3419,0.1877064180458971,1.8470985846611587,0.0101407504856505,57,0.0307939804988844,6.074782831937264
NP0101402,Koshi,Taplejung,Mikwakhola,1,441.3382793643361,87.62769467553008,27.58343189318288,129.35899972144296,540.1032836914062,17592.823962116243,1466.068663509687,1756.2510467529298,1204.28529140588,1372.134634399414,1687.6189812342327,140.63491510285272,3530.944186597424,659.277587890625,5771.32666015625,5112.049072265625,1075.9285249502389,30.163022161872185,73.51326489919609,209.58487983494305,-0.0876062081140327,-0.1543096176568192,1.329423559771713,146.48230558276566,0.3319048277293,77,935.9,935.9,339.8,339.8,1,53.43307869637933,0.0,16.715635311666592,0.0045201826153776,0.0,9.194051439678164,1.857795054920219,0.6509062966143832,0.0,18.14401301812593,53.43307869637933,4,0.0,0.0,0.0,0.0,108.9044200493697,0.0,94,0.2467595156400795,0.0,2024,0.1060196638524416,4.586051323069432,0.0240223132253886,45,0.1019626035267413,5.773311105901381
NP0101403,Koshi,Taplejung,Sirijanga,1,479.10926096146727,87.94627072341655,27.475912608159803,128.27140920740715,480.1829071044922,17444.911652207375,1453.7426376839478,1689.2967898580762,1225.7620703957298,1394.9732445610894,1716.8420159949196,143.07016799957665,3383.8601459336764,748.80029296875,8494.2998046875,7745.49951171875,1417.8155067935818,31.770003979574035,74.28066185956992,235.9857098548352,-0.1182563316342182,-0.0798078231885811,0.2080075763133629,177.88820492676976,0.3712894310783872,71,947.3,947.3,168.6,168.7,1,56.72677127515095,0.0,12.88731952947076,0.0041787676814107,0.0,8.813021040095276,12.00142078101168,0.1420781011679655,0.0,9.425210505421951,56.72677127515095,5,488.93756806850433,1.0205137072226778,4.040806347673589,8.735971450805664,233.1175348404676,6.200116977346046,198,0.4865644516506565,0.0129409249257753,5554,0.2857499380127618,11.59234532192999,0.0596419149651426,78,0.1628021129115122,2.8841268046144606
NP0101404,Koshi,Taplejung,Meringden,1,209.5804125564137,87.54492331397948,27.46537260450805,147.73136120508698,523.935977935791,20091.46512389183,1674.2887603243191,1993.6691788434985,1360.7305237163198,1507.2251167297363,1960.9528788924215,163.41273990770182,2633.8883044572644,634.3582763671875,4687.3427734375,4052.984497070313,938.0144366608628,30.64413025942995,70.41768302989342,100.87945519971078,0.29667260857357,-0.05701982314338,0.7849109906642644,78.83780630262903,0.3761697256961354,37,935.7,935.7,146.3,146.4,1,77.38894443650906,0.0,17.811741179831454,0.019044898347855,0.0238061229348188,0.2190163310003332,0.0047612245869637,0.1333142884349854,0.0,4.399371518354521,77.38894443650906,2,0.0,0.0,0.0,0.0,125.31550232605346,0.0,140,0.5979351829566693,0.0,2889,0.155671988084958,13.784685146673022,0.0742779280688051,59,0.2815148576163753,3.3655920963658854
NP0101405,Koshi,Taplejung,Maiwakhola,1,137.34074594983048,87.51318681757327,27.373566379487773,139.31207010500572,471.6578598022461,18946.441534280777,1578.8701278567314,1883.341165781021,1260.0608624545011,1403.6064834594729,1899.0182085037231,158.25151737531027,2287.853342903363,700.2410278320312,4436.00439453125,3735.7633666992183,695.7810398767549,27.830939477786007,63.42896405503609,52.53122495495017,0.3246438094184225,0.2488269789924901,0.8670262812524464,37.68841692679845,0.2744154086695127,13,922.1,922.1,198.1,198.1,1,79.49317169356605,0.0,19.85686116994085,0.2409990506098006,0.0,0.1752720368071277,0.0,0.0,0.0,0.2336960490761702,79.49317169356605,2,0.0,0.0,0.0,0.0,120.2755342065668,0.0,89,0.8757454561263454,0.0,2882,0.1586462601073971,20.98430425776756,0.1155128865874584,44,0.320371057370497,0.4373471649020129
NP0101406,Koshi,Taplejung,Aatharai Tribeni,1,88.50217602702566,87.6192636948854,27.30950114819288,137.97447973431326,495.6617228190104,18764.529243866604,1563.710770322217,1823.705424626668,1264.8083477598248,1487.7894795735676,1883.6861805915837,156.97384838263193,1532.070336068273,495.0,2938.45361328125,2443.45361328125,541.1211314931343,24.751628459539344,64.33494782722981,57.0292180608804,0.3772965628085764,0.2447457982974742,1.1313721831181796,17.545566514291423,0.198250114312823,10,909.4,909.4,112.7,2969.9,1,82.6121164437451,0.0,15.522086096437002,1.44992694166573,0.0,0.0561987186692143,0.0,0.3596717994829718,0.0,0.0,82.6121164437451,2,0.0,0.0,0.0,0.0,161.768669964451,0.0,109,1.8278496329293887,0.0,4806,0.2653535568695785,54.3037495319031,0.2998271554233291,55,0.6214536463284791,0.1871471995988592
NP0101407,Koshi,Taplejung,Pathivara Yangwarak,1,92.4050043297168,87.75239723183907,27.315240533874537,135.71222994783346,465.3353474934896,18456.86327290535,1538.0719394087791,1812.718650976817,1270.8126747824929,1519.8173014322915,1841.2295883496604,153.43579902913837,1480.180755442645,511.1878662109375,2844.475341796875,2333.287475585937,510.04856565799616,30.06965055389269,68.20212686206068,192.85645566225105,-0.0544522594163744,-0.238584126704926,1.1582185660578015,36.96965627916839,0.4000828369343976,15,916.8,916.8,106.5,106.6,1,75.67333693888588,0.0,23.699296917252568,0.1946998377501352,0.0108166576527852,0.2487831260140616,0.0,0.1730665224445646,0.0,0.0,75.67333693888588,2,2165.923441886902,23.4394604231446,25.784802879605973,46.07123947143555,178.0622890954844,9.024655753794406,211,1.9269766868916305,0.0976641451321499,4957,0.2278871115880872,53.64428080445276,0.2466177164766393,65,0.703425106372691,0.0796551805606556
NP0101408,Koshi,Taplejung,Sidingba,1,205.1467137835824,87.94162809314564,27.352211220138383,130.24403527992612,462.4040781656901,17713.188798069954,1476.0990665058296,1716.0150989691415,1250.9986218539152,1470.3030014038086,1758.468400478363,146.53903337319693,2388.0207121346066,712.6199951171875,4651.89697265625,3939.2769775390634,813.9529862713348,33.031459390649005,74.0386038005079,241.8135802801234,-0.1581244169662986,-0.0847373205197939,1.5485477504642786,67.85654687977504,0.3307708206886495,36,934.7,934.7,112.7,112.8,1,78.17340477350218,0.0,20.696541646371163,0.0487092060399415,0.0,0.3214807598636142,0.0,0.0779347296639064,0.0,0.6819288845591817,78.17340477350218,2,6.906256198883057,0.0336649613903576,3.4531280994415283,3.457484245300293,140.34500667852774,0.0,167,0.6841201796026983,0.0,3699,0.1954041952078647,18.030998068544378,0.0952509506996074,61,0.2973481703652898,2.764255342512487
NP0102301,Koshi,Panchthar,Phidim,1,191.73898629558423,87.79926982495999,27.116844462617387,147.88212497494803,552.0902230398996,20111.96899659293,1675.9974163827444,2018.6745166437968,1371.45679800851,1688.0939461844307,1974.087239946638,164.50726999555317,1640.2448629538594,408.5,3193.041748046875,2784.541748046875,584.0802393335566,27.743664544830487,69.00923676963056,317.32370012654906,-0.1869064155165472,0.2027167258426363,0.9601260672806692,77.29921929355636,0.4031481587912023,28,894.1,894.1,111.2,111.2,1,80.8232090490155,0.0,15.385421030582322,3.414327607875995,0.308965228320067,0.0157100963552576,0.0,0.0523669878508588,0.0,0.0,80.8232090490155,2,14748.141220092772,76.91780114742593,254.27829689815127,634.4304809570312,588.6967748049917,70.07828408058421,629,3.070302947661665,0.3654879241540985,20731,0.942336543696405,108.12094295753266,0.4914684081221238,20,0.1043084684361899,2.584149556049832
NP0102401,Koshi,Panchthar,Hilihan,1,122.53455003571813,87.76258171550722,27.221322225302156,135.2647988883888,470.9513916015625,18396.01264882088,1533.0010540684063,1820.4114132881164,1231.515939608487,1501.2400939941406,1833.1731715202327,152.76443096001944,1159.512824965405,416.5,2504.788330078125,2088.288330078125,414.1488585843752,27.04229642700724,66.95894261716883,238.69719518712475,-0.2206036647881506,-0.1341439225095947,0.2849010013958764,24.32849706734407,0.198543978496289,10,887.5,887.5,169.1,4032.5,1,75.72174196705268,0.0,21.896917305496657,1.4108628282498776,0.0407763823193606,0.2365030174522916,0.0,0.6931984994291307,0.0,0.0,75.72174196705268,2,148.12254333496094,1.2088226813725929,37.03063583374024,43.56109619140625,388.4919352478272,70.2072614222669,322,3.170468534258982,0.5729589034423506,10496,0.4525588209930422,85.65747372427185,0.3693316055440069,23,0.1877021623150012,1.8005840321416045
NP0102402,Koshi,Panchthar,Yangbarak,1,207.4984228670988,87.95131370939328,27.282225943790195,131.89434944816372,467.9692306518554,17937.631524950266,1494.8026270791888,1773.1164647340777,1245.3387893329966,1504.5174980163574,1795.2348138093948,149.6029011507829,2292.5459796458367,612.871826171875,4634.76416015625,4021.892333984375,799.2887452654811,29.902685868238997,68.8787733052814,325.6206158511808,-0.2330748592756858,0.3406601259832783,0.1786989612022847,67.4838907563693,0.3252260418364348,29,935.6,935.6,181.0,181.0,1,80.68835500555905,0.0,18.069318895924976,0.2223618697732875,0.0290037221443418,0.188524193938222,0.0,0.0241697684536182,0.0,0.7782665442065065,80.68835500555905,2,0.0,0.0,0.0,0.0,283.6149052861951,73.71644436058934,222,1.366829209433791,0.3552626730459738,6005,0.2934485247944179,28.93997899852067,0.1414220507027032,68,0.3277133342047303,0.5586288827716366
NP0102403,Koshi,Panchthar,Falelung,1,206.28956120610704,87.92649560225068,27.17318617529334,152.42650857693005,583.5657871791294,20730.005166462488,1727.500430538541,2102.009181874139,1415.7726190740411,1767.202157156808,2049.1508566992625,170.7625713916052,2256.711648457553,885.01318359375,3587.597900390625,2702.584716796875,548.2486864874353,29.26100631908035,67.20285260989967,286.7530097381371,-0.1305786209513162,0.039307184935802,1.3548677007507774,70.01771056131236,0.3394147049998162,33,894.1,894.1,238.3,238.3,1,85.52222869345758,0.0,14.031256066783149,0.4416618132401476,0.0048534265191225,0.0,0.0,0.0,0.0,0.0,85.52222869345758,2,0.0,0.0,0.0,0.0,393.5193424238878,32.436748368373294,381,1.907606667652546,0.157238922700336,11631,0.5301711816848147,56.38191255048185,0.2570033978380092,5,0.0242377751485176,2.108644178554473
NP0102404,Koshi,Panchthar,Kummayak,1,128.81965653097538,87.6301594964606,27.06792715063675,132.7466477011933,526.7303283691406,18053.54408736229,1504.4620072801908,1780.297533273697,1247.9170817982067,1487.6819458007812,1754.3729413986207,146.19774511655172,1094.547283128166,351.0,2357.281494140625,2006.281494140625,357.1152079661396,26.12057337723057,60.989346690084766,274.221300993799,-0.168771098385946,0.0124568592773597,2.047407466562615,30.31535205237596,0.2353317255203709,9,867.3,867.3,44.4,4958.5,1,65.84320448877806,0.0,25.054551122194518,8.268391521197008,0.0077930174563591,0.1870324189526184,0.0,0.6390274314214464,0.0,0.0,65.84320448877806,3,42.68193054199219,0.331330882967609,42.68193054199219,42.68193054199219,316.2999121643693,83.02078901013383,267,2.4553699387353456,0.64447298840741,2484,0.1492570263152368,19.28277148761617,0.1158651019065146,6,0.0465767427237105,1.693736063799145
NP0102405,Koshi,Panchthar,Falgunanda,1,107.11436158111349,87.73910455291795,27.049580426513348,139.92476270304007,595.6220703125,19029.76772761345,1585.8139773011208,1894.2642093896864,1333.6986618041992,1599.3123092651367,1833.0082399845123,152.75068666537604,1643.8872727448827,605.0279541015625,2986.446533203125,2381.4185791015625,424.46721588801626,25.66821903235529,58.47346810674367,313.7148661314042,-0.1466811809445257,0.1402444128124128,0.1495627618337565,28.66396442119624,0.2676015055132467,13,884.9,884.9,179.2,179.2,2,77.42085661080075,0.0,10.940409683426443,11.480446927374302,0.1489757914338919,0.0093109869646182,0.0,0.0,0.0,0.0,77.42085661080075,3,13076.792785644531,122.08253489651796,726.4884880913628,4595.61376953125,257.2877817039324,25.797910419544213,307,2.4019914594654845,0.2408445519232122,8253,0.3363757832039333,77.0484917071585,0.3140342510926597,9,0.0840223464636406,3.905797173236658
NP0102406,Koshi,Panchthar,Tumbewa,1,116.92477293655853,87.57888915243375,26.981783597511797,142.91313404151623,632.1629028320312,19436.18622964621,1619.6821858038504,1935.4937583208084,1353.878965551203,1560.861553192139,1895.961064577103,157.99675538142523,1125.622143150086,330.5,2205.32470703125,1874.82470703125,403.06800802651696,27.096530626700712,61.27328840288069,283.98394470234456,-0.1196182145035422,0.0297885701586275,0.9821249157303252,36.56983946234814,0.3127638270650338,16,854.4,854.4,201.6,201.7,2,72.59475218658892,0.0085748585148345,15.306122448979592,11.53318470245241,0.0085748585148345,0.1886468873263591,0.0,0.3601440576230492,0.0,0.0,72.59475218658892,3,2503.441595077514,21.410703071759148,47.23474707693424,87.74159240722656,296.58978211018155,15.106300955008548,261,2.536586342323764,0.1291967525410973,2870,0.1508450859163892,24.545696586960364,0.1290103731894654,1,0.0085525075215889,1.362884802386639
NP0102407,Koshi,Panchthar,Miklajung,1,165.99230238960124,87.62542255638688,26.924203191663224,154.68499512907837,803.941179547991,21037.159337554654,1753.0966114628882,2145.442932162966,1484.1669588955965,1689.577601841518,2002.564532961164,166.88037774676368,1487.3296711494888,428.9341125488281,2407.44482421875,1978.5107116699216,376.339045796618,26.607347044182674,63.70399018751689,325.58168179241545,-0.1250675526810556,0.1825313389745573,0.7140399530512727,65.67176623453749,0.3956313954872377,30,854.4,854.4,201.6,201.7,2,86.77660988280778,0.0,4.729974628488582,8.354476259514316,0.1268575570859006,0.0060408360517095,0.0,0.0060408360517095,0.0,0.0,86.77660988280778,2,10143.50694656372,61.10829719534736,123.70130422638684,1893.07373046875,401.6435183437911,44.326942596854266,512,2.419651469145189,0.2670421577309911,13040,0.5699499421639175,78.55785968552783,0.3433592606157035,20,0.120487514855104,1.192744968194777
NP0103301,Koshi,Ilam,Deumai,1,191.00046354326264,87.82985370822213,26.92115829470105,148.03629578011376,784.6367100306919,20132.936226095477,1677.744685507956,2036.894281625748,1429.4061322893417,1695.6193586077009,1890.9310460771835,157.57758717309864,1230.1375468792191,221.43955993652344,2831.41650390625,2609.9769439697266,478.7555203148773,23.163223663329138,57.97713838263219,228.1923087895727,-0.1655923512576439,-0.148096653112061,0.026789452096339,59.49375366765446,0.311484865345255,29,688.8,688.8,108.6,288.6,2,88.85172215543825,0.0,4.390320388856949,6.360737991951079,0.1097580097214237,0.2822348821408038,0.0,0.0052265718914963,0.0,0.0,88.85172215543825,2,18068.376663208008,94.59860111342309,602.2792221069336,4951.390625,645.3228967358414,34.26209930437171,1030,3.3786457098816007,0.1793822835231557,19403,0.7289147277327528,101.58614089229744,0.3816298213159308,10,0.0523558938784195,2.4157467756025897
NP0103302,Koshi,Ilam,Illam,1,172.60680289818674,87.9085981329713,26.931255419856512,160.08134123595323,879.5078277587891,21771.06240808964,1814.2552006741364,2234.074713945389,1567.5333298769865,1886.7845344543457,2007.773906350136,167.31449219584465,1205.803964921343,287.0,3046.988037109375,2759.988037109375,522.5701028405938,23.32020032253238,58.528826577268255,131.59904358232683,0.1779913151843675,-0.1580227713133887,0.2331357903853789,67.300879523725,0.3899086153830383,24,714.2,714.2,223.3,223.3,2,89.96179228898923,0.0,3.797614912585389,5.019103855505383,0.5268032881787658,0.688896607618386,0.0,0.0057890471228435,0.0,0.0,89.96179228898923,2,36267.8793258667,210.11848152508531,294.86080752737155,2152.171142578125,822.0554735896432,81.87489022227133,1476,4.762590232753097,0.4743433563888312,29733,1.2193750055681092,172.25856397756354,0.7064466666979317,11,0.0637286585192613,1.703127880382209
NP0103303,Koshi,Ilam,Suryodaya,1,224.5406387875772,88.06848929399038,26.89061482043006,178.82527269905106,990.4312591552734,24320.237087070946,2026.6864239225783,2531.219338297844,1784.366296421398,2151.638885498047,2213.494095981121,184.45784133176008,1378.288773230214,301.7062683105469,2732.746826171875,2431.040557861328,368.44765682976254,22.6447040183644,57.94568410614019,196.69104707818764,-0.0303561136804567,-0.10123966887741,1.281001311705564,72.70085889549092,0.3237759511509554,28,714.2,714.2,153.5,153.5,2,96.5109534645072,0.0,1.030651853834828,2.105920671039129,0.2989336545754695,0.0535403560433676,0.0,0.0,0.0,0.0,96.5109534645072,1,38284.29560852051,170.50051970654056,239.2768475532532,1343.3502197265625,944.721078043562,45.64202436613545,1714,4.20735009548672,0.2032684355606305,33665,1.3668113527094892,149.92831668145467,0.6087144670513464,20,0.0890707361838435,0.5085880355214131
NP0103304,Koshi,Ilam,Mai,1,263.0398670649786,87.86792597651754,26.766718212880424,180.4577381450902,1049.780174255371,24542.252387732267,2045.187698977689,2421.765621840954,1786.558197888461,2018.1686096191409,2179.9892441630363,181.6657703469197,319.4100778214932,115.0,1407.0758056640625,1292.0758056640625,156.68025585389583,17.13345774458027,60.17110521285015,70.07880596054113,0.01654293106396,0.0059953795765217,0.2189304665125242,99.34379632909472,0.3776758156000508,46,635.0,635.0,384.9,1329.2,1,85.66835094166284,0.0038278977185729,1.3818710764048383,9.435767876282346,0.0803858520900321,3.165671413259838,0.0,0.2641249425815342,0.0,0.0,85.66835094166284,2,24557.75625610352,93.36134681834,314.84302892440405,2444.077880859375,619.2652489809708,8.901788707862023,1072,2.354263845594151,0.0338419753902286,15795,0.5720836757693982,60.04793180684725,0.217489341882946,9,0.0342153457588873,2.174606371226551
NP0103401,Koshi,Ilam,Fakfokathum,0,108.3692071653766,87.74916016684072,26.965594116684997,161.04312792361952,816.4515787760416,21901.86539761225,1825.1554498010207,2249.781820297241,1558.4391276041663,1818.8193257649737,2051.3163458506265,170.94302882088553,1430.6076796966354,523.038818359375,2273.04638671875,1750.007568359375,350.9883130882285,22.7211889370616,56.34535005970154,137.2096236544977,0.2176677498484874,-0.2351389986668929,0.4493547527519217,32.422238440488584,0.2991831285709297,15,699.4,699.4,180.2,180.2,2,81.19878464229812,0.0,7.973483104686493,10.744866955160663,0.0736580425375195,0.0092072553171899,0.0,0.0,0.0,0.0,81.19878464229812,3,16941.22007751465,156.3287258497844,564.707335917155,2089.02978515625,339.9606193852973,16.357638981965145,611,3.1370592096932217,0.1509436066741967,11436,0.4742383574223425,105.52813201399653,0.4376135710752522,4,0.0369108541497014,1.3539020357762088
NP0103402,Koshi,Ilam,Sandakpur,1,155.3573399620664,87.95452991092684,27.050429506727998,155.48074209047297,741.1377868652344,21145.380924304325,1762.1150770253605,2203.884527246157,1488.918378194173,1869.3680928548176,2021.4477667013805,168.45398055844836,2188.445200968194,983.720947265625,3613.465576171875,2629.74462890625,462.4869754665322,28.051900858895884,59.430602944488406,185.2414195625119,-0.0263531491599692,-0.2872713913175264,0.6559143116143605,55.78207435251795,0.3590565747723169,26,714.2,714.2,223.3,223.3,2,88.2607572037731,0.0,10.711978291768965,0.9884998061765085,0.0258431321876211,0.0,0.0,0.0129215660938105,0.0,0.0,88.2607572037731,2,0.0,0.0,0.0,0.0,519.1570446492301,0.0,1035,3.3416962776009984,0.0,12577,0.4478360087437072,80.95529958913384,0.2882618927776797,18,0.1158619219690235,0.7143483129315747
NP0103403,Koshi,Ilam,Mai Jogmai,1,135.18490876114515,88.01241038913982,26.962285202881134,168.83578116157477,915.761181640625,22961.66623797417,1913.4721864978471,2401.6256589412687,1672.033655617454,2053.726202392578,2110.63919301033,175.8865994175275,1634.7116771808612,502.7809448242188,3075.690673828125,2572.9097290039062,539.673102854348,24.03684851215971,58.67423109251829,212.20946287425312,-0.1399882821887385,-0.2222162194275231,0.7161217420696541,45.504490947686286,0.3366092514667227,22,714.2,714.2,223.3,223.3,2,91.24629080118694,0.0,5.185459940652819,3.3456973293768546,0.0445103857566765,0.1780415430267062,0.0,0.0,0.0,0.0,91.24629080118694,2,11349.376235961914,83.9544616331017,420.3472679985894,1326.59814453125,411.87282765218185,6.458893228560757,731,3.046736735828329,0.0477782119894226,12761,0.798338656111366,94.39663137656213,0.5905530901544127,1,0.0073972753997776,1.184214307302204
NP0103404,Koshi,Ilam,Chulachuli,1,108.04499948672762,87.72247559073419,26.74743401036812,180.31834678053855,1007.9792602539062,24523.295162153245,2043.6079301794368,2453.763543748856,1762.7931446422228,1974.7034912109373,2147.5762808799745,178.9646900733312,458.4404644968413,138.52777099609375,2346.57373046875,2208.045959472656,423.5370170005881,18.199886689926803,63.87318401507405,185.8701881921474,-0.0250437195366946,-0.2435825275227228,0.3704812382600336,60.11817430149251,0.5564179238936227,11,653.1,653.1,116.9,117.0,1,74.52365461474115,0.0,1.189701645134306,21.860767729342875,0.0557672646156706,2.342225113858165,0.0,0.0278836323078353,0.0,0.0,74.52365461474115,2,16934.923385620117,156.73953876690447,60.05291980716353,440.6100463867188,273.38364982829,5.4387381600789455,570,2.530275821435612,0.0503377128596039,9066,0.4174346864856106,83.9094825588266,0.3863526201755304,1,0.0092554028853768,3.590263834704841
NP0103405,Koshi,Ilam,Mangsebung,1,171.74794694105748,87.72799123094312,26.831862515041323,159.1768144316533,871.6496073404948,21648.04676270485,1804.0038968920708,2198.611252864202,1542.2824529012046,1760.0836944580078,1982.2399311860404,165.18666093217004,807.2762737282376,188.0489654541016,2076.579345703125,1888.5303802490237,467.8168788420223,24.98966725520712,61.14314961455779,115.0195322365387,0.1507715187959636,-0.0703684982745165,1.0830738124774686,47.55225938543079,0.2768723599458824,14,635.0,635.0,384.9,1329.2,1,93.2481537920525,0.0,2.643300902590552,3.698276872582347,0.0468878208885242,0.3633806118860626,0.0,0.0,0.0,0.0,93.2481537920525,1,15598.047607421877,90.81941231457633,1418.0043279474432,7361.64501953125,324.0750153174549,25.0553518108182,475,1.8869222083258723,0.1458844327228959,8335,0.344099402691004,48.53042000473231,0.2003513921532326,8,0.0465798872270976,1.9673915890009448
NP0103406,Koshi,Ilam,Rong,1,154.38308689286583,88.07061643324558,26.803019918503768,183.88265669941904,1013.2131591796876,25008.041311120985,2084.003442593416,2544.95033454895,1838.0347581343217,2140.2502380371093,2195.6087638378144,182.96739698648452,747.6979587633218,219.0489196777344,1829.5159912109373,1610.4670715332031,350.5178305794041,24.484716820839097,63.17772118406843,175.93399224851177,0.0099282399327572,-0.1396679605523197,0.1855260770027412,32.185785531236256,0.2084799972523647,13,660.5,660.5,154.7,154.7,1,96.3982774370351,0.0,1.0570272739136108,1.859585018922093,0.0326242985775805,0.6068119535429988,0.0,0.0456740180086128,0.0,0.0,96.3982774370351,1,1249.1068878173828,8.090956807232393,312.2767219543457,531.4979248046875,460.4820123169928,13.209880127661403,731,2.982723182860985,0.0855655913709537,8356,0.3425699477752733,54.12509989386757,0.2218960345138064,7,0.0453417543390465,1.4531315917984875
NP0104301,Koshi,Jhapa,Damak,0,70.59138050648322,87.67655774984966,26.67292191300646,205.4911028146744,1176.20068359375,27946.789982795715,2328.8991652329764,2794.0051761468253,2018.9193799567945,2303.7313028971357,2419.429461320241,201.6191217766868,136.89666821853044,97.83308410644533,220.81329345703125,122.98020935058594,21.91104588721044,1.737081491202727,31.169538469929726,197.93678424709367,-0.0854340898185221,-0.2639295736904012,0.4669041922529238,13.686746737735987,0.1938869397302547,3,653.3,653.3,189.8,189.8,1,24.613200851667848,0.014194464158978,1.8026969481902055,61.51880766501064,8.942512420156138,2.8246983676366217,0.0,0.2838892831795599,0.0,0.0,61.51880766501064,3,64211.42133998871,909.6212721621364,54.50884663836053,199.62173461914065,561.8786723470367,29.30461616305349,2286,7.9595932012610655,0.4151302319461242,28551,2.2487341788306443,404.45447865094286,3.1855648135739703,5,0.0708301773407136,1.3450030697284927
NP0104302,Koshi,Jhapa,Shivasatakshi,0,144.88953186895986,87.82063327131995,26.61207350508192,189.94800532465223,1062.769766671317,25832.9287241527,2152.744060346058,2629.684804337365,1876.3658409614063,2184.482927594866,2267.404578242983,188.95038152024856,123.75666804712904,82.0,644.4234619140625,562.4234619140625,52.72009166558622,3.415432627495029,53.96155759061941,171.9083727089688,0.0322586938898521,-0.2268990850448011,1.2804865096967717,40.93534786186157,0.2825279875904636,14,628.9,628.9,155.5,155.5,1,27.04616452620618,0.0347101700798333,3.373828531759806,65.35230822631031,0.8677542519958347,1.5272474835126693,0.0,1.7979868101353695,0.0,0.0,65.35230822631031,2,54239.12627983093,374.3481366817139,51.02457787378263,208.6877899169922,699.4992789811334,34.9005150477707,2094,4.82781102235716,0.2408767189567236,24913,1.475120764176579,171.94478909995837,1.0181003038305756,3,0.0207054295869576,2.127929433633952
NP0104303,Koshi,Jhapa,Kankai,0,78.76899722967418,87.9054788216336,26.640446580134213,215.64465675985116,1280.6192220052085,29327.673319339752,2443.972776611646,2938.526805003484,2155.554404518821,2442.3728230794272,2566.1232706705728,213.8436058892144,124.57455459315568,93.5284423828125,539.3458251953125,445.8173828125,41.2928039682914,3.2843659805302083,59.38980155416071,190.66871115558672,-0.0421766458562309,-0.2238836734725182,0.3379826358804748,27.70834107011044,0.3517670916809898,15,635.0,635.0,384.9,1329.2,1,30.40377022035409,0.0,1.0189784740797352,62.20863584256783,2.725767418163292,2.8404024964972616,0.0,0.8024455483377914,0.0,0.0,62.20863584256783,2,31558.857969284058,400.65075193562416,44.01514361127484,139.03831481933594,412.614514121565,41.1704858239528,1391,5.23828572958046,0.5226737329651174,15074,1.0054529731448223,191.36970800894315,1.276457754328303,3,0.038086050419718,0.3265053301752069
NP0104304,Koshi,Jhapa,Arjundhara,0,109.39798054232068,87.98421149275715,26.70451526523594,199.54658555195613,1173.936065673828,27138.335635066032,2261.527969588836,2746.811301410198,2005.8314045992763,2315.2992553710938,2341.7101464271545,195.14251220226288,175.27773361640828,117.72940063476562,456.6659240722656,338.9365234375,47.617609753621664,3.762609275513736,45.707433891881614,192.57915819640507,-0.0661440653850969,-0.2964179774826891,0.269198896183098,79.142819917584,0.7234394960971657,18,662.1,662.1,139.0,139.0,1,42.162807791253215,0.0,1.1576626240352812,50.21131936787946,1.6262403528114664,4.731716280779126,0.0,0.1102535832414553,0.0,0.0,50.21131936787946,2,46459.18114376068,424.6804274946184,84.01298579341895,555.2386474609375,608.5021977887803,58.79936980866391,2244,5.562279987000134,0.537481309226886,21989,1.5504013464707465,201.000054032017,1.4172120351627266,22,0.2011006043341841,1.4183656781040506
NP0104305,Koshi,Jhapa,Mechinagar,1,191.7620542130336,88.1156532027924,26.67527129619463,202.7897166762532,1106.272495814732,27579.40146797044,2298.2834556642038,2799.91817688942,2022.487227204558,2350.711168561663,2379.053082091468,198.2544235076223,159.2899775776661,87.0,672.0652465820312,585.0652465820312,64.70474359915823,2.838524902414303,42.713758876513495,174.42686820507987,0.0305942271197301,-0.3135379409902459,0.3081737581684733,119.26077311943092,0.6219206068106725,28,653.3,653.3,105.7,105.9,1,44.29312241370279,0.0,3.017128489864334,46.88072913938505,2.341417421821801,3.0380807710439472,0.0,0.4295217641820753,0.0,0.0,46.88072913938505,2,99940.98968172072,521.1718767399813,24.76238594690801,306.9745178222656,1007.284015687704,64.56470734091626,3349,5.252780691265882,0.33669177985124,42723,3.2855868644775112,222.7917310091906,1.7133665353978038,35,0.1825178612298216,1.4631168681071605
NP0104306,Koshi,Jhapa,Gauradaha,0,149.32027887272096,87.70490565058047,26.5324853962519,190.8764051520357,969.752950032552,25959.191100676853,2163.2659250564043,2758.763448317846,1856.5798332907937,2262.308436075846,2268.0989085833235,189.00824238194363,89.6887880615384,71.5,122.89218139648438,51.392181396484375,8.448716639484562,1.2456020684888855,13.625368891784536,184.53850266820731,-0.0143507633188673,-0.1807904053054207,0.6091912004334638,61.03436744522663,0.4087480140406895,10,626.4,626.4,187.7,494.3,1,10.720086626962642,0.0,2.064158094206822,85.11775852734164,0.6632376827287494,0.927179209528966,0.0,0.5075798592311856,0.0,0.0,85.11775852734164,2,43393.57452774048,290.6073766760689,87.13569182277205,278.3399658203125,597.4659808748191,39.13567380985551,1797,4.001238046066689,0.262092155903448,17888,1.073523314920793,119.79618666026964,0.7189400683050244,3,0.0200910420382831,3.640884488697635
NP0104307,Koshi,Jhapa,Birtamod,0,77.9103591183212,87.99391897043489,26.608715284094483,204.2451834547169,1212.6617024739585,27777.3449498415,2314.778745820125,2828.8467703660326,2050.734862356475,2379.71294148763,2395.333349784215,199.61111248201792,112.63559094852673,91.5076904296875,143.7096710205078,52.20198059082031,8.822363326368633,1.6157551127387482,24.32958127398614,183.08925205932235,-0.0103352929432824,-0.1915009555647882,0.4404003736861346,39.45522717394635,0.5064182429710834,10,630.3,630.3,129.6,129.6,1,16.510463474130184,0.0,0.8473488252664014,74.91333932468866,7.510591860315829,0.1027089485171395,0.0,0.1155475670817819,0.0,0.0,74.91333932468866,3,67265.7303905487,863.3733838704727,29.632480348259342,234.16989135742188,627.2312592215536,42.31758998470919,2713,8.050678578813732,0.5431574242963269,19936,2.1297195386603414,255.8838160368831,2.7335511769698955,5,0.0641763182275489,1.2519029706232985
NP0104308,Koshi,Jhapa,Bhadrapur,0,95.93365600696843,88.07419328903443,26.524262368504623,198.2617319506757,1125.0703938802085,26963.5955452919,2246.966295440992,2933.5108354091644,1960.7606233539,2472.785522460937,2352.872406641642,196.07270055347016,88.21039036370136,67.06336975097656,135.6015625,68.53819274902344,10.647895680951212,1.775841286532631,27.7954798218443,155.8210110935503,0.0501847053671227,-0.1117756429191537,1.001040543358803,26.183182203361465,0.2729300987075856,7,644.1,644.1,60.5,573.5,1,33.55942815402275,0.0,2.7548784305541063,56.93415423145153,4.226233955963686,0.6887196076385266,0.0,1.836585620369404,0.0,0.0,56.93415423145153,2,57131.78862094879,595.534361963635,41.0134878829496,232.09750366210935,622.4362695696908,63.94186997936343,2162,6.488195024324708,0.6665217676549178,16883,1.4536511470606122,175.98620445335314,1.515267120597407,6,0.062543222574194,2.8571475189079587
NP0104401,Koshi,Jhapa,Kamal,0,104.16543435073056,87.7350649101819,26.61516685875339,197.07967084383264,1098.5565795898438,26802.83523476124,2233.56960289677,2738.859497308731,1922.7627029418943,2255.1140899658203,2355.5891234874725,196.29909362395605,115.9194920033771,82.59268188476562,161.61123657226562,79.0185546875,16.071742133400406,1.5473585941101036,20.98681992796274,191.10500193957893,-0.0454267561973125,-0.2314351630556636,0.4498418966393349,50.60648289099783,0.485827983211812,12,628.7,628.7,158.4,158.4,1,19.626077690593817,0.0,4.562627143272305,72.37237237237237,1.1624527753560012,1.8308631211857016,0.0,0.4456068972198004,0.0,0.0,72.37237237237237,2,36968.42226028442,354.9010522608659,47.15359982179136,164.43467712402344,475.91933382882985,58.74351968755218,1275,4.568879655667581,0.5639444605948613,15747,0.9571002924482054,151.1729884116742,0.9188271506895442,2,0.0192002271431604,2.9883012341446658
NP0104402,Koshi,Jhapa,Buddhashanti,1,79.42961137689238,88.06590577203019,26.732457093869524,193.23175048828125,1110.0489298502605,26279.51806640625,2189.9598388671875,2650.377153555552,1946.971172448361,2226.407918294271,2247.579531351725,187.29829427931045,259.2144375049905,134.9339599609375,802.5672607421875,667.63330078125,114.63798246810173,6.163278761578354,54.1441130413719,187.0898792322516,-0.0473149256226037,-0.3804147618026571,1.420666529962696,22.62415116459968,0.2848327062466465,3,653.3,653.3,105.7,105.9,1,66.0010111223458,0.012639029322548,1.5040444893832154,28.690596562184023,1.1122345803842264,2.6415571284125376,0.0,0.037917087967644,0.0,0.0,66.0010111223458,2,29532.92263412476,371.8125031984792,138.00431137441475,656.7944946289062,410.08257327992953,31.6446427207718,1107,5.162842498801783,0.3983985590791628,11884,0.7709397494516206,149.6167461226845,0.9705948903533248,38,0.4784110024118151,0.8165144393015278
NP0104403,Koshi,Jhapa,Gauriganj,0,100.95741169573456,87.74825547513531,26.464468886378366,198.45526356863624,943.238800048828,26989.91584533453,2249.1596537778773,2902.9891513586044,1942.6743524724784,2404.9892044067383,2335.119217336178,194.59326811134812,74.74315750310704,62.0,95.2618637084961,33.261863708496094,4.665079944602593,1.0658131251900098,20.00397562986069,175.888151416654,0.0110085000786308,-0.1531324373946745,0.0335845404750707,45.51083610028032,0.4507924216345886,5,628.7,628.7,158.4,158.4,1,7.05518411336194,0.009979044007584,5.219040015966471,83.56451451950903,1.3072547649935136,1.1575691048797525,0.0,1.6864584372817084,0.0,0.0,83.56451451950903,3,27731.374046325684,274.6838848236571,90.92253785680552,271.12548828125,393.1891960963232,37.04941202228561,1168,3.894604561389873,0.3669806049896081,11802,0.5253175934693437,116.90077827637724,0.5203358373058788,3,0.0297155003244476,1.3503759036609213
NP0104404,Koshi,Jhapa,Jhapa,0,93.73297832469945,87.86488154887563,26.510860537232748,198.77785518151876,1041.5947265625,27033.788304686543,2252.8156920572123,2857.654473245144,1973.85566295277,2396.2196502685547,2378.3459590673447,198.1954965889454,83.52117471609495,70.10433959960938,104.5992431640625,34.494903564453125,5.905013498734164,0.894844563419525,19.270017176938637,192.4352852134448,-0.0327656468747257,-0.1485903260675056,0.2978835201763274,24.33462737598536,0.2596164958259197,7,635.0,635.0,384.9,1329.2,1,8.831140823808497,0.0,1.4341168859176192,86.31658399827474,1.3694198835453957,0.4636618503342679,0.0,1.5850765581194737,0.0,0.0,86.31658399827474,2,27866.878522872925,297.3006835047912,62.342010118283945,261.8083801269531,445.7627342514974,50.18517439454993,1215,4.755665958968415,0.5354057375698016,15073,0.7789508625639485,160.80786367190612,0.8310318059729127,1,0.0106686037067542,1.2370176922815563
NP0104405,Koshi,Jhapa,Barhadashi,0,79.98571749105758,87.92845320369169,26.534457340007584,203.0638666285896,1109.7591145833333,27616.685861488186,2301.3904884573485,2858.3103542725244,2033.956996570934,2409.442830403645,2433.388517856598,202.78237648804983,89.39843211088976,72.0,133.5462646484375,61.5462646484375,9.37762964947153,1.3411324755581844,26.836305931982064,186.55089302270488,-0.0156285729419237,-0.1360953321514379,0.1361047926021102,23.371655528047643,0.2921978605825546,6,630.4,630.4,138.6,381.3,1,12.576572071508938,0.0,1.912739092386548,82.44780597574697,0.9876234529316164,0.8126015751968996,0.0,1.2626578322290285,0.0,0.0,82.44780597574697,2,26349.14410018921,329.42311360943967,44.06211387991507,179.3055419921875,334.6123252217692,23.43957707504485,1000,4.183400933537652,0.2930470315236642,10584,0.5766781699880947,132.32362391677356,0.7209764293888686,1,0.0125022320405114,1.9096972417420008
NP0104406,Koshi,Jhapa,Haldibari,0,116.83948775647411,88.00143282301399,26.515614414152715,199.735585547896,1153.222900390625,27164.03963451385,2263.669969542821,2899.741685533524,1987.2846721302376,2447.868212890625,2373.0267934322355,197.7522327860196,97.7083766468431,74.5,146.82650756835938,72.32650756835938,12.115456762009613,2.9173413541221427,27.36641924823938,185.58882933506305,-0.0062814857856193,-0.0641924130637592,1.3930850707986426,44.37935640329609,0.3798318295933903,14,630.3,630.3,129.6,129.6,1,53.85075647491239,0.0,0.6581759124711514,45.11496709120438,0.2820753910590649,0.0940251303530216,0.0,0.0,0.0,0.0,53.85075647491239,2,25354.355667114258,217.0015989796169,69.27419581178759,250.7455596923828,404.9335940806445,36.22925288605392,1070,3.465725516741723,0.3100771287320749,10147,0.6686370010594895,86.84563921701847,0.5722697128329717,1,0.0085587502924035,3.1463070964347324
NP0104407,Koshi,Jhapa,Kachanakawal,0,109.17880811666902,87.9994582715059,26.42364318166959,207.0207769042429,1070.429718017578,28154.82565897703,2346.2354715814195,3012.224109530449,2037.404591993852,2507.7775802612305,2468.077627658844,205.673135638237,69.50080813906577,55.43696212768555,112.55744171142578,57.12047958374024,5.807044540318866,1.288587683028379,23.45779248850501,167.69343515432448,0.0305486605933451,-0.1400317214065904,0.4623076048760478,62.868477185654285,0.5758304039962839,19,627.8,627.8,160.3,848.7,1,17.406111929307805,0.0092047128129602,1.4911634756995582,79.24337260677467,1.021723122238586,0.156480117820324,0.0,0.6627393225331369,0.0092047128129602,0.0,79.24337260677467,2,31576.776668548584,289.2207490926764,78.94194167137147,418.1347351074219,475.39424454036913,29.36957534337656,1417,4.354272159047207,0.2690043594540076,11432,0.6183021972549191,104.70896501987554,0.5663207062987886,9,0.0824335798791882,1.2520497441570189
NP0105101,Koshi,Morang,Biratnagar,1,76.75651388542178,87.27709847393196,26.44934656072271,156.43104541593908,814.54150390625,21274.622176567715,1772.885181380643,2258.401007334391,1509.3308553984673,1827.857869466146,1771.730611006419,147.64421758386823,70.4788045032058,59.351295471191406,88.43850708007812,29.08721160888672,5.33705183930214,1.3029765292764377,17.271770989692396,183.87877940854656,-0.005122927681775,-0.0755582022402633,2.3061586583202565,23.655308141559534,0.3081863277020498,4,639.9,639.9,177.4,415.7,1,10.974170709322143,0.0,1.389799396879507,59.27625540841747,28.05821423888816,0.1442244657139111,0.0,0.1573357807788121,0.0,0.0,59.27625540841747,3,171706.6818408966,2237.030750213742,42.48062390917779,169.67758178710938,812.9608920213547,130.05435435507056,3664,10.59142541615297,1.6943754708454983,56975,4.808087578074352,742.2822782838911,6.264077580766136,19,0.2475359945132765,1.2242421194395774
NP0105301,Koshi,Morang,Letang,0,218.45903019438188,87.51657513507149,26.7553957981113,172.1485510859169,955.190420968192,23412.2029476847,1951.0169123070584,2319.699298415865,1677.7216228138316,1900.300192696708,2078.968368087496,173.24736400729134,528.2695005614617,123.67902374267578,1908.7705078125,1785.0914840698242,395.4088488537071,15.602923260143015,61.82875210925681,180.14340800139533,-0.0005307838638468,-0.2120635629064839,1.2037178577461711,81.57450132750682,0.3734086947787094,21,638.6,638.6,227.4,227.4,1,85.56270096463022,0.0,1.7271474506201194,9.554432705558108,0.4225999081304548,2.696371152962793,0.0,0.0367478180983004,0.0,0.0,85.56270096463022,2,25767.95809173584,117.95327512352252,123.88441390257616,891.2872314453125,607.0191138484984,72.88928344054338,1647,2.778640522702957,0.3336519592515241,14583,0.6968474452968864,66.75393544970078,0.3189831268026966,2,0.0091550346910376,2.357894644453038
NP0105302,Koshi,Morang,Sundarharaicha,0,109.79812199718027,87.34979170921662,26.65746091966846,160.39408722256914,876.1286468505859,21813.5958622694,1817.7996551891167,2229.69294410944,1560.221943595193,1796.5129776000977,1901.4976054430008,158.45813378691673,126.73255592472889,93.5,200.67828369140625,107.17828369140624,21.27380061505408,1.8737714173892903,22.96700619696357,199.872660458768,-0.0923786786465644,-0.2555742485826042,0.5369334121902117,61.328501801665816,0.5585569287172397,8,641.9,641.9,100.4,100.4,1,40.679514110877705,0.0,0.8493926385971321,51.38368800803727,5.525618777970591,1.5343867019819162,0.0,0.0273997625353913,0.0,0.0,51.38368800803727,3,77598.1219573021,706.7345100792787,29.662890656461045,293.495849609375,588.3911101717233,46.4555666013835,1951,5.358844937136846,0.4230998286343779,35353,2.416089613657444,321.98182771202494,2.2004835508201963,2,0.018215247798604,3.3989417759040053
NP0105303,Koshi,Morang,Belbari,1,132.33566623373267,87.43939485790526,26.629607614384067,172.82306867458072,955.2806193033854,23503.937339742977,1958.6614449785811,2357.804117719332,1675.6632334391277,1922.1045684814453,2049.027864138285,170.75232201152377,126.49652549684708,80.0,218.2665100097656,138.26651000976562,31.68733445667469,2.075322850437673,22.89311885657026,197.0751956182098,-0.0723025116962955,-0.2353855282040542,0.416141192160749,56.21536623887671,0.4247937675364744,13,642.1,642.1,324.4,324.4,1,46.2338648443432,0.0,1.0174639331814732,48.830675778283975,2.1488230827638573,1.7160212604403948,0.0,0.0531511009870918,0.0,0.0,48.830675778283975,2,65022.66459655762,491.3464861522206,81.58427176481507,421.3264770507813,531.3042462006248,29.26639371521334,1615,4.014822770924276,0.2211527288759987,28963,1.3810444360165377,218.8601215702896,1.0435920075978025,1,0.0075565418489206,4.134528810231556
NP0105304,Koshi,Morang,Pathari Shanishchare,0,79.31935091048848,87.56510020714735,26.6118086329946,202.42831725495705,1075.9800720214844,27530.25114667416,2294.1875955561795,2762.499120950699,1988.9211515946824,2283.134567260742,2427.2334948778152,202.2694579064846,109.8684431598988,85.41356658935547,168.51913452148438,83.1055679321289,16.116711192835936,2.1380658261439622,22.73935803062074,185.20077238855703,-0.0164581186931091,-0.1808172731835421,0.7781868924638274,23.797023839277955,0.3000153627849626,6,638.4,638.4,196.4,196.4,1,34.93715881680843,0.0,1.167957344166561,60.60683001142567,2.539037704709915,0.6601498032245778,0.0,0.088866319664847,0.0,0.0,60.60683001142567,2,50543.554255485535,637.2159337577498,43.760653035052414,383.0384521484375,527.9134158315039,17.7999542056366,2168,6.655543820917695,0.2244087224783743,25774,1.26169564266911,324.93962323375337,1.5906530098726193,1,0.0126072640348317,5.041130215029473
NP0105305,Koshi,Morang,Urlabari,0,74.33957562026575,87.62165618523555,26.649238868059754,220.7780417016908,1185.8201497395833,30025.81367142995,2502.151139285829,2996.23916832606,2183.434825088039,2489.7929789225263,2615.826557636261,217.9855464696884,119.77572247707629,90.0,163.6115264892578,73.61152648925781,15.215431525287856,1.3405010297437343,17.662598151900376,182.4268432034557,-0.0108134760002439,-0.255144616374576,1.5333128475853,45.49282007700209,0.6119596419191862,9,653.1,653.1,116.9,117.0,1,17.426599918820187,0.0,1.840075767825734,71.01880665674469,4.803138952780409,4.505479637396833,0.0,0.4058990664321472,0.0,0.0,71.01880665674469,2,40191.97444295883,540.6538052929385,20.632430412196527,212.92767333984372,458.6990916101928,24.61086159782208,1798,6.170321632629102,0.3310600227735615,21972,1.4609426786288855,295.5626234972776,1.9652287041447911,1,0.0134517851582594,2.294507496670488
NP0105306,Koshi,Morang,Rangeli,0,111.3902569538741,87.47015665577148,26.49454435461114,172.34461403699484,944.552685546875,23438.867509031297,1953.2389590859411,2417.9867992401123,1673.89401772239,1981.913146972656,2054.97303686142,171.24775307178496,75.1179146731297,62.5,95.66248321533205,33.16248321533203,5.8116803670359465,1.107530508439092,14.588031225174008,182.56432704117572,-0.0071044659847086,-0.1586319074048031,0.8822867788247187,19.05605174583413,0.1710746726594329,5,638.6,638.6,227.4,227.4,1,13.880154523403109,0.0,2.4166741532656544,80.83730123079688,2.183092264845926,0.3952924265564639,0.0,0.2874854011319738,0.0,0.0,80.83730123079688,2,45567.53808403015,409.08010565860656,74.33529866889094,375.5848693847656,446.39480484080417,20.80899848923332,1507,4.007485188095518,0.1868116571259026,25605,0.9570569900597424,229.8675009844249,0.8591927303444975,2,0.0179548916996231,1.902882231953235
NP0105307,Koshi,Morang,Sunwarshi,0,106.01415351106006,87.55458279778114,26.481321947915013,180.84273850654856,925.110382080078,24594.6124368906,2049.5510364075503,2610.533701121807,1763.384417100386,2152.384231567383,2124.944011449814,177.0786676208178,75.97366766996178,62.5,99.95787811279295,37.45787811279297,6.783904514850305,1.0473052418893494,14.277402094549478,204.3534310078284,-0.0639706119208919,-0.1413276519165618,0.00796699487529,46.6277031064141,0.4398252644780077,8,638.4,638.4,196.4,196.4,1,12.38248979204254,0.0189915487608014,1.1015098281264837,83.71474693761276,2.155540784350964,0.341847877694426,0.0,0.2848732314120216,0.0,0.0,83.71474693761276,2,40085.85379219055,378.1179442989048,108.04812342908504,319.6660461425781,419.1811956384452,40.82865169130104,1267,3.954011627274972,0.385124536103017,21403,0.8150924352078653,201.88813749068996,0.7688524675366386,19,0.1792213527226607,2.0419476005617563
NP0105308,Koshi,Morang,Ratuwamai,0,141.6241383479221,87.61995375819559,26.47913138171533,193.10091992195916,959.1809204101562,26261.725109386443,2188.4770924488703,2786.4163238048554,1877.8404987682,2286.5088073730467,2255.220308494568,187.93502570788064,78.41108704955515,61.0,104.7319564819336,43.7319564819336,8.66800485117457,1.0761839645370403,18.61661463765759,186.578052491412,-0.0162846438163552,-0.1412178259880848,0.1199821111270276,44.98431902329927,0.3176317225866411,7,612.0,612.0,153.2,456.4,1,10.918201707953983,0.0211729832733432,2.1102406662432074,82.83576822640977,1.4115322182228809,1.7220693062319148,0.0,0.9810148916649022,0.0,0.0,82.83576822640977,2,44420.60556411743,313.65137385684346,103.06405003275506,336.9114685058594,624.899559609827,47.8534120424068,1911,4.412380311007876,0.3378902254984763,24796,1.079632224622978,175.08314817834727,0.7623221840691385,2,0.0141218864476808,2.2786375297297585
NP0105401,Koshi,Morang,Kerabari,1,219.0924037531412,87.40409315411733,26.78582864757223,144.70082258126314,760.7171859741211,19679.31187105179,1639.9426559209824,1976.6112112104893,1400.1610513166947,1599.9131393432615,1789.8762221932411,149.15635184943676,688.7752982010684,135.39552307128906,2040.7388916015625,1905.3433685302732,495.8506815748559,18.626587399444134,62.82571394090234,186.0676824641765,-0.029561385949838,-0.2780973017227989,0.2192023546027726,65.30511406050265,0.2980711012422143,23,674.6,674.6,133.5,133.5,1,84.86377396569122,0.0,1.80717365379323,10.677919456930557,0.311897991009999,2.247500229336758,0.018346940647647,0.073387762590588,0.0,0.0,84.86377396569122,2,19479.43552827835,88.90968009199666,126.48984109271656,5240.0966796875,595.6198843486935,47.11261143182204,1708,2.718578436063893,0.2150353486691643,14938,0.6987502085528394,68.18127759842896,0.3189294546880525,1,0.0045642842146491,2.6150430941536005
NP0105402,Koshi,Morang,Miklajung,1,158.39897152629055,87.61227115210373,26.780867058675916,173.13790227279944,982.4114624023438,23546.75470910072,1962.2295590917272,2365.6620741844176,1687.9753373579545,1923.036199951172,2092.126032066345,174.34383600552874,673.6358553394881,140.5522003173828,2402.4345703125,2261.882369995117,528.4971732073309,16.906751368636154,60.072363693492335,169.09054312517372,0.0641947933939556,-0.3330627681346128,0.6892961420717908,66.01965626442107,0.4167934654390312,19,662.6,662.6,192.3,192.3,1,78.37460317460318,0.0,1.9873015873015871,16.457142857142856,0.419047619047619,2.7301587301587302,0.0,0.0317460317460317,0.0,0.0,78.37460317460318,2,20615.68761062622,130.15038804847603,124.19088922063987,773.567138671875,541.4286619901683,17.071055667583888,1388,3.41813243339338,0.1077725158382767,14210,0.6364695722855546,89.71017843787874,0.4018142076004043,14,0.0883844122540677,1.352056727430274
NP0105403,Koshi,Morang,Kanepokhari,0,82.00709856470232,87.50035123641395,26.596422810224137,182.8300478099024,977.9983215332032,24864.88650214672,2072.0738751788936,2510.075061798096,1778.0696050470526,2052.7229766845703,2214.501883745193,184.5418236454328,109.4911452604295,75.5,188.7566070556641,113.25660705566406,24.383002349966453,2.1914630818510443,28.223945697110157,178.94080300605262,0.0044458530240478,-0.2404648026700206,0.6777849610754467,39.63982127730283,0.4833706102408638,8,638.6,638.6,227.4,227.4,1,40.23255813953489,0.0,1.0648714810281517,56.27906976744186,0.8445532435740514,1.481028151774786,0.0,0.0979192166462668,0.0,0.0,56.27906976744186,2,30292.6414642334,369.390479536756,150.7096590260368,393.969970703125,390.39629132345937,27.162256765738352,1290,4.760518274103342,0.3312183608630874,14080,0.7246286863741722,171.69245402446597,0.8836170271314397,4,0.0487762653478596,1.6685076110243475
NP0105404,Koshi,Morang,Budhiganga,0,56.23141054217679,87.29809921663013,26.561329036144063,158.32122970591573,829.3468627929688,21531.68724000454,1794.3072700003784,2226.389710903168,1530.4861415516243,1769.2670288085938,1864.7486605644224,155.39572171370187,88.3089320344222,71.06025695800781,110.2654266357422,39.205169677734375,7.171041732137203,1.4568900076613085,17.234260228807493,190.36211279668456,-0.0280463766388501,-0.1533838616635879,0.9215607266096963,20.66502294255458,0.36749963664978,3,639.9,639.9,177.4,415.7,1,20.372693065758824,0.0,1.254255509765275,69.43200143343486,8.475183658842502,0.3941945887833721,0.0,0.0716717434151585,0.0,0.0,69.43200143343486,3,126313.43313837051,2246.314505015452,114.00129344618276,977.796875,326.7635469696706,50.34449993568271,1200,5.811050155403431,0.8953092133074173,16558,1.3432926485105845,294.46175794542,2.388865289984212,22,0.3912404079477738,1.584586077397761
NP0105405,Koshi,Morang,Gramthan,0,71.59905300460544,87.35536544003057,26.55384934821648,162.4911105001674,890.2532653808594,22098.79102802277,1841.565919001897,2267.8050310611725,1570.9286984530363,1838.867904663086,1882.7373082637787,156.89477568864822,88.50283066401258,72.10710144042969,112.69837951660156,40.59127807617188,6.682589232056063,1.2777740785552132,16.554120308722094,184.02349957706957,-0.0128715506975922,-0.1829931531906883,1.1871048790926069,26.779429092274064,0.3740193196487046,3,642.1,642.1,324.4,324.4,1,16.738435893874147,0.0,1.3196277260730658,78.524795110432,2.7364911793304625,0.5973051812751772,0.0,0.083344909015141,0.0,0.0,78.524795110432,2,26662.68128681183,372.3887421401623,38.69765063397944,161.06256103515625,281.80133037689376,15.958489794189598,682,3.9358248266044464,0.2228868836179035,16675,0.6982101868558253,232.8941417553025,0.9751667900005808,8,0.1117333213818543,1.1400400504229096
NP0105406,Koshi,Morang,Katahari,0,51.42249298610134,87.34324625598215,26.48710472370412,165.35229393664528,899.0579223632812,22487.91197538376,1873.9926646153133,2311.067967891693,1601.9474695379083,1874.9183807373047,1916.2696073055267,159.68913394212723,74.37326388626292,63.71327209472656,94.48464965820312,30.77137756347656,3.8889836972648686,1.0890822747204587,13.729540182849256,178.5067908866254,0.0037285816555134,-0.1430366465295716,0.4654661313695146,30.697778265816467,0.596971801311025,5,642.1,642.1,324.4,324.4,1,10.435464888191447,0.0,3.785798352295018,78.65829737151824,5.84542958022754,0.902314633189486,0.0,0.372695174578266,0.0,0.0,78.65829737151824,3,21248.072327136997,413.2057995103427,23.349530029820876,119.987548828125,218.34445385733628,14.94525017690986,587,4.246088456200504,0.290636437656753,15191,0.7567573232318284,295.41547128230206,1.4716465097022184,2,0.0388934857853073,2.821398741507986
NP0105407,Koshi,Morang,Jahada,0,62.17302578279212,87.33279547703474,26.405719372722025,160.92326529324055,827.11279296875,21885.564079880714,1823.797006656726,2280.350809454918,1564.789103421298,1861.1527862548828,1840.9872434139247,153.4156036178271,64.14326784240545,56.0,81.72843933105469,25.728439331054688,3.253209938500179,1.3485923214558415,15.149514154608298,177.35361805194356,0.003836364761489,-0.0830005583608507,0.0752024409989925,16.895734986442296,0.2717534617901546,4,622.5,622.5,88.1,513.0,1,18.537057968674308,0.0,0.4521233650896173,78.65331826255449,2.3090586145648317,0.0322945260778298,0.0,0.0161472630389149,0.0,0.0,78.65331826255449,2,32619.4330034256,524.6557102976611,42.80765486013858,144.5873260498047,212.1464216509111,0.0,478,3.4121939374812875,0.0,13896,0.4706394534821717,223.50528746255827,0.7569833501853346,1,0.0160841456147494,5.688310769678198
NP0105408,Koshi,Morang,Dhanapalthan,0,70.02530583428648,87.4025592741964,26.4567181272384,171.71311696604187,912.8819580078124,23352.98390738169,1946.081992281808,2473.7193615436554,1671.2102795225203,2020.9833475748696,2004.8914292653403,167.0742857721117,69.0800002252913,59.76085662841797,89.57486724853516,29.814010620117188,4.011943892414206,1.155609097012213,15.63220790316276,178.768912543481,0.0027706951363463,-0.1289304883114421,0.8781922428290546,22.184587144850013,0.3168081435781145,5,618.5,618.5,123.4,729.5,1,13.211877779371685,0.0,1.5636207143881795,81.29393200401664,3.127241428776359,0.5738057667479558,0.0,0.2295223066991823,0.0,0.0,81.29393200401664,2,31906.103399276733,455.6367590136901,52.04910831855911,182.26622009277344,255.96061376501987,8.367636398650543,661,3.655258777030488,0.119494464164889,14191,0.4865582992598228,202.65530911900225,0.6948320945734296,4,0.0571222067843005,3.1892159264782616
NP0106201,Koshi,Sunsari,Dharan,1,191.99557379453768,87.27438879371518,26.80083955900835,149.48344720511878,738.9151524135044,20329.748819896155,1694.145734991346,2032.0992995670863,1481.051390808898,1672.586883544922,1859.2179772513248,154.93483143761043,477.8024374472019,116.49950408935548,1792.429443359375,1675.9299392700195,348.2313552444363,13.233762839995302,65.86802385390413,205.7300240913413,-0.1448038637320089,-0.3004771557907433,1.6272525071250792,69.56279201532804,0.3623145609063365,12,710.6,710.6,126.9,126.9,1,85.74328544659588,0.0052050801582344,1.322090360191547,5.116593795544452,6.423068915261294,1.348115760982719,0.0,0.0416406412658754,0.0,0.0,85.74328544659588,3,184962.239402771,963.36720554145,70.73125789780917,1375.91064453125,924.4995601110138,53.70512561358213,3688,4.815212881419645,0.2797206443470107,49856,3.247638718862486,259.67265294018154,1.6915174942199014,4,0.0208338136184356,1.6418132238878695
NP0106202,Koshi,Sunsari,Itahari,1,93.47933039953766,87.26489665276802,26.6726836705654,144.0328410986592,762.7882893880209,19588.46638941765,1632.3721991181374,1981.0701981385548,1430.7585208777225,1630.1648152669272,1744.0903833707173,145.3408652808931,118.43091907015564,86.9772720336914,200.30523681640625,113.32796478271484,22.015667411268492,1.6985473379808171,23.69743728026908,206.34306280121217,-0.1146421673728955,-0.2315225537327946,0.4457664889501726,32.311707417237145,0.3456561710394639,5,664.3,664.3,169.9,169.9,1,29.548137812600626,0.0,0.9659761725877428,54.91037887732103,13.791993130836106,0.5903187721369539,0.0,0.1824621659332403,0.0107330685843082,0.0,54.91037887732103,3,632314.0159854889,6764.212080712725,128.51910894014003,859.2232666015625,679.7916279484625,39.82309732555066,2987,7.272106304602121,0.4260096553467356,53110,4.593878611587479,568.1469879277471,4.914325543361187,12,0.1283706242728857,1.424561351295527
NP0106301,Koshi,Sunsari,Barahachhetra,0,221.4141435365286,87.13344914046245,26.754678810854983,162.4341166358368,813.2112087673611,22091.039862473805,1840.919988539484,2222.1194858815934,1628.645762433909,1871.0235358344185,2023.770080645879,168.64750672048993,155.6203619051127,67.43769836425781,878.05810546875,810.6204071044922,136.6617749670991,4.845828742579388,58.14247537310094,238.8332010686412,-0.1179270225825605,-0.0713257776029302,0.887926186494215,38.1188776064607,0.172160987539497,16,710.6,710.6,117.2,117.3,1,39.78558124744469,0.0272566210875391,5.842002453095898,38.840685049743335,1.5218280107209377,4.579112342706583,0.0,9.394448734838504,0.009085540362513,0.0,39.78558124744469,4,260276.12831115723,1175.5171740788874,185.91152022225515,1171.0018310546875,709.5470598562389,84.34490039177606,1927,3.2046148837785458,0.3809372745777686,25422,1.5091658578016234,114.81651349795509,0.6816031865428882,8,0.0361313865149728,0.636621999029299
NP0106302,Koshi,Sunsari,Ramdhuni,0,91.41546220408796,87.18051685373128,26.687557368556067,158.6691058663761,811.4370930989584,21578.99839782715,1798.2498664855957,2177.6039901574454,1581.241232669715,1800.512196858724,1952.917253812154,162.74310448434616,101.67707692948964,82.0,150.13821411132812,68.13821411132812,9.350163857529967,1.473953696949313,22.892858866171448,233.36693584777612,-0.1781110898487065,-0.1324365121969615,0.4041009700002747,47.39536840493552,0.5184611800039235,10,710.6,710.6,126.9,126.9,1,24.491366985593316,0.0,0.5388760585065435,71.67051578137028,2.936324645331574,0.2639392939623886,0.0,0.0989772352358957,0.0,0.0,71.67051578137028,2,139964.35528564453,1531.0796654199437,89.89361290022129,344.6116027832031,354.6223951787359,13.50449404943602,1104,3.8792386608189977,0.1477265850200133,19479,1.1414064521970428,213.0821146701912,1.2485923329346802,2,0.0218781369341538,2.5864288533218835
NP0106303,Koshi,Sunsari,Inaruwa,1,77.68210763754576,87.16230540072985,26.60703763532864,150.99304980098032,793.4757283528646,20535.054772933323,1711.2545644111103,2080.473994731903,1482.570512713808,1698.0992838541667,1844.7540632883704,153.72950527403088,86.43379635552161,73.00299072265625,107.23675537109376,34.2337646484375,4.836397960688437,1.2449202536914494,16.743786095088332,207.276127732883,-0.0671731550671885,-0.1302787581372253,0.7095696643081498,30.342057845164497,0.3905926186598393,5,664.3,664.3,169.9,169.9,1,19.82282706380793,0.0,0.924380536654256,73.06457825138015,5.969957632558737,0.1925792784696366,0.0,0.0256772371292848,0.0,0.0,73.06457825138015,3,239347.1415691376,3081.11029486866,67.10040414049273,364.3123474121094,355.96524695924165,24.440634971489995,960,4.582332505962989,0.3146237365948759,20014,1.1912474023169524,257.63976556072123,1.533490064243818,52,0.6693948140880136,0.5598092815288738
NP0106304,Koshi,Sunsari,Duhabi,0,67.54169383687402,87.24637227880615,26.554480867299056,153.91933565893595,804.8054504394531,20933.029649615288,1744.4191374679406,2143.9089682102203,1492.702667236328,1753.3186950683594,1820.3340981006625,151.69450817505518,84.56764292680016,68.9652099609375,106.75753021240234,37.79232025146485,6.579267140547215,1.265667984558828,16.267708561958017,206.38803645355603,-0.0648016423082396,-0.1306105316282861,0.3717664940867733,19.18329313407123,0.2840214990817748,6,639.9,639.9,177.4,415.7,1,15.524911032028472,0.0,1.290035587188612,76.24555160142349,6.494661921708185,0.3558718861209964,0.0,0.0889679715302491,0.0,0.0,76.24555160142349,3,615020.6460990906,9105.792454427956,227.36437933422943,1236.3343505859375,328.83403039163454,40.46637285948312,1015,4.868607991766257,0.5991317445668015,17537,1.344213465414422,259.64702695131064,1.9901980377645727,59,0.8735345036281763,0.3715894711941775
NP0106401,Koshi,Sunsari,Koshi,0,75.77210139298901,87.00706098769726,26.56706343588875,146.86999663885902,675.1136169433594,19974.319542884827,1664.5266285737357,2122.7529854774475,1427.2229718295011,1695.797348022461,1762.2173767089844,146.85144805908203,79.31815054033306,70.5,94.4025421142578,23.90254211425781,3.20960800665594,1.0282259845932324,14.694695572017508,189.27797898891447,-0.0106125723805679,-0.0649636666752159,1.9940716235115428,21.364681666325392,0.281959735490485,7,757.9,757.9,47.8,55749.0,2,18.084260731319556,0.0,12.360890302066773,54.53100158982512,4.319024907260202,2.927927927927928,0.0,7.604663487016428,0.1722310545839957,0.0,54.53100158982512,4,172955.24095916748,2282.5715240777336,159.25896957566067,483.5348510742188,239.91396694348853,19.76691220610479,715,3.1662572705907177,0.2608732217097224,11161,0.5571917574775107,147.2969575188883,0.7353521246397241,4,0.0527898781538888,6.573082649752449
NP0106402,Koshi,Sunsari,Bhokraha Narsingh,0,63.1853363636253,87.0975926000744,26.591754366013294,150.65572065757772,746.99365234375,20489.17800943057,1707.4315007858806,2148.4708925088244,1462.6106632117069,1726.8914184570312,1838.8195503552756,153.2349625296063,81.7183777284524,74.5,104.05746459960938,29.55746459960937,3.5720448987463964,1.2452204179762951,19.154657191181013,180.8599815016049,-0.0013631452279256,-0.0908119570894091,1.29588275251186,32.18265236964334,0.5093373592954447,3,689.8,689.8,180.4,424.7,1,24.655799968349424,0.0,0.5697103972147493,70.43836050007913,4.257002690299098,0.0633011552460832,0.0,0.0158252888115208,0.0,0.0,70.43836050007913,2,166586.51213645935,2636.4742474071927,40.248009697139246,362.2277526855469,213.9280247426003,5.593771027093102,459,3.3857226542479077,0.0885295758323024,10408,0.5984287638252802,164.72176297524155,0.9471007013104789,10,0.1582645685772882,0.91755143283557
NP0106403,Koshi,Sunsari,Gadhi,0,66.86561920770576,87.19659733821823,26.56059755414029,150.4278120778355,781.2640584309896,20458.18244258563,1704.8485368821357,2102.1554250717163,1458.7307235255385,1702.73823038737,1791.177367369334,149.26478061411115,82.16371017584835,69.42977142333984,110.2411117553711,40.81134033203125,6.413392425526854,1.0913324125560575,16.46903420902724,206.5857122033796,-0.0723919127910961,-0.1446533959617423,0.6985833266087935,18.587190669309845,0.2779782927242796,6,664.3,664.3,169.9,169.9,1,12.432594367884962,0.0,0.359496704613541,85.59017375674057,1.5877771120431396,0.029958058717795,0.0,0.0,0.0,0.0,85.59017375674057,2,128996.10929107666,1929.184397296523,123.4412529101212,332.9349365234375,247.97295508729093,3.7377387063137664,651,3.708527013217488,0.0558992610941531,12172,0.5461562389676232,182.0367498907012,0.8167968014639768,35,0.5234379104645532,0.6747002410647933
NP0106404,Koshi,Sunsari,Harinagar,0,52.14188243083058,87.11334502705793,26.49873272219957,153.72230005790206,771.1912841796875,20906.23280787468,1742.18606732289,2192.03723359108,1481.6773827292702,1773.5408630371094,1791.267484664917,149.27229038874307,74.71968376561176,68.91448974609375,90.14044189453124,21.2259521484375,2.7496988416655226,1.3158067935541038,14.561083725444249,169.01540624815505,0.0133663081229081,-0.0688625469901062,1.5374585154904783,8.800910089303173,0.1687877322223286,2,674.0,674.0,106.9,531.6,1,20.003843197540352,0.0,0.4035357417371253,73.25134511913912,6.22598001537279,0.0960799385088393,0.0,0.0192159877017678,0.0,0.0,73.25134511913912,3,220257.99591064453,4224.2049124872,162.5520265023207,568.2677001953125,163.31513621309895,6.448293865998717,340,3.132129654692589,0.1236682215022209,10940,0.5794620990194412,209.8121412189632,1.1113179501874209,5,0.0958922034821586,0.9761287335061318
NP0106405,Koshi,Sunsari,Dewangunj,0,53.40158019387734,87.15053962903282,26.45243753308732,156.14490155262106,785.7220458984375,21235.706611156464,1769.642217596372,2290.924204826355,1506.373500477184,1876.0001831054688,1767.481966495514,147.29016387462616,70.75639688559218,62.5,85.75508880615234,23.255088806152344,2.6589656219930293,1.5068163378603654,14.153451163989155,145.34990440394145,0.031763537054064,-0.0459578484408067,0.9548064417445286,11.374869289618712,0.213006230308572,6,639.9,639.9,152.9,322.6,1,24.41287878787879,0.0,0.2272727272727272,70.35984848484848,4.943181818181818,0.0568181818181818,0.0,0.0,0.0,0.0,70.35984848484848,2,134600.21980667114,2520.5287805716184,142.28353045102656,521.7241821289062,214.32659442837604,13.733255699489057,484,4.01348787152462,0.2571694629565216,9589,0.463883081333886,179.5639747960007,0.8686692035137038,3,0.0561781128780896,1.2097327696133864
NP0106406,Koshi,Sunsari,Barju,0,69.21487151667974,87.20593214407752,26.459524427719973,160.30085816920973,832.535888671875,21800.916711012524,1816.743059251044,2319.687383174896,1542.0282241358902,1894.160435994466,1814.7864430745444,151.23220358954538,69.99934036942659,62.36268615722656,87.9621810913086,25.59949493408203,2.8331050569602114,1.1572552368950273,19.027075876437483,208.42394159360276,-0.0379265845062614,-0.0700737486189868,0.8377402743371876,22.861257976282104,0.3302940173886314,11,639.9,639.9,152.9,322.6,1,12.362318840579707,0.0,0.5072463768115941,84.78260869565217,2.1159420289855078,0.0434782608695652,0.0,0.1304347826086956,0.0579710144927536,0.0,84.78260869565217,2,151974.76929473877,2195.6953175606945,213.44770968362187,394.2770385742188,316.0443054659044,21.685810333773723,761,4.566132950051673,0.3133114294454447,11418,0.5214474804897085,164.9645480776257,0.7533749164932676,4,0.057791048547075,1.4907585461669994
NP0106595,Koshi,Sunsari,Koshi Tappu,0,66.83408519694287,87.02307424373016,26.65248215279442,153.95378578322774,703.3126525878906,20937.71486651897,1744.8095722099144,2160.1241788864136,1512.2143894542348,1774.224853515625,1884.8900277614596,157.0741689801216,86.25105744730782,79.0,101.40779113769533,22.407791137695312,3.805419070904209,0.9728797040465644,16.115054056946757,345.9622137076228,-0.0468591048187806,0.1874149711164114,0.8148373519670251,41.59232125566764,0.6223219953277698,5,764.7,764.7,153.8,1120.2,2,20.10723860589812,0.0744712540959189,7.670539171879655,18.036937742031576,0.0,9.100387250521296,0.0,44.98063747393506,0.0297885016383675,0.0,44.98063747393506,5,0.0,0.0,0.0,0.0,30.07905380506708,24.35438960178945,23,0.4500555923887016,0.3644007325008387,13,0.0003393774604673,0.1945115274891897,0.0005077909863916,0,0.0,2.819517362020922
NP0107301,Koshi,Dhankuta,Mahalaxmi,1,128.9713165209247,87.33002401165119,27.13697430974354,108.89103401700656,433.833485921224,14809.180626312893,1234.0983855260745,1451.8618786334991,994.9748447302616,1166.1091079711914,1476.9914646148682,123.082622051239,1210.4329114565885,231.5,2665.9326171875,2434.4326171875,580.5410103521771,23.513002876755884,67.64100885325176,272.36978935252625,-0.3543815385481407,0.0146658064464082,0.0244901154068785,37.82102450103889,0.2932514416482885,11,848.9,848.9,178.1,29059.5,1,84.27634118101119,0.0,6.55345426476264,8.606715553840216,0.1157854110382091,0.1312234658433037,0.0,0.3164801235044384,0.0,0.0,84.27634118101119,3,757.487548828125,5.873302446325171,757.487548828125,757.487548828125,338.95069720616897,60.4452386645368,246,2.628109151317972,0.4686719519896502,4122,0.190912035576765,31.9605948918978,0.1480267401517847,13,0.1007976064033652,2.774816444043118
NP0107302,Koshi,Dhankuta,Pakhribas,1,143.84162270288724,87.25176857444906,27.05246419587281,85.15297465749524,362.6868591308594,11580.804553419352,965.0670461182792,1136.4575823545456,791.1876964569092,907.2882270812988,1113.634679555893,92.80288996299107,1042.8963875483716,180.0,2150.926025390625,1970.926025390625,434.1787695045763,22.339869482176624,65.67547165445188,284.10615677978967,-0.2801801256846052,0.070408390676549,2.6686567936971444,37.853070997902165,0.2631579808863096,11,814.3,814.3,190.2,30066.9,2,79.5320008357128,0.0348213663904171,8.189985375026115,11.128908698377325,0.1949996517863361,0.2228567448986698,0.0,0.6964273278083433,0.0,0.0,79.5320008357128,3,2985.217947125435,20.75350577274539,28.98269851578092,147.7725067138672,343.14162474107474,52.65547724233981,263,2.385551680335619,0.3660656509076138,6169,0.2881106627168636,42.88744720811728,0.2002971443891258,4,0.0278083625923924,2.4529809983626296
NP0107303,Koshi,Dhankuta,Dhankuta,1,110.48386863117132,87.32829337054572,26.983176818403937,94.730100516449,462.0863876342773,12883.293670237064,1073.6078058530886,1271.270024240017,866.7578483928334,991.74174118042,1248.547954916954,104.04566290974616,1077.8406005124734,225.0,2192.330078125,1967.330078125,429.2136615783445,24.10406176964698,61.13906741796757,151.2127210614567,0.1666593378197817,-0.3033117082722142,1.1629142743361316,35.11920440815495,0.3178672582998836,12,830.9,830.9,130.8,5968.3,2,84.47595118449391,0.0,5.330222541277817,7.959440057430007,1.0678391959798994,0.7627422828427853,0.0,0.4038047379755922,0.0,0.0,84.47595118449391,3,23882.691368103027,216.1645103850472,112.65420456652372,2185.68115234375,404.7354170225021,57.2547882459176,522,3.663298742494542,0.5182185323094674,19978,0.9114217900152703,180.82277754676227,0.8249365281169442,70,0.6335766557349765,1.619478080226695
NP0107401,Koshi,Dhankuta,Shahidbhumi,1,99.24209484475176,87.21620006663643,26.954840537365754,114.2957812239142,567.9605529785156,15544.226246452332,1295.352187204361,1535.0120216846467,1094.703915682706,1241.732568359375,1479.761782360077,123.31348186333976,750.4709605292496,116.0733871459961,1658.0528564453125,1541.9794692993164,368.66682291324753,26.76730223057098,64.02315759576715,253.29821010073024,-0.09875739164827,-0.0296320002762398,1.7271505725711824,38.96465328642552,0.392622237039428,15,814.3,814.3,190.2,30066.9,2,87.49246534056661,0.0100462125778581,5.645971468756279,4.972875226039783,0.0602772754671488,0.5726341169379143,0.0,1.2457303596544105,0.0,0.0,87.49246534056661,2,6655.36848449707,67.06195082750239,316.9223087855748,844.4066162109375,195.08204222330687,46.50800513089624,98,1.9657187056408,0.4686318361543104,1995,0.1054561700957566,20.10235679850225,0.1062615317227289,1,0.0100763693225575,2.036171566735806
NP0107402,Koshi,Dhankuta,Chhathar Jorpati,1,102.48584266179202,87.38784654992511,27.026673231362185,109.18080622553826,519.7820373535156,14848.589646673205,1237.3824705561003,1456.479207086563,1016.174052845348,1178.7936004638673,1438.4499816894531,119.87083180745442,1318.2369195877698,286.0,2701.170166015625,2415.170166015625,500.17488307446087,23.17869045869489,67.13599908446278,139.99516814507135,0.0495900563772525,-0.0590890072222219,1.0676419228699336,18.18941863717888,0.1774822567172014,11,846.7,846.7,164.4,5707.8,2,80.45865319210961,0.0,6.461957049849383,11.75784666213196,0.1846273442814109,0.5733164901370129,0.0,0.5635992614906229,0.0,0.0,80.45865319210961,3,3524.5572509765625,34.39067445254622,1762.2786254882812,1764.1170654296875,255.6251968235992,21.70115272911545,207,2.4942488658377338,0.2117478098973167,5022,0.2505310918595795,49.00189011054756,0.2444543415487577,52,0.5073871536735312,0.2355350161989498
NP0107403,Koshi,Dhankuta,Sangurigadhi,1,165.90500905816637,87.30735505713263,26.89607643533734,104.79156588397774,532.8190053304037,14251.652960220972,1187.637746685081,1430.99385368824,964.9777608929256,1115.6772232055664,1350.6303545633953,112.5525295469496,886.6323134640486,106.33204650878906,2043.0322265625,1936.700180053711,407.625848731615,27.96385958226146,61.48942283841141,352.6304421769002,-0.0364568149575278,0.2818744189582798,0.3040404220954853,54.13185046585849,0.326282194691782,22,813.3,813.3,113.4,6081.6,1,90.4459753444525,0.0,3.837321730722746,3.710418177423253,0.1389896059946821,1.160261058738216,0.0,0.7070340826686003,0.0,0.0,90.4459753444525,1,2491.7697916030884,15.0192559329506,67.34512950278618,530.129638671875,395.8747064849241,67.91927708557745,543,2.386152827646875,0.4093865367366028,8124,0.3182194004271742,48.96778009367832,0.191808193274988,12,0.0723305466671762,1.2279338893616207
NP0107404,Koshi,Dhankuta,Chaubise,1,147.08723620199078,87.47496825049537,26.91414155607453,135.41886002234384,704.5199890136719,18416.96496303876,1534.74708025323,1855.1704023679097,1278.9106863773231,1467.36430867513,1762.9917169411976,146.91597641176648,1161.8059374049578,299.5,2268.647216796875,1969.147216796875,417.3905640654438,25.63987314162247,59.70958423373138,345.7813138020152,-0.0451355272497627,0.1781295597690075,0.7425949044619189,31.280636571427813,0.21266724006202,16,846.7,846.7,164.4,5707.8,1,83.34921066956996,0.0,7.253674469243332,7.750408274360371,0.0680457267283614,1.1771910724006531,0.0,0.4014697876973326,0.0,0.0,83.34921066956996,3,2596.840356349945,17.65510334821831,8.14056538040735,743.9591674804688,386.3578806566807,41.04042266560723,629,2.6267260887688875,0.279020965553038,8282,0.3693364431654076,56.3067211938537,0.2511002672306713,16,0.108778983228889,1.696493498113003
NP0108301,Koshi,Terhathum,Laligurans,1,89.95728126377281,87.44801376663312,27.127914179178998,118.98545997458346,472.28542073567706,16182.02255654335,1348.5018797119458,1591.9085974693298,1108.2487090139678,1303.6941019694011,1602.0768454869587,133.5064037905799,1784.158802545716,558.7627563476562,3016.96337890625,2458.2006225585938,503.933375572355,25.42846864298589,63.112590801616,113.509213088327,0.3486515053330121,-0.1516646557654167,0.0685323560625119,19.468983048987877,0.2164247604582546,8,867.2,867.2,161.2,161.3,1,83.093763821318,0.0,10.183547103051747,6.612118531623176,0.0773993808049535,0.0331711632021229,0.0,0.0,0.0,0.0,83.093763821318,3,3638.2767333984375,40.44449412305247,1819.1383666992188,1845.55712890625,245.87040673827244,26.37636882155107,217,2.733190724354275,0.2932099375503608,6570,0.2863298588556237,73.03466609595993,0.3182953673489165,26,0.2890260758744228,0.5051127221533419
NP0108302,Koshi,Terhathum,Myanglung,1,99.86079582732602,87.52598696582625,27.138710282831997,123.101818021606,456.7981363932292,16741.847250938416,1395.1539375782013,1645.019059975942,1131.2476543079722,1345.4356486002605,1661.3265439669292,138.44387866391077,1400.4120123238267,361.5,2907.10546875,2545.60546875,540.1272707013164,23.928749135712003,62.55029047984343,137.62385603476838,0.1609992735489715,-0.176464201103787,1.9582431684266572,27.166042564931573,0.2720391154493266,11,867.2,867.2,161.2,161.3,1,73.66362451108213,0.0,16.95918162671748,8.564838030287834,0.3610470364055761,0.120349012135192,0.0,0.3309597833717781,0.0,0.0,73.66362451108213,3,0.0,0.0,0.0,0.0,268.70238190855696,67.28933377583644,217,2.690769482482223,0.6738313390991755,7097,0.3745093208066216,71.06893091731169,0.3750313801366086,7,0.0700975787545697,1.7079839646834076
NP0108401,Koshi,Terhathum,Menchhayayem,0,69.84600618961649,87.52078205411559,27.24415107403529,125.52926664142048,442.9985860188802,17071.980263233185,1422.6650219360988,1636.1506164868672,1144.238791263465,1328.1365305582683,1716.8774331410727,143.07311942842273,2135.86222951282,1077.613037109375,3045.5322265625,1967.919189453125,405.3836208982801,21.30929740525748,59.60278895708358,166.2796420442237,0.0956070379229875,-0.3915910955768699,1.0363615307743197,23.242483063276737,0.3327675314774409,11,875.3,875.3,159.2,159.2,1,82.21326809612894,0.0,14.865448265937545,2.878111958555188,0.0431716793783278,0.0,0.0,0.0,0.0,0.0,82.21326809612894,2,0.0,0.0,0.0,0.0,130.4210204612504,15.590841740125086,121,1.867265253609292,0.22321736904755,3380,0.1643748294657674,48.3921727868598,0.2353389097431369,9,0.1288548979531769,0.8996126651001922
NP0108402,Koshi,Terhathum,Phedap,1,110.43398454894792,87.58450128018201,27.180313898305293,132.3424222640255,462.56127166748047,17998.569427907467,1499.8807856589556,1787.5424347519877,1210.7469180714,1468.024024963379,1771.5208510160446,147.6267375846704,1446.9036021463828,381.5,2700.084228515625,2318.584228515625,477.7412435592465,24.857485140166315,64.1923850423404,149.1992099481396,0.1211790790633334,-0.2032734233773695,1.5212639540060304,33.91801073119774,0.3071338127455156,19,875.3,875.3,170.6,4755.1,1,78.4727863525589,0.0,13.674519360953155,7.581911724884917,0.0090260853867677,0.0992869392544453,0.0,0.1624695369618196,0.0,0.0,78.4727863525589,3,0.0,0.0,0.0,0.0,299.5140031702539,46.9893831769087,234,2.712154273827723,0.425497489462417,5610,0.2465857549955164,50.79957970287186,0.2232879271744664,7,0.0633862848342429,2.244101906241984
NP0108403,Koshi,Terhathum,Aatharai,1,166.4450529987305,87.66104233629342,27.21422204302285,131.2872197784546,460.1295471191406,17855.061889869827,1487.921824155819,1755.168336902346,1156.6709053733132,1408.125983101981,1781.1585024424962,148.42987520354134,1314.0386952235522,393.0,2721.971923828125,2328.971923828125,497.6227011176154,23.600986633047818,65.84771853472988,164.62115757340342,0.0474751977289822,-0.1726065499344223,3.0119164733804924,50.22902866729965,0.3017754373732138,24,887.5,887.5,169.1,4032.5,1,72.99957726915876,0.0,23.618576000966243,2.6813213358294585,0.0483120961410713,0.0905851802645087,0.0,0.561628117639954,0.0,0.0,72.99957726915876,2,0.0,0.0,0.0,0.0,389.7460491108171,41.28491862499722,210,2.341589864577049,0.2480393251778537,7489,0.3327476636038777,44.99382748285778,0.1999144207706886,22,0.1321757517189039,1.141139904971069
NP0108404,Koshi,Terhathum,Chhathar,1,133.4627371352217,87.47899743633293,27.04031177245364,119.61384326745484,525.59150390625,16267.482684373856,1355.6235570311546,1599.560304403305,1129.0915974010122,1324.5087158203123,1596.34294424057,133.02857868671416,1115.9798486780626,314.0,2684.617431640625,2370.617431640625,459.5273254636247,23.50026763574037,59.01924938335619,150.4152330055538,0.0876847963414008,-0.1544487514665768,1.1168546158432964,44.764557152972,0.3354086549837313,13,854.4,854.4,222.0,5341.8,2,68.75891583452211,0.0,21.818454838951872,8.348975148284406,0.0225242135295442,0.3979277723552819,0.0,0.6532021923567836,0.0,0.0,68.75891583452211,3,0.0,0.0,0.0,0.0,333.7335066616747,15.611988814924484,291,2.5005744211850147,0.1169763871926794,7635,0.3032135768181206,57.20697899567559,0.227189688542736,76,0.5694473351239483,0.3775742478905762
NP0109301,Koshi,Sankhuwasabha,Khandabari,1,122.4030889883923,87.19289179209005,27.39896055495797,159.6036131662481,592.67724609375,21706.09139060974,1808.8409492174785,2184.125062227249,1459.535937916149,1715.5550079345703,2335.413565158844,194.61779709657037,895.1820507690904,272.5,2180.99609375,1908.49609375,411.5116822120851,21.33834258930993,66.53576305318349,193.15545934178044,-0.0576949772552675,-0.2468467863346858,1.3109042405259854,39.61722148100184,0.3236619419364392,17,870.2,870.2,189.4,27826.0,1,73.3833482834543,0.0,15.697627008073065,8.382940552882655,0.4811220745331485,0.7094511946505749,0.0,1.3455108864062628,0.0,0.0,73.3833482834543,3,19470.37163925171,159.0676493556312,142.11950101643583,296.7695007324219,589.0643187392831,56.65168917586267,1048,4.812495531016746,0.4628289175057914,18694,0.9166271025989596,152.72490387699926,0.7488594529553785,8,0.0653578276995824,0.7579886643395372
NP0109302,Koshi,Sankhuwasabha,Panchakhapan,1,147.56182254842764,87.30705719417821,27.35494501987144,130.5242777495992,469.55174763997394,17751.30177394549,1479.275147828791,1748.1335270404816,1201.330680847168,1370.816121419271,1867.434164206187,155.6195136838489,1141.593301100483,283.0,3553.5068359375,3270.5068359375,619.4992750098945,24.10645632602653,60.93083582977185,207.29936550344743,-0.1014904229545865,-0.1966394351311982,0.7665892166986886,43.41576447906652,0.2942208474337466,15,870.0,870.0,127.8,397.3,1,86.02492887142662,0.0,10.906381249153233,2.96030348191302,0.0135482996883891,0.0880639479745292,0.0,0.0067741498441945,0.0,0.0,86.02492887142662,2,3831.0120849609375,25.962081646854525,1277.0040283203125,1547.9560546875,356.53770959677,56.363469070022845,287,2.41619209792397,0.381965118732016,10005,0.327585309047653,67.80209018302484,0.2219986873231687,37,0.2507423624959439,0.758861530607946
NP0109303,Koshi,Sankhuwasabha,Chainapur,1,222.96030076977644,87.36116325364429,27.30520053337292,125.69997032099413,438.6477835518973,17095.1959636552,1424.5996636379332,1680.282078129905,1143.483383178711,1287.780469621931,1773.4142561640058,147.7845213470005,1555.5406928270522,261.4686889648437,3700.389892578125,3438.921203613281,811.5410955358406,25.340216678603102,67.5815203344224,249.92609613974625,-0.2245620418925164,-0.0820620799580501,1.3127008032311958,71.21452996291421,0.3194045294926681,32,868.9,868.9,138.7,138.9,1,83.7752808988764,0.0,12.880898876404496,2.647191011235955,0.0719101123595505,0.2696629213483146,0.0,0.3550561797752809,0.0,0.0,83.7752808988764,2,9780.381103515623,43.866020406989925,575.3165355009191,2103.69921875,602.0536236343784,60.28299134284391,538,2.700272746115663,0.2703754486099779,15120,0.6217892377110739,67.81476320133133,0.278878901564238,58,0.2601359964072233,0.1337209261854239
NP0109304,Koshi,Sankhuwasabha,Dharmadevi,1,132.394224803784,87.34606120361612,27.207872689497936,121.4092846232302,411.2125854492188,16511.662708759308,1375.971892396609,1621.0078941980996,1063.98938219475,1220.3884023030598,1685.841500600179,140.48679171668158,1532.9735141899646,251.0,3009.766357421875,2758.766357421875,673.9301555617487,23.913422650018436,70.6732298331164,326.12334673746574,-0.1666201661314096,0.2481753507797097,2.261116714261926,32.93326449383076,0.2487515187512128,13,869.1,869.1,111.6,111.7,1,86.04176123467998,0.0,8.654864578604933,4.705704342563172,0.1286124981086397,0.2420941140868512,0.0,0.226963231956423,0.0,0.0,86.04176123467998,2,10253.820922851562,77.44915564140601,2050.7641845703124,3253.605224609375,395.555664348824,113.16231177783828,313,2.9877108683181657,0.8547375230721088,10997,0.4303633850158904,83.06253551692454,0.3250620528604734,3,0.0226595986678888,0.9710121928378806
NP0109305,Koshi,Sankhuwasabha,Madi,0,109.7326064602378,87.41552429081246,27.25713513828451,120.46766451001167,422.3513488769531,16383.602373361588,1365.3001977801323,1556.9052639007568,1100.376487385143,1254.2599754333496,1684.625730395317,140.3854775329431,1899.3720271036143,551.7500610351562,3083.20947265625,2531.4594116210938,535.9700624866026,24.884416151564466,65.5751784634392,285.462544248267,-0.3749429822582474,0.1037169782189367,2.8849074748629624,35.392733031049794,0.3225361555945045,15,869.1,869.1,111.6,111.7,1,80.28002545685972,0.0,15.783253023002093,3.900354577688881,0.0272752068369851,0.0090917356123283,0.0,0.0,0.0,0.0,80.28002545685972,2,0.0,0.0,0.0,0.0,258.2737132526008,0.0,213,2.353664253351967,0.0,8891,0.322997261830711,81.02423050728957,0.2943493937216836,38,0.3462963400379039,1.7229142328153877
NP0109401,Koshi,Sankhuwasabha,Makalu,1,1190.7979945652169,87.22515244714747,27.684664740035192,142.79645322864866,644.8033155961471,19420.317639096214,1618.3598032580182,1998.5994904908268,1356.4375543988442,1649.355950615623,2027.202310632576,168.933525886048,3630.88227180856,545.0321655273438,8052.22705078125,7507.194885253906,1526.6723812794762,31.59672898446982,85.59277331241066,187.7959358293684,-0.0105954290677652,-0.077389344199393,0.7431759150139967,339.22198517886574,0.2848694629375171,159,912.8,912.8,191.8,192.0,2,48.2679971489665,0.0,16.45046329294369,0.0285103349964362,0.0058697748522074,6.949813425013626,21.5747767389208,0.387405140245692,0.0,6.335164144061045,48.2679971489665,5,2796.609142303467,2.348516839184435,699.1522855758667,1139.0003662109375,460.9115424245416,23.838237153040357,458,0.3870610670559865,0.0200187078428395,7471,0.2587894005781705,6.27394405608468,0.0217324350359407,65,0.0545852447658284,4.154562262063254
NP0109402,Koshi,Sankhuwasabha,Bhotkhola,1,730.979517327205,87.44864069815993,27.758984051377567,109.0572799838641,472.66182415301984,14831.79007780552,1235.9825064837933,1487.0323912913982,1028.9060316285888,1235.3600202707144,1530.228342276353,127.51902852302942,3485.688712126444,955.2758178710938,6149.2451171875,5193.969299316406,1122.1737468616898,31.469207754133084,85.51824076900895,205.47804535582904,-0.0556837679471862,-0.1168586632482984,0.6657307284593502,269.32254726228064,0.3684406209452309,111,957.3,957.3,233.7,233.7,1,47.91723610124091,0.0,23.91351883234024,0.0122997868036954,0.0027332859563767,14.650412726179413,3.0462471983818946,0.296561526266878,0.0,10.160990542830593,47.91723610124091,4,3693.400634765625,5.052673224374856,527.628662109375,632.3207397460938,279.4097017871834,0.0,262,0.3822401246054511,0.0,3123,0.1421591091557253,4.272349533703919,0.0194477554823319,31,0.042408849037727,1.6238746015614722
NP0109403,Koshi,Sankhuwasabha,Silichong,1,500.4766215448431,87.05386398384276,27.56051475029171,136.9953523789551,614.5488993326823,18631.36792353789,1552.6139936281577,1905.051664246453,1312.26610992894,1567.2042939927842,1980.441859059864,165.03682158832197,2761.7934281469925,381.0192565917969,6126.6796875,5745.660430908203,1130.224061868782,33.75797926650043,76.4415230703774,109.79286343115108,0.2202138098798686,-0.0792508670275266,1.2485502156775046,164.93545747394313,0.3295567672368584,76,898.7,898.7,228.4,228.4,2,75.14383890043152,0.0,13.103324276809971,0.027968675083906,0.0,3.064567684193703,2.934713121304139,0.1198657503595972,0.0,5.605721591817165,75.14383890043152,3,5058.820560455322,10.10800573429392,316.17628502845764,2052.047607421875,302.53623900682766,0.0,502,0.604496246144277,0.0,6167,0.2026463634739834,12.322253896623684,0.0404906752384289,25,0.049952383235867,1.9354806678930168
NP0109404,Koshi,Sankhuwasabha,Chichila,1,88.2647943250866,87.23182262282889,27.47997509103248,217.83606429777893,820.2582194010416,29625.704744497936,2468.808728708161,3088.5543324152627,1966.443938746597,2351.4170430501304,3187.3962586720786,265.6163548893399,1426.637658043703,403.8532409667969,2304.866455078125,1901.013214111328,385.4363641128706,26.69415733482761,67.17199279615843,26.1087811068776,0.0269517914832241,0.0549941162606681,1.0947839044461063,21.124349531894637,0.2393292783767432,9,892.3,892.3,126.9,27053.6,1,88.17800928547163,0.0,11.19918469029555,0.1358849507417053,0.0,0.0792662212659948,0.0,0.4076548522251161,0.0,0.0,88.17800928547163,2,3116.784736633301,35.311754368949444,42.69568132374385,178.74281311035156,201.4827799566788,14.402781839634992,171,2.2827083153289967,0.1631769716313884,2834,0.1264849751909495,32.10793183930324,0.1433017276685592,22,0.249250000163963,1.88113909468989
NP0109405,Koshi,Sankhuwasabha,Sabhapokhari,1,221.3556758217776,87.36152506004382,27.447427227208347,153.82306444344405,590.0771745954241,20919.936764308382,1743.3280636923653,2142.760488442012,1435.4907731886035,1667.4788295200892,2161.175275189536,180.097939599128,1927.6898251514265,363.2616882324219,4648.3564453125,4285.094757080078,952.9551203324808,32.52732198957891,73.72061955224096,259.98930720409254,-0.1600514616003184,-0.028252190198436,1.7148332141229712,74.48139660649649,0.3364783682640442,35,892.0,892.0,151.0,151.1,1,74.56286240841462,0.0,23.81894187980402,0.7326830583898953,0.0224749404414078,0.1708095473546995,0.0,0.0089899761765631,0.0,0.6832381894187981,74.56286240841462,2,2283.8262062072754,10.317450400712,1141.9131031036377,2248.8388671875,158.76740537042383,36.25614275598152,142,0.7172502118186203,0.1637913399843101,4197,0.168165061175565,18.96043543685401,0.0759705214475555,27,0.1219756389790465,1.4943353107004715
NP0110301,Koshi,Bhojpur,Shadananda,1,240.4480588915596,87.10876068793885,27.32996651902595,116.7944278315781,480.9308980305989,15884.042185094622,1323.6701820912183,1596.6945888201396,1086.6947794442224,1260.819334242079,1678.7454250653584,139.89545208877988,1217.618405944626,267.5,3330.42041015625,3062.92041015625,621.6173101782796,24.30457978090534,62.12470824874094,74.63346494120076,0.2734026594012601,0.0751358639334972,0.7808710588361849,75.10854433221613,0.3123691024101365,25,870.2,870.2,189.4,27826.0,1,86.07216922438822,0.0,8.85109912899212,4.24305267523849,0.024885939444214,0.2695976773123185,0.0,0.5391953546246371,0.0,0.0,86.07216922438822,2,1973.6595306396484,8.208257283248667,281.9513615199498,1085.0111083984375,563.9389465775296,46.07982372473524,718,2.345367016798676,0.1916414877173823,7532,0.331451051920056,31.32485258862863,0.1378472562631658,4,0.0166356094469615,3.957930563790614
NP0110302,Koshi,Bhojpur,Bhojpur,1,159.06057891838822,87.05799886947051,27.2019102887578,104.89961545046638,397.24607543945314,14266.347701263428,1188.862308438619,1431.4251525878906,978.2788255171344,1124.3112915039062,1457.8907299041748,121.49089415868124,1587.8965710428172,427.5493469238281,2735.740966796875,2308.191619873047,475.318021600197,24.80367353025674,61.64716040250324,194.5901578532405,-0.0524884270155745,-0.2016481711534454,0.8841351528350551,40.13492535929456,0.2523247785982675,16,840.6,840.6,116.9,446.7,2,77.88770558951414,0.0,13.724872392715357,8.084945491209277,0.2457621778309912,0.0567143487302287,0.0,0.0,0.0,0.0,77.88770558951414,3,7113.50280380249,44.72197229617987,94.84670405069988,1579.6199951171875,371.0801724894278,60.84722641652838,511,2.3329487105653244,0.3825412105896348,9289,0.4166683924546077,58.39913360786935,0.2619557877180835,6,0.0377214771931549,2.967968832624888
NP0110401,Koshi,Bhojpur,Salpa Silichho,1,192.7979383846925,87.00316417672305,27.39877314280965,122.50883569108213,528.5208358764648,16661.20165398717,1388.4334711655974,1702.7835899591446,1159.0666164051402,1386.338285446167,1789.2091948390007,149.10076623658338,2006.0215224143344,338.78424072265625,4048.86474609375,3710.0805053710938,732.4083685078726,32.213015764175054,73.51837830638483,119.72665395978512,0.2145547689004467,-0.1225121982970104,0.0948513661055713,53.87679957716737,0.2794469693429304,22,888.4,888.4,210.4,210.4,2,85.98804862971357,0.0,13.795590356480528,0.123634865031939,0.0,0.0257572635483206,0.0,0.0669688852256336,0.0,0.0,85.98804862971357,2,627.8548641204834,3.256543453632349,33.0449928484465,39.667667388916016,274.0618842006667,0.0,402,1.4214980019849957,0.0,3107,0.1193643796916671,16.115317549716522,0.0619116473400756,12,0.062241329448535,0.426737546402129
NP0110402,Koshi,Bhojpur,Temkemaiyum,0,172.93848278033025,86.96589683520823,27.210408239734715,109.42630494166823,443.3443247477214,14881.97747206688,1240.1647893389063,1501.0148241519928,1023.2933872107304,1171.809425354004,1538.8854313691456,128.24045261409546,1944.779273651863,669.1924438476562,3333.40966796875,2664.2172241210938,507.3911160939254,24.788673437519325,62.90646041581478,123.85290247941288,0.3742555025892741,-0.251042952680005,0.4625405332269029,60.14769168704356,0.3477981922823059,27,856.9,856.9,175.1,175.1,2,76.17507795357432,0.0,18.72040651345421,5.092966855295069,0.005774338838203,0.005774338838203,0.0,0.0,0.0,0.0,76.17507795357432,3,0.0,0.0,0.0,0.0,264.76892925871283,67.88717024069815,232,1.5310006483347456,0.3925509762158011,4586,0.1954078009582574,26.51810011439284,0.1129926652626345,2,0.0115648059809824,0.8394731997342331
NP0110403,Koshi,Bhojpur,Arun,1,154.2853465054484,87.19644170570565,27.18973584486196,110.71689820786318,383.41941833496094,15057.498156269392,1254.7915130224494,1499.5920189221702,1005.129811604818,1141.6950810750327,1532.4086988766987,127.70072490639156,918.8305922999424,222.5,2068.910888671875,1846.410888671875,399.73400109567314,22.15572816544468,64.22053902237668,74.23977084683828,0.226368945181238,0.0638862762909026,0.5673608257632142,53.07250758047021,0.3439892950468632,16,848.9,848.9,178.1,29059.5,1,73.78395860284606,0.0,15.685640362225096,9.029754204398447,0.038809831824062,0.5950840879689522,0.0,0.8667529107373869,0.0,0.0,73.78395860284606,3,4601.359733581543,29.82369899541336,230.06798667907717,763.4412841796875,332.11736433703976,53.57279857322602,271,2.152617677954993,0.3472319295814276,2434,0.2133272119065184,15.775963532052256,0.1382679669446022,5,0.0324074846591048,1.393972563044544
NP0110404,Koshi,Bhojpur,Ramprasad Rai,1,157.98159390758673,87.02125036528558,27.08518170829868,108.51319080030216,418.1777038574219,14757.793948841096,1229.8161624034246,1474.616931819916,1021.3796561501244,1173.0359741210937,1480.2047449111938,123.35039540926614,1381.224290219688,342.5220947265625,2526.072021484375,2183.5499267578125,434.8559102700724,26.29047537386012,61.86257327274608,57.17935402929514,0.2224302522331112,0.1434599810519131,0.8176404168627353,43.46359408061731,0.2751180881618518,14,848.7,848.7,154.9,329.8,2,78.27980059317221,0.0063103426516059,10.405755032498265,11.26396163311668,0.0252413706064239,0.0189310279548179,0.0,0.0,0.0,0.0,78.27980059317221,3,1665.638916015625,10.543246683470992,1665.638916015625,1665.638916015625,312.65861154217083,45.704769852994446,250,1.9790825235315976,0.2893043975726059,3947,0.1766811318135403,24.98392314176072,0.1118365294610789,2,0.0126597026307376,0.8683200766067622
NP0110405,Koshi,Bhojpur,Pauwa Dunma,1,118.50578903913288,87.14493308231118,27.125320153970836,102.5755374768201,384.4604797363281,13950.273096847532,1162.5227580706278,1395.198145055771,959.0783352938564,1102.4802551269531,1403.1002544879914,116.92502120733262,1113.562106071063,199.0,2296.75048828125,2097.75048828125,434.4292523868938,24.555137440465668,69.21164620155339,165.99632458171652,0.0579056232005622,-0.232183317844375,2.477011411953695,35.67961672048919,0.3010791034749121,17,840.6,840.6,116.9,446.7,1,63.85237613751264,0.0084260195483653,25.39602291877317,10.102797438490056,0.0168520390967307,0.2612066059993259,0.0,0.3623188405797101,0.0,0.0,63.85237613751264,3,2739.6065173745155,23.11791296938114,8.724861520301005,513.7879028320312,242.60186146395924,0.0,263,2.047173082690901,0.0,3658,0.1911309304555208,30.867690343735514,0.1612840452818771,6,0.0506304379612939,1.3293099664951906
NP0110406,Koshi,Bhojpur,Aamchowk,1,184.16797941665885,87.02128600340701,26.964789887395103,128.67671204577474,548.1126365661621,17500.032838225365,1458.3360698521135,1747.3402669727802,1258.7799087871206,1445.5236740112305,1696.6427137255669,141.3868928104639,1122.416830598045,126.0,2421.556640625,2295.556640625,559.8239747332418,26.41716086817268,66.35278853751892,170.80396356183505,0.0330015315813875,-0.2038469582488034,0.2516883900287547,49.89071392229819,0.270897873128239,18,819.1,819.1,108.4,108.5,4,84.7802495930548,0.0054259359739555,7.688551275094954,6.608790016277808,0.032555615843733,0.3038524145415084,0.0,0.5805751492132393,0.0,0.0,84.7802495930548,3,6197.37809753418,33.650681932679106,516.448174794515,1483.22802734375,305.1660108858192,47.76551523455472,279,1.6569982026865604,0.2593584149961853,4583,0.2004852509096933,24.88489049245358,0.1088599937647784,2,0.010859651098605,3.261954964587575
NP0110407,Koshi,Bhojpur,Hatuwagadhi,1,142.1883676575698,87.12899309198546,27.00408377200281,106.87019863303968,481.99599609375,14534.3470140934,1211.1955845077832,1441.8125442028045,1025.743595053933,1174.601416015625,1417.3607152938844,118.11339294115704,872.386546789135,119.5,1860.1529541015625,1740.6529541015625,378.3761097342351,26.782888350820546,64.08509689932065,81.85615161934892,0.1204567165972888,0.0172375923445823,0.8230496415859212,46.87004364766521,0.3296334603161185,19,814.3,814.3,190.2,30066.9,2,82.2885990744636,0.0280465572850932,8.932828495302202,8.063385219464312,0.0350581966063665,0.1963259009956528,0.0,0.4557565558827653,0.0,0.0,82.2885990744636,3,5863.071255683899,41.23453523148847,344.88654445199404,2418.30419921875,237.36251571149816,10.738976112953566,239,1.6693525611260611,0.0755264040924647,2233,0.117581838394592,15.704519552384914,0.0826944146920391,1,0.0070329241166076,2.137019609153539
NP0111301,Koshi,Solukhumbu,Solu Dhudhakunda,1,563.8481502845614,86.57238863129145,27.5672016903328,118.55421766806094,661.2626620205966,16123.373602856287,1343.6144669046907,1831.093389196829,1190.4124532652295,1578.5945358276367,1692.330659356984,141.02755494641534,3231.325151604185,1026.366943359375,6839.201171875,5812.834228515625,892.8746158603939,27.4478566901599,76.37588262370669,125.5605833137293,0.1116829531823533,-0.0798409852209486,1.2651875652819051,176.5212772189112,0.3130652767590439,66,992.7,992.7,203.5,203.5,1,58.85899732217277,0.0,25.969604000780294,0.040788096969267,0.0567486566528933,6.510134955399102,3.3765450708471514,0.1276844774690099,0.0,5.059497419709518,58.85899732217277,4,791.9759759902954,1.4045908913430027,10.999666333198547,47.07121658325195,954.6912396660626,63.104972946554334,1522,1.6931708283236393,0.1119183824841966,11225,0.7348465671734751,19.90784219888812,0.1303270334047588,36,0.0638469772080153,0.5744183065118719
NP0111401,Koshi,Solukhumbu,Khumbu Pasanglhamu,1,1535.496251641116,86.7266861790779,27.877383363377813,89.30311412271209,501.2970854106702,12145.223520688844,1012.1019600574036,1393.771601787785,884.6905009621067,1203.8381559137713,1379.2503817081451,114.9375318090121,4955.966671860519,1586.894775390625,8705.2421875,7118.347412109375,920.5096052200896,30.610604935935346,81.71974085831746,175.36189936394575,0.0098879030962819,-0.1218811604251351,0.6203338379013605,511.8116135046334,0.3333200018936005,226,1021.4,1021.4,58.7,726.7,1,7.842017482948608,0.0,18.50116488094852,0.0019468762370776,0.0116812574224656,23.243755394469574,38.78112568384028,0.7677181961542705,0.0,10.850590227979207,38.78112568384028,5,2170.350103378296,1.4134519058959976,45.2156271537145,124.97772216796876,676.4808982334877,0.0,1207,0.4405617385978472,0.0,5348,0.4484976395770779,3.4829130935905157,0.0292086443778504,86,0.0560079517667883,1.9248045698190976
NP0111402,Koshi,Solukhumbu,Mahakulung,1,646.362992182915,86.90193042552319,27.644584541644655,116.51366888485906,583.3984773055366,15845.858968340832,1320.488247361736,1710.1975784094436,1144.7413194075875,1439.141183272652,1695.2726847399836,141.27272372833195,4103.441051000141,1180.3031005859375,7278.48291015625,6098.1798095703125,1257.295144990379,31.74441274674516,77.75310951168319,230.17120916238648,-0.0985673429615078,-0.0822071607697267,1.489149908928423,216.66267163736535,0.3352027796418947,96,1001.5,1001.5,155.4,310.7,2,32.759287028305536,0.0,18.830676952092382,0.0030918113376721,0.0061836226753443,15.71103931238116,21.604031721984324,0.8842580425742421,0.0,10.201431508649344,32.759287028305536,5,1216.1849555969238,1.88158197530708,110.56226869062944,349.47003173828125,255.1948304643927,0.0,300,0.3948165868880297,0.0,3822,0.1475115993961457,5.913086061892614,0.0228217891773112,36,0.0556962580398048,7.414561723844628
NP0111403,Koshi,Solukhumbu,Likhu Pike,1,124.14118354399312,86.43707509766544,27.55685756714426,117.05684141858536,676.2797393798828,15919.730432927608,1326.6442027439673,1868.535605490208,1154.4781955372202,1596.4889068603516,1630.5981175899506,135.88317646582922,2716.5189012621977,1295.6351318359375,4214.6083984375,2918.9732666015625,589.0297657217922,30.652402939625865,71.40859894994637,294.37522075509384,-0.3488107933122428,0.15804573415446,1.3173680771451068,34.97146625123078,0.2817072082999563,14,1002.2,1002.2,143.4,384.1,1,75.23473236497873,0.0,24.65291710135623,0.008025038118931,0.0,0.0963004574271727,0.0,0.008025038118931,0.0,0.0,75.23473236497873,2,432.8651208877564,3.486877670490049,16.648658495682938,24.255130767822266,252.98489207777396,0.0,284,2.0378804588093944,0.0,2352,0.144385120604428,18.94617026239724,0.1163071887044325,6,0.0483320669959113,2.2947453426468947
NP0111404,Koshi,Solukhumbu,Mapya Dudhkoshi,1,167.28532478370934,86.69281175476249,27.533236740817145,119.42377875540772,616.080576578776,16241.633910735449,1353.469492561287,1782.3484773635864,1189.363759358724,1522.3929773966472,1701.2889381249747,141.77407817708124,2195.970592489638,886.0302734375,4240.00390625,3353.9736328125,585.7286184799758,30.77607564152012,69.72844229118738,114.43527547409528,0.1816620483423925,-0.0825404563426763,1.3269460897922187,61.22000161946495,0.3659615791081436,27,979.1,979.1,115.4,1696.9,1,75.3858024691358,0.0,24.507359924026588,0.0,0.0,0.0593542260208926,0.0,0.0474833808167141,0.0,0.0,75.3858024691358,2,0.0,0.0,0.0,0.0,328.4384451173262,0.0,521,1.963342842786592,0.0,6038,0.253151788722526,36.09402084616089,0.1513293464623016,32,0.1912899415497099,0.4876730289918192
NP0111405,Koshi,Solukhumbu,Necha Salyan,1,67.38142872669656,86.60803113680386,27.370623160044417,126.50338808403296,602.0021362304688,17204.460779428482,1433.7050649523735,1761.2575223445892,1267.8335599032316,1495.6806259155271,1784.278430700302,148.68986922502518,1758.5751162870915,567.4404296875,3142.056396484375,2574.615966796875,567.1809903234904,26.190706002519004,69.24622808822903,49.46829442238538,0.3325674653726805,0.2843578737579509,0.7093893793734866,20.55802219828313,0.3050992326337839,5,963.2,963.2,119.1,524.8,1,78.92264787905475,0.0,17.980331718772934,3.052986936738588,0.0293556436224864,0.0,0.0,0.0146778218112432,0.0,0.0,78.92264787905475,2,1661.6724739074707,24.660689233042564,69.23635307947795,150.46826171875,273.9001991133049,30.01094950430586,428,4.064921214779548,0.4453890348041182,5152,0.2084886570301187,76.46023685393858,0.3094156074899543,3,0.0445226534475574,2.6514247047094246
NP0111406,Koshi,Solukhumbu,Thulung Dudhkoshi,1,144.2739553440613,86.69869773040112,27.429837400589214,127.67273359719444,598.6378540039062,17363.491769218446,1446.9576474348703,1822.8384858131408,1271.263513183594,1553.5549713134765,1817.9835171222687,151.49862642685574,1723.9862117625282,582.4409790039062,3131.747314453125,2549.3063354492188,562.8219857568879,28.02518254398836,70.26081753429212,188.015269716035,-0.007966815845816,-0.0565774295677285,0.1617778906925431,31.321243539033187,0.2170956182932601,10,963.1,963.1,127.3,2739.7,1,70.64226567392666,0.0,28.4809686173544,0.4244659383480621,0.0139169160114118,0.1182937860970009,0.0,0.320089068262473,0.0,0.0,70.64226567392666,2,1454.199146270752,10.07942939391112,111.86147279005785,184.33221435546875,398.4410331205073,3.4823538871257247,642,2.7616975785429467,0.0241370930659042,7449,0.3179273736653122,51.6309404717975,0.220363663633624,3,0.0207937738509051,3.2522376237129915
NP0111407,Koshi,Solukhumbu,Sotang,1,102.74889460477974,86.78675219763875,27.496907539336984,115.61602252283517,566.0671997070312,15723.779063105583,1310.3149219254651,1689.3490960597992,1143.101752021096,1435.0147132873535,1651.0533606410029,137.58778005341688,2072.749837580768,813.6132202148438,3607.625244140625,2794.012023925781,584.5261151569819,31.91443901314328,68.25539025655807,275.32768717352263,-0.2932960606836305,0.0273512091695813,1.3031775775191552,27.171079239378276,0.2644415722805675,11,978.9,978.9,151.2,305.5,1,80.90953072085148,0.0,18.896952104499277,0.019351717464925,0.0290275761973875,0.058055152394775,0.0,0.0870827285921625,0.0,0.0,80.90953072085148,2,796.1001358032227,7.748016549135597,132.68335596720377,140.54867553710938,182.50365972657727,0.0,409,1.7762104441957418,0.0,2380,0.108816550671433,23.16326622446492,0.1059053249088395,15,0.1459869720029301,1.24291374359914
NP0112301,Koshi,Khotang,Halesi Tuwachung,1,279.5594559659674,86.60387142327215,27.16666601027924,119.39316004100333,522.0513916015625,16237.46976557645,1353.1224804647045,1621.003147537058,1167.5992783475513,1314.74631430886,1636.8054767955434,136.4004563996286,883.1770030685555,256.5,1943.61083984375,1687.11083984375,331.6007641739617,27.68327772171452,64.38605604069878,191.81526606787435,-0.0269525190564957,-0.1288429253976944,1.8008926967433951,92.68439047369829,0.33153731163714,34,893.9,893.9,101.5,16668.8,1,54.19959764333956,0.0143698807299899,31.18623365426067,12.1425492168415,0.0610719931024572,1.1998850409541602,0.0,1.1962925707716623,0.0,0.0,54.19959764333956,3,5580.678237915039,19.96240198219019,293.71990725868625,1833.505126953125,978.0710400168712,72.27605644384988,1810,3.4986154792629804,0.2585355454857106,15191,0.6660978559544143,54.33906697060284,0.2382669738903422,46,0.164544604084506,1.9674779612723143
NP0112302,Koshi,Khotang,Diktel Rupakot Majhuwagadhi,1,245.8986790760996,86.80250684984628,27.233046057302897,114.93029781178954,537.1580085754395,15630.520502403378,1302.5433752002816,1589.2833057940006,1090.871448690241,1284.1656732559204,1663.3374472111464,138.6114539342622,1605.3727085346322,456.6802062988281,2988.08251953125,2531.402313232422,483.8479548683232,24.330525166727863,64.66392851619814,169.05522621609038,0.0309965512737761,-0.1602881349729464,0.2625805022866767,69.50757599218795,0.2826675452399526,34,899.7,899.7,193.0,193.0,1,72.7043923033206,0.0,16.448810586993588,10.716895347893155,0.1136640415685637,0.0162377202240805,0.0,0.0,0.0,0.0,72.7043923033206,3,7586.628101348877,30.85265902953876,106.85391692040672,365.2514343261719,668.3171732127087,177.48908690456145,628,2.7178558897662115,0.7217976427178486,14891,0.8546525080328884,60.55746234973309,0.3475628707091975,16,0.065067449976209,1.0172260454269615
NP0112401,Koshi,Khotang,Aiselukharka,1,125.08320945974378,86.76117292828062,27.37191319140644,121.23962951276232,547.3094024658203,16488.589613735676,1374.049134477973,1708.147451043129,1182.679081309925,1423.6462440490725,1743.5602912306786,145.29669093588987,1680.2592819050258,492.0,3460.639404296875,2968.639404296875,590.432726225015,29.218131415305976,64.92353602384009,208.25901674723883,-0.102841158425765,-0.1913244833442046,2.058008679990352,47.00695370397728,0.3758054650740776,24,963.1,963.1,127.3,2739.7,1,77.60611611053596,0.0,20.74540097156964,1.2821533805845344,0.0477821135621565,0.1114915983116986,0.0,0.2070558254360117,0.0,0.0,77.60611611053596,2,1934.9356689453125,15.469187889426866,644.9785563151041,655.1480102539062,268.0260088478139,16.40782445899684,383,2.1427816731395444,0.1311752754815382,4902,0.2236561216034979,39.18991222860841,0.1788058705636893,1,0.007994678137211,1.75930836467249
NP0112402,Koshi,Khotang,Kepilasgadhi,1,191.0842253439654,86.88394575841944,27.344782046028453,112.62856386032176,529.9462776184082,15317.484685003756,1276.4570570836463,1594.848234295845,1072.7371728203514,1304.082628250122,1627.851853519678,135.65432112663984,2178.004709359581,748.9296875,3616.684326171875,2867.754638671875,578.7301766442557,30.94103118661161,68.50624807745166,245.0949213340728,-0.129226812083892,-0.0599990122669701,0.6471811101314915,59.66027746734402,0.3122197939675617,27,963.4,963.4,171.4,171.4,1,83.97321895595773,0.0,15.456637723611257,0.5701433204310075,0.0,0.0,0.0,0.0,0.0,0.0,83.97321895595773,2,2106.78662109375,11.025434555371495,702.26220703125,784.6777954101562,314.53633697744965,11.1073535214483,321,1.6460612403313857,0.0581280506093805,4379,0.2463362054295839,22.916596030454546,0.1289149876114373,4,0.0209331774655899,5.061975539732994
NP0112403,Koshi,Khotang,Rawa Besi,1,97.19539170264096,86.7101045128497,27.278745894262528,142.01008923833862,649.5785064697266,19313.37213641405,1609.4476780345042,1977.3224620223043,1388.1449789567428,1634.497341156006,2022.2883849740028,168.5240320811669,1132.1053860292957,417.0,2620.027099609375,2203.027099609375,450.1922944000565,28.68939312731541,63.76274607410345,315.6664159961352,-0.2314084818596117,0.2368551738521002,0.2078590719891676,34.13639080323879,0.3512140874710961,11,951.4,951.4,80.0,404.1,1,74.9384236453202,0.0,17.313218390804597,7.040229885057471,0.0307881773399014,0.3181444991789819,0.0,0.3591954022988505,0.0,0.0,74.9384236453202,3,0.0,0.0,0.0,0.0,255.3587361505368,14.904827001335896,338,2.62727205145466,0.1533491119304878,6061,0.2383751931751846,62.35892354385473,0.2452535958746567,3,0.0308656608862504,1.5897834530314063
NP0112404,Koshi,Khotang,Diprung Chuichumma,1,136.1473078847822,86.788662508921,27.10380508191618,113.639046458637,476.1937561035156,15454.910318374634,1287.9091931978862,1536.3875606536865,1092.2575224442917,1233.670263671875,1592.0201848506929,132.66834873755772,1320.0155520476949,243.5,2602.342041015625,2358.842041015625,556.9297873321559,25.318411644729714,64.12841296275475,276.0552661276403,-0.1995041761237293,0.0211633164012363,0.1906945423482114,52.45478575365095,0.3852796398885978,19,884.2,884.2,162.9,356.0,1,67.70648967551622,0.0073746312684365,13.679941002949851,18.24483775811209,0.0294985250737463,0.0811209439528023,0.0,0.2507374631268436,0.0,0.0,67.70648967551622,3,2569.362060546875,18.87192703598118,2569.362060546875,2569.362060546875,324.18208498554674,58.033451063171896,218,2.381112708155003,0.4262548556030505,8262,0.3823344941712617,60.68427006277574,0.2808241309441249,7,0.0514148983828891,0.8960455998198139
NP0112405,Koshi,Khotang,Sakela,1,79.77932356338066,86.8808119449262,27.172322130172173,116.6364181006656,514.2604217529297,15862.55286169052,1321.8794051408768,1611.4932436943054,1108.3422220403495,1276.5687255859375,1657.362999200821,138.11358326673508,1891.1088886091395,613.92333984375,3004.46484375,2390.54150390625,505.524631674004,26.3504341037369,65.18179072741717,273.1986755549043,-0.3763459914124518,0.0210322807629352,1.6259334509262853,22.68929996948846,0.2844007564373863,10,899.7,899.7,193.0,193.0,1,75.06876719179795,0.0,13.790947736934234,11.140285071267815,0.0,0.0,0.0,0.0,0.0,0.0,75.06876719179795,3,0.0,0.0,0.0,0.0,175.93831531065626,23.51680779582172,116,2.205312196848625,0.2947732162348907,3992,0.2143327869562751,50.03802767052239,0.2686570622349267,1,0.0125345760697701,3.479550005298098
NP0112406,Koshi,Khotang,Khotehang,1,163.6707493371104,86.8504641617858,27.04816255619306,104.44209451856568,416.8042602539063,14204.124854524933,1183.677071210411,1414.959741314252,995.1210246230615,1127.2237955729163,1435.0308062632878,119.58590052194064,1274.413205330534,224.9651641845703,2685.192138671875,2460.2269744873047,485.3966767443239,26.567648845985264,64.4880876982734,197.7506691683916,-0.0707393320491542,-0.2209807217180686,1.1308924192974332,52.23537348570442,0.3191491069556719,22,868.6,868.6,186.7,186.7,2,71.97039212087844,0.0,14.99969413348015,12.607817948247384,0.0550559735731326,0.1957545727044717,0.0,0.1712852511164128,0.0,0.0,71.97039212087844,3,190.83004570007324,1.1659386082911076,47.70751142501831,62.45209503173828,395.0607663845624,75.78932066386993,319,2.4137530254160517,0.4630596546470726,10040,0.4649899480200542,61.34266532452142,0.2841008243093705,12,0.0733179266826949,1.525608235061133
NP0112407,Koshi,Khotang,Baraha Pokhari,0,141.24691114672703,86.82305624063686,26.93501065485533,113.94479231156556,474.8263092041016,15496.491754372915,1291.3743128644094,1528.2396152218182,1115.007586623683,1241.1157150268557,1521.5491402347882,126.79576168623235,858.5924752354525,170.0,1849.225341796875,1679.225341796875,374.5372590324436,29.887025195451443,68.52282530948823,224.53992970209575,-0.0806347727425763,-0.0819402360935769,1.7723997588505211,42.55043548845373,0.3012486088580897,14,842.6,842.6,174.8,17812.9,2,88.33605799985784,0.0,5.0963110384533366,4.676949321202644,0.0142156514322268,0.6112730115857559,0.0,1.2651929774681925,0.0,0.0,88.33605799985784,2,4129.663623213768,29.237195983166536,14.240219390392305,726.1757202148438,287.9418388445911,20.624463296734653,267,2.0385708721479765,0.1460170925459035,4989,0.2108925986090717,35.32112638426079,0.1493077596507557,1,0.0070798008386972,0.7865617969068704
NP0112408,Koshi,Khotang,Jante Dhunga,0,128.28101525506216,86.9137831259689,26.9734083685556,127.92761765025996,516.2563629150391,17398.156000435352,1449.8463333696127,1726.6370530724523,1246.7447939786043,1404.127555847168,1717.7045158147812,143.1420429845651,1123.8068563220825,162.0,2187.56787109375,2025.56787109375,405.37734551015296,27.818709372767,64.61359102194848,222.677182422406,-0.0369538565880107,-0.0400785241003834,0.7114003708679358,44.51842178482086,0.3470382713786956,16,842.6,842.6,107.7,107.7,2,79.25042854916627,0.0,9.903381642512077,9.607293127629733,0.0077918030232195,1.0051425899953248,0.0,0.2259622876733676,0.0,0.0,79.25042854916627,3,3235.27605342865,25.220224886713947,41.47789812088013,272.147705078125,309.0551960272172,16.923098022532695,280,2.4092044751339103,0.1319220773930138,5966,0.2786939799952985,46.507271462872,0.2172527083927182,1,0.0077953857631364,2.896963074452224
NP0113301,Koshi,Okhaldhunga,Siddhicharan,1,167.53207677043133,86.51398432882111,27.323568572805176,123.10372979792896,519.9590911865234,16742.107252518337,1395.175604376528,1707.7446403503418,1215.4491610671537,1389.742487589518,1712.755336523056,142.72961137692133,1729.026882317102,386.0,3347.06787109375,2961.06787109375,627.9576870088237,26.937526740280312,67.28946385315588,279.90644694402334,-0.0320306462391567,0.005593956624574,1.6066894216909573,41.16800445861775,0.2457320726408121,20,949.0,949.0,140.1,140.1,1,73.12622980144296,0.0,20.171725001490667,5.819569494961541,0.2981336831435215,0.3279470514578737,0.0,0.2563949675034285,0.0,0.0,73.12622980144296,3,5231.719264984131,31.22816457503323,227.46605499931005,964.28173828125,677.4418160189947,87.74721396785074,1463,4.043654379974595,0.5237636616186073,14485,0.6279004482587464,86.46105437974573,0.374794165011848,7,0.0417830431935257,1.3898809334510582
NP0113401,Koshi,Okhaldhunga,Khiji Demba,1,179.43967861012047,86.36227113094291,27.453509471169514,121.80600257095168,653.0571655273437,16565.61634964943,1380.4680291374525,1842.8260332107543,1222.8096266313032,1588.766261291504,1683.59866437912,140.29988869826,2382.497221666002,797.3667602539062,3442.37255859375,2645.005798339844,517.4050673282413,27.867529280812548,73.7143311754456,333.20146646212805,-0.1037421650119757,0.2053876413265238,1.817498723583444,64.16840452170635,0.357604321512016,24,983.4,983.4,131.8,652.2,1,77.79563338135875,0.0,21.66130998559237,0.4433115371827552,0.0332483652887066,0.0609553363626288,0.0,0.0055413942147844,0.0,0.0,77.79563338135875,2,0.0,0.0,0.0,0.0,326.88873529214345,0.0,404,1.821719353401176,0.0,5321,0.3209529349423944,29.65341913903703,0.1788639711285643,4,0.0222916137109844,3.169588276626432
NP0113402,Koshi,Okhaldhunga,Likhu,0,87.88299307289108,86.26649882632717,27.380853575248302,119.43397494449334,566.4536590576172,16243.020592451096,1353.5850493709247,1708.3609470129013,1193.9772290316496,1451.9269218444824,1608.654578089714,134.05454817414284,1489.158006537955,491.0059814453125,2787.139892578125,2296.1339111328125,605.3469894992176,28.128505325419653,73.69453367296315,293.9517148813601,-0.3274827720347132,0.1454741597268365,0.1120562685569373,39.61059188617057,0.4507196500842561,12,971.5,971.5,146.0,798.3,1,66.58300057045065,0.0,26.183685111237875,6.628636622932116,0.0342270393610952,0.4677695379349686,0.0,0.1026811180832857,0.0,0.0,66.58300057045065,3,5199.325578451157,59.16190831300865,14.128602115356404,214.2460021972656,297.5600840833616,15.261961889134945,641,3.3858665218259247,0.17366229068321,5452,0.2948753698776155,62.03703139102299,0.3355317787515984,3,0.0341362975372466,2.896497273463184
NP0113403,Koshi,Okhaldhunga,Molung,1,112.2789388029636,86.42792329998085,27.365405412126943,120.43609879472676,591.3373616536459,16379.30943608284,1364.9424530069034,1683.9972250461578,1200.943126447273,1435.3511149088542,1684.889170885086,140.40743090709051,1755.6027578105222,656.8447265625,3019.419189453125,2362.574462890625,533.2673443657847,29.120309982606027,67.89894304850804,167.30874765786476,0.0220909371130081,-0.0980950483191255,0.920828540044386,49.38361121514494,0.4398296932767364,21,928.8,928.8,410.4,410.4,1,78.5752401280683,0.0,17.378157239416577,3.868729989327641,0.0444681607968694,0.1334044823906083,0.0,0.0,0.0,0.0,78.5752401280683,2,5718.057428359985,50.92724859463187,154.54209265837798,981.3295288085938,369.09454049761473,27.81532464652169,627,3.287299866142594,0.2477341248774566,7108,0.3255243506459589,63.30661899533722,0.2899246769843595,2,0.0178127796835501,0.959096734217436
NP0113404,Koshi,Okhaldhunga,Champadevi,1,126.69344530277276,86.29134674373492,27.31024468945477,113.1484464697978,497.1731506347657,15388.1887198925,1282.3490599910417,1551.25406703949,1115.107489707253,1303.3430801391603,1546.3891890525815,128.8657657543818,1410.0842552509716,380.0,2810.750732421875,2430.750732421875,501.9991154904287,31.383911896217963,70.35299302027899,250.46497956694907,-0.1911319961726759,-0.0678148919158018,0.480608877754629,33.983936595643364,0.2682375281091168,16,959.0,959.0,210.0,1008.0,1,61.2436788874842,0.0,29.40897597977244,8.644121365360304,0.0395069532237673,0.2291403286978508,0.0,0.4345764854614412,0.0,0.0,61.2436788874842,3,7250.0574951171875,57.225198018658,1812.5143737792969,2417.3681640625,358.64139978338034,43.345929194359904,814,2.8307810157526063,0.3421323738633166,7485,0.3227283759707554,59.07961522486268,0.2547317070741088,2,0.0157861363326286,2.538687407625088
NP0113405,Koshi,Okhaldhunga,Sunkoshi,1,143.48178815525264,86.37230675255603,27.269716685603687,114.97776549248135,487.5060424804688,15636.976106977463,1303.081342248122,1591.0157030582427,1129.194840587269,1294.6033630371094,1563.2271377563477,130.2689281463623,1327.077419296209,358.5,2809.53564453125,2451.03564453125,511.5485221105757,32.31298045573502,70.91908449991547,147.0073813766893,0.1081007039377725,-0.1665074448066018,0.2812475521137709,51.30015595566502,0.3575377517609157,22,928.8,928.8,410.4,410.4,1,63.830978032741015,0.0,29.31999440324612,6.023506366307542,0.020987827060305,0.4337484259129704,0.0,0.3707849447320553,0.0,0.0,63.830978032741015,3,3862.789810180664,26.92181258572678,429.1988677978516,2841.63525390625,472.1129564567928,43.45576534809943,1292,3.290403350325889,0.3028660703690051,8119,0.2921921975075585,56.58557859074728,0.2036441009442924,12,0.0836343075611488,1.4324688515306934
NP0113406,Koshi,Okhaldhunga,Chishankhu Gadhi,1,111.68401758928182,86.6143893986676,27.307306270412955,141.4850533902645,632.5694885253906,19241.967261075974,1603.4972717563312,1975.688338637352,1404.601825714111,1622.7096328735352,1987.2007907629013,165.60006589690843,1195.9154286805992,422.5,3043.94775390625,2621.44775390625,457.2182284683075,28.855434149986724,67.72492702904476,159.3750908278924,0.059777998971385,-0.1588270970572318,0.5513090995403541,44.454173332579394,0.3980352273506107,12,949.0,949.0,140.1,140.1,1,68.62411601468087,0.0,25.92426819443201,4.287888282159162,0.0089517500671381,0.8235610061767075,0.0,0.3312147524841106,0.0,0.0,68.62411601468087,2,6873.53742980957,61.54450366467847,458.23582865397134,1498.5771484375,443.4628673075312,42.96057946228267,988,3.970692287757472,0.3846618378313563,6726,0.2559591316013402,60.22347821274551,0.2291815222323309,6,0.0537229957294786,1.3723232948386646
NP0113407,Koshi,Okhaldhunga,Manebhanjyang,1,146.31650477524138,86.46850344733969,27.217132484849376,119.59657221550452,513.7830200195312,16265.133821308613,1355.4278184423845,1622.201014339924,1181.7177439602938,1325.8177108764648,1585.5685579776764,132.13071316480637,1092.6001646582188,331.0,2289.193603515625,1958.193603515625,405.9636899478118,31.72670695653376,72.55714878944572,180.5683160545571,-0.0024204616243744,-0.2440150797512174,0.8216131412044055,43.29023041086423,0.2958670348048766,23,919.3,919.3,215.2,4081.7,1,62.278116647248304,0.0,27.04406826125694,9.03981906654787,0.1507778767733534,0.664793365773422,0.0,0.8224247824001097,0.0,0.0,62.278116647248304,3,11732.2074508667,80.1837596441269,355.52143790505147,2884.607666015625,595.9872380298696,35.01478085422468,1770,4.073274159640247,0.2393084834004976,8293,0.3810438794559987,56.67849989130742,0.260424399859281,6,0.0410069937715958,1.00959824369949
NP0114301,Koshi,Udayapur,Katari,1,424.09150817477615,86.38407015143463,26.998837570063504,116.55569048138226,519.7623392740885,15851.573905467989,1320.9644921223323,1689.9037160078683,1126.8775963060784,1318.8059158325195,1474.0939772725103,122.8411647727092,577.7387825577332,122.0,2113.52978515625,1991.52978515625,360.9388432666896,20.455306553808345,65.08309479850575,340.41708330861985,-0.0398881162758198,0.1121246228694451,1.3779364411195607,135.95649141526673,0.320582913815941,51,830.4,830.4,116.5,116.5,2,80.95181805286302,0.0260059577284978,4.952952858291172,11.194382713130643,0.3380774504704714,1.870064778476524,0.0,0.6666981890396709,0.0,0.0,80.95181805286302,2,81630.24471092224,192.48262023035105,292.58152226137,2206.93994140625,912.5826100301834,124.09241287016296,1964,2.1518530610475954,0.2926076341500856,12007,0.6283417386199286,28.31228583584769,0.1481618298192797,14,0.0330117432915688,4.211875420798785
NP0114302,Koshi,Udayapur,Triyuga,1,546.1638819598398,86.6908120953006,26.80688854879245,132.07834999263287,531.739778137207,17962.65559899807,1496.8879665831726,1853.1959299445152,1286.1512914484197,1450.9493392944337,1657.2026039004325,138.1002169917027,365.6789973336621,124.0,1940.5675048828125,1816.5675048828125,261.7966639971788,14.818238058901125,66.70184653945422,101.84039399055824,0.0450543184053388,-0.0094454923366765,1.7111372627863146,141.7306065404033,0.2595019759121035,45,823.2,823.2,181.3,181.3,1,83.33210590271385,0.0294583348676216,1.9552969768383843,11.752034466251796,0.8229922303641786,1.911109474536952,0.0,0.1970026144272195,0.0,0.0,83.33210590271385,2,16788.27748441696,30.7385347858858,19.52125288885693,956.1348266601562,741.7875424435031,102.37216560323684,1596,1.358177585419403,0.1874385490960832,27126,1.6694555076178146,49.66641130252295,0.305669335296795,6,0.0109857136258621,0.8667078480734858
NP0114303,Koshi,Udayapur,Chaudandigadhi,0,283.04402558560434,86.88017532468984,26.808715203364898,137.8428218385434,561.3074285333806,18746.6237700419,1562.2186475034916,1920.2731909535148,1352.527822573323,1587.2886851917615,1767.5065007209778,147.29220839341482,273.9675238605671,101.0,1061.690673828125,960.690673828125,189.3205227756121,12.33456156836072,60.17070072731477,166.09801345018093,0.0039695448877772,-0.0160378021135272,0.307289582956453,88.30910107086204,0.311997756844204,24,797.5,797.5,122.2,604.0,1,72.34640848579768,0.0035594788922901,1.9078806862675304,21.13262618352673,0.5410407916281056,3.0647113262618357,0.0,1.0037730476258275,0.0,0.0,72.34640848579768,2,36309.49153804779,128.28213371727318,38.06026366671677,2156.307861328125,516.470949057736,61.84551813764362,957,1.8247018215247,0.2185014080749037,16935,0.9924604340946764,59.83168153774773,0.3506381850107324,2,0.0070660385636548,0.575142642699036
NP0114304,Koshi,Udayapur,Belaka,1,338.37423577392013,87.04997424982113,26.824493098673603,156.3527473034387,740.6544910777699,21263.973633267666,1771.9978027723052,2143.80529219454,1575.8713909811224,1822.904296875,1993.45250602202,166.12104216850165,315.7362826546534,73.79639434814453,1217.62451171875,1143.8281173706057,250.7536429895658,14.310942848054625,63.23231484160557,163.68954184918445,0.022002776729731,-0.0751926768771654,1.0376502868273665,120.32398186981668,0.355594395638944,36,782.6,782.6,218.7,218.7,2,69.79518143609779,0.3551767004084532,3.995737879595098,20.98206357662937,0.3048600011839223,1.9712306872669156,0.0,2.5957497188184453,0.0,0.0,69.79518143609779,2,21419.21461558342,63.30037086480296,24.964119598582077,814.822509765625,589.1708876021489,41.15683879611039,976,1.7411812877969677,0.1216311244914306,11569,0.6602002326210943,34.189955312465514,0.1951094861318571,11,0.0325083852050411,1.9511379237785345
NP0114401,Koshi,Udayapur,Tapli,0,118.86033160544108,86.54287109796246,27.07837596206488,113.91092468219644,494.1539672851562,15491.885756778716,1290.9904797315596,1497.0576148986815,1109.3418554132634,1207.078039550781,1489.4337440490722,124.119478670756,1086.4171814568458,287.5,2119.16943359375,1831.66943359375,415.0605918796906,29.009171724049573,65.43904720829286,340.2302628543584,-0.0804418728945855,0.223806731416023,0.7799391983882542,32.8579905676819,0.276442023372058,15,906.5,906.5,198.9,16567.3,1,74.90341004535527,0.0,12.951453048882916,10.994456576516043,0.0251973794725348,0.6887283722492861,0.0,0.4367545775239375,0.0,0.0,74.90341004535527,3,2099.3237628936768,17.66210588964549,6.192695465763058,18.344545364379883,480.3630917640337,52.20844395547056,1131,4.041407972498405,0.4392419510386139,4882,0.2078060690184527,41.07341729624214,0.1748321464458542,9,0.0757191224224046,2.034289436064895
NP0114402,Koshi,Udayapur,Limchunbung,0,106.55606130177644,86.64083497936662,27.087139926243392,118.16142418454676,514.3970540364584,16069.953689098358,1339.162807424863,1584.5117588837943,1153.678670709783,1290.592041015625,1613.8028825124104,134.48357354270087,1114.114816045813,251.0,2244.66552734375,1993.66552734375,468.5526315900246,31.094729855257352,60.00404431494731,27.979058265380463,0.0840547690429888,0.1582235152675869,1.1668690071431669,34.24205878987147,0.3213525197116178,9,884.2,884.2,145.5,16814.3,1,74.74415547835885,0.0,15.904609895784432,8.018026476387194,0.0,0.5539385973148061,0.0,0.7792695521547273,0.0,0.0,74.74415547835885,3,169.2144775390625,1.588032397892709,169.2144775390625,169.2144775390625,402.0298386812197,5.388311831776488,474,3.772941996632502,0.050567858514555,2233,0.103010358002276,20.956104915289064,0.0966724527387901,8,0.0750778501219491,2.0319519852639605
NP0114403,Koshi,Udayapur,Udayapurgadhi,1,268.94590931436977,86.5364343932052,26.937688919775987,127.14846491270204,516.9273193359375,17292.191228127478,1441.01593567729,1773.411886835098,1242.902600929954,1404.8597091674803,1638.4001613140106,136.53334677616755,766.4106711858545,131.50405883789062,2122.003662109375,1990.4996032714844,361.302695246304,23.662447809692814,66.22593253949205,216.48703163599788,-0.0841192509301572,-0.1137344720859641,0.726237687526235,73.64592173262876,0.2738317229675516,25,839.6,839.6,112.5,112.5,2,88.8050267697799,0.0,3.0301903628792384,7.960291493158834,0.0334622248661511,0.1710291493158834,0.0,0.0,0.0,0.0,88.8050267697799,2,5843.007751464844,21.725587001343737,265.5912614302202,1039.4986572265625,678.9890730752696,40.7279936431181,1083,2.524630602511236,0.1514356315994801,7980,0.4090348155382419,29.67139385143877,0.1520881342203732,2,0.0074364395617641,3.4039421831943217
NP0114404,Koshi,Udayapur,Rautamai,1,203.6109292331638,86.67109400038952,26.982012039480697,118.70051967521675,477.8014221191406,16143.27067582948,1345.2725563191232,1547.2932888780322,1159.7955221200918,1264.616435459682,1575.0487102781024,131.25405918984185,1091.6124151409783,197.9146728515625,2342.0517578125,2144.137084960937,465.761726797071,29.963035595020216,66.22660390687805,71.37685511494327,0.1269781268544094,0.0427899714021491,1.348733413183713,64.2226104496231,0.3154182866877395,24,873.0,873.0,117.8,117.8,2,87.36385589670297,0.0,6.786259918190331,5.357054851904786,0.0887092799763441,0.1379922132965354,0.0,0.2661278399290325,0.0,0.0,87.36385589670297,3,10021.36679172516,49.218216475252426,81.47452676199316,348.7056579589844,644.6123958642502,93.02463716927618,981,3.1659027258113253,0.4568744787896409,4251,0.2193861038320827,20.87805412022845,0.10774770522306,4,0.0196453108635412,1.8196636543974112
NP0114595,Koshi,Udayapur,Koshi Tappu,0,5.370247999113331,86.99849915947611,26.71495485921028,0.0,0.0,0.0,0.0,0.0,0.0,0.0,0.0,0.0,91.20961967749491,88.5,99.33872985839844,10.838729858398438,0.632884425768779,0.4544042437643888,6.265447401492239,197.89331217077972,-0.0116651840113303,-0.0361305235151753,0.2927189669686954,4.95453782288947,0.9225901343303888,3,782.6,782.6,218.7,218.7,2,31.83453237410072,2.5179856115107917,32.014388489208635,27.87769784172662,0.0,3.41726618705036,0.0,2.338129496402878,0.0,0.0,32.014388489208635,3,0.0,0.0,0.0,0.0,7.780575027775229,0.0,9,1.448829742883357,0.0,5,0.0004811689621224,0.9310556981401116,0.0089599020790461,0,0.0,2.972853996512804
NP0215301,Madhesh,Saptari,Surunga,0,106.809466085805,86.53956906025304,26.699365478677063,127.837269403654,530.0392456054688,17385.868638896944,1448.8223865747452,1918.4278741836547,1228.7298755992542,1449.5903411865231,1534.6193968772889,127.88494973977409,126.06149977849996,82.42838287353516,386.43304443359375,304.0046615600586,32.89956642911535,3.0229614055558875,46.164074873290566,237.4975382705482,-0.2098172052641299,-0.1336809756383288,0.6242983641018102,45.06412334440671,0.4219113248652007,12,726.8,726.8,220.6,220.6,1,26.01595495072736,0.00938526513374,6.166119192867199,60.084467386203656,2.1961520412951665,5.246363209760676,0.0,0.2815579540122008,0.0,0.0,60.084467386203656,4,34941.124715805054,327.1350938851733,57.000203451558,1440.26904296875,212.63551132994417,26.192581467526427,569,1.9907927557574736,0.2452271547400556,8016,0.4826974746725656,75.0495278532745,0.4519238718830335,12,0.1123495925947223,1.363897415527392
NP0215302,Madhesh,Saptari,Khadak,0,96.5525666275848,86.6045480290314,26.64074165683359,134.53521966303094,581.4252319335938,18296.78987417221,1524.7324895143508,2028.7319896698,1292.8302554043855,1540.5275512695312,1606.6017610549927,133.88348008791607,137.87717336548997,83.66913604736328,431.9741516113281,348.30501556396484,55.86780982014693,5.477408749760797,52.02870823708596,201.0878172626742,-0.0951351260953487,-0.2467046147679288,0.8851452666244032,44.58516520947149,0.4617708960699302,5,726.8,726.8,220.6,220.6,1,38.22887433738696,0.0207878598898243,3.294875792537158,54.32907182205592,3.0662093337490903,0.9978172747115684,0.0,0.062363579669473,0.0,0.0,54.32907182205592,2,35436.830674648285,367.0211151541162,53.85536576694268,317.029296875,158.3870533651134,10.51205119532061,461,1.6404230244446203,0.1088738659415123,7828,0.4700620937073955,81.07500684257897,0.4868457775135933,11,0.1139275773209464,0.7353154103060239
NP0215303,Madhesh,Saptari,Shambhunath,0,108.45402988494628,86.68197972747163,26.638158305794395,140.6959862486989,579.7858683268229,19134.654129823048,1594.5545108185872,2065.170821348826,1353.7107789010713,1582.5430552164714,1684.5185062090557,140.37654218408798,160.6130918610957,80.52698516845703,452.9016418457031,372.3746566772461,69.91352852701371,7.981528350075128,58.876701393817946,188.76556269999065,-0.0327675646335085,-0.21251035881873,0.1029139522259875,27.58875837810361,0.2543820493103964,7,719.5,719.5,321.9,322.1,1,49.06555090655509,0.0278940027894002,2.436076243607624,45.68107856810786,2.02696420269642,0.6508600650860066,0.0,0.1115760111576011,0.0,0.0,49.06555090655509,2,31064.66015005112,286.431589337954,45.283761151678014,538.611328125,158.22294763675805,18.110049928440368,463,1.4588941305787275,0.166983651484896,5826,0.3230992443334132,53.71861244972203,0.2979135442695618,8,0.0737639717812866,0.7322905572851973
NP0215304,Madhesh,Saptari,Saptakoshi,0,60.0894745446544,86.92725022385925,26.71063890123982,154.83458660630615,616.18115234375,21057.50377845764,1754.7919815381367,2167.221417427063,1522.0568958629262,1807.705993652344,1943.1341395378115,161.92784496148428,128.79599904376818,86.21031951904297,290.28350830078125,204.07318878173828,42.31804658633749,4.450002373087623,35.389897760789,117.06084312396614,0.2026469896695869,-0.103525006485126,0.9477145110927844,17.094964718671687,0.2844918323585584,6,764.7,764.7,153.8,1120.2,1,54.98241500586166,0.0,2.3111706581812093,34.98576452855468,1.9427231619494223,4.220398593200469,0.0,1.557528052252554,0.0,0.0,54.98241500586166,2,16893.005469322205,281.1308568985484,15.483964683155092,191.7362518310547,96.82094723682596,7.833841298610248,209,1.611279645404042,0.1303696089535393,8239,0.4213399049991845,137.11219914025602,0.7011875344093306,4,0.0665673985387819,1.385306642307911
NP0215305,Madhesh,Saptari,Kanchanrup,0,117.02611749217414,86.89818397535196,26.63609918249385,149.27254113934788,617.9223225911459,20301.065594951317,1691.755466245943,2113.8535127242408,1454.5362521084871,1746.6940053304036,1795.121829509735,149.59348579247794,118.20617494525877,76.0,363.8879089355469,287.8879089355469,49.36855362989576,4.276372520285885,50.24180998772471,129.20405678843923,0.138166649021367,-0.1127022602265224,2.49878990305532,33.95115797171185,0.2901160757895113,9,757.9,757.9,212.9,213.0,1,36.19991383024559,0.0,5.359758724687635,45.18741921585524,2.3438173201206376,3.050409306333477,0.0,7.841447651874192,0.0172339508832399,0.0,45.18741921585524,4,42602.305092811584,364.0410021776594,38.76460881966477,322.7254333496094,279.40296904720543,35.37382567513487,730,2.387526605468133,0.3022729150823995,24312,1.1738466887286998,207.7484968398256,1.003063857781318,8,0.0683608084369284,1.5956509659750455
NP0215306,Madhesh,Saptari,Bode Barsain,0,58.80137220668896,86.57134054765135,26.56442761648281,129.958684072775,582.8189697265625,17674.3810338974,1472.8650861581166,2003.2348375320437,1254.9929559881036,1521.6512145996094,1526.277643918991,127.18980365991592,84.46674432917915,65.51107788085938,114.11455535888672,48.603477478027344,8.169765698133634,1.3328016980832649,15.37148385120449,208.5760888308618,-0.0994613522592049,-0.1826063059864819,0.5719631226975682,20.501257060424223,0.3486526979057828,7,726.8,726.8,220.6,220.6,1,9.31297709923664,0.0,2.103477523324852,83.20610687022901,4.223918575063614,0.5937234944868532,0.0,0.5597964376590331,0.0,0.0,83.20610687022901,2,34207.62383413315,581.7487339222647,38.00847092681461,237.90513610839844,152.57458057894962,19.01427659884943,437,2.5947452389825942,0.3233645046924,6294,0.3798409476876043,107.03831838951584,0.6459729312990343,8,0.1360512467613801,1.75960444322316
NP0215307,Madhesh,Saptari,Dakneshwori,0,68.9554970097098,86.63036261710023,26.53016349007496,133.79155248754165,583.5341796875,18195.651138305664,1516.304261525472,2017.159689426422,1283.4154052734375,1539.2584075927734,1564.759417772293,130.3966181476911,78.64663050441514,65.243896484375,103.58463287353516,38.34073638916016,7.005367041539872,1.288573822948522,15.279799012018035,183.3683982621905,-0.0111839009029212,-0.190016697085387,0.088406489359321,39.00063792102614,0.5655914265331792,4,719.5,719.5,321.9,322.1,1,8.98533894614603,0.0,2.235447815357817,84.22122223835099,3.425751197561329,0.899985484105095,0.0,0.2322543184787342,0.0,0.0,84.22122223835099,2,32237.46564102173,467.51117806434326,55.20113979627008,218.2171630859375,183.20440295647137,9.594316333958211,550,2.656849865510706,0.1391378026411326,11519,0.4987138473271956,167.0497712224158,0.7232401606168837,11,0.1595231776583535,1.653492659390518
NP0215308,Madhesh,Saptari,Rajbiraj,0,55.13607137923961,86.76534826704564,26.53548944719254,136.22994828224182,601.8563639322916,18527.272966384888,1543.9394138654072,2061.419398784637,1312.230902931907,1630.6612548828125,1590.6821697552998,132.5568474796083,81.57972640529309,66.65068054199219,106.40111541748048,39.75043487548828,7.333244417848071,1.6021667124088737,16.45535015923221,179.5019939773953,0.0015216428886405,-0.1750611758767362,0.3598761983068968,18.581313486590552,0.3370082964160369,2,719.7,719.7,375.1,375.1,1,14.667879890809829,0.0,3.967242948134668,69.31756141947226,8.298453139217472,3.348498635122839,0.0,0.4003639672429481,0.0,0.0,69.31756141947226,3,52894.28279876709,959.3407995094004,30.12202892868285,121.71715545654295,212.7498222562291,34.453273365560776,543,3.858632233567802,0.6248771902622984,9245,0.7108606883852314,167.67607427831757,1.2892842572981935,7,0.1269586284422091,1.5237108964225832
NP0215309,Madhesh,Saptari,Hanumannagar Kankalini,0,117.87921807208951,86.8761748656675,26.51246942050012,147.57602742182857,642.2215270996094,20070.339729368687,1672.5283107807238,2146.125070631504,1433.5667641379616,1706.4498977661133,1710.2423080205915,142.5201923350493,73.91118883779336,61.97572708129883,97.91261291503906,35.936885833740234,4.259796498616393,0.9104944353187252,17.860318913833922,213.15697070313303,-0.0391048194641362,-0.0598564902162207,0.2447042422859143,55.45021940594686,0.4703986021695194,24,743.8,743.8,181.2,56143.3,1,12.22610623241538,0.0,12.865546934947568,46.568334896410605,1.5517094381447694,2.958478983715577,0.0,23.53141785318441,0.2984056611816864,0.0,46.568334896410605,4,36986.03991031647,313.76217551508955,37.02306297328976,319.9789123535156,324.65293066940006,37.43035045849331,1006,2.754115067770956,0.3175313772068171,18784,0.8377719326017603,159.3495469957441,0.7107036730506793,12,0.1017991143499217,1.84257631037776
NP0215401,Madhesh,Saptari,Rupani,0,55.94372543384229,86.72961124139803,26.612636029917688,141.1424766235492,614.5073547363281,19195.37682080269,1599.6147350668907,2086.755388736725,1353.6238070401278,1652.946746826172,1668.2542185783386,139.02118488152823,129.578887311666,83.66458892822266,400.7283935546875,317.06380462646484,56.2353223172678,4.252297535560826,52.80325813334148,183.5624970000692,-0.0161242047751403,-0.2589919475522274,0.2516627390055754,10.84083113746911,0.1937810014152385,3,719.7,719.7,375.1,375.1,1,29.26391382405745,0.0179533213644524,3.967684021543986,61.16696588868941,2.2621184919210053,3.1238779174147218,0.0,0.1974865350089766,0.0,0.0,61.16696588868941,2,21465.28554296493,383.6942458962493,36.69279579994006,206.5712738037109,117.16554070097274,11.954890126224726,255,2.0943464131563765,0.2136949234881093,4793,0.2501084879475351,85.67538115902,0.4470715634469275,4,0.0715004224152055,2.19883241328644
NP0215402,Madhesh,Saptari,Agnisair Krishna Sabaran,0,102.82291741058982,86.79443714095545,26.64708455590513,143.4977957615081,619.5994262695312,19515.7002235651,1626.3083519637585,2071.2706178426743,1395.6670889420943,1657.5102348327637,1713.3334712982178,142.77778927485147,161.46063497157783,84.769775390625,411.6363830566406,326.8666076660156,60.26153213854751,8.58202916131522,56.0018992924966,160.64574108655236,0.0634021572297513,-0.1804999913320063,1.2994700759705724,22.79610709366073,0.2217025899258616,8,757.9,757.9,212.9,213.0,1,61.137812653261406,0.0098087297694948,2.2461991172143208,34.07552721922511,1.31436978911231,1.1574301128003923,0.0,0.0588523786169691,0.0,0.0,61.137812653261406,2,21466.837231636047,208.7748312559079,38.3336379136358,145.71910095214844,125.41638811356,20.849621178185664,283,1.21973185814939,0.2027721222393398,5657,0.276475265361804,55.01691784731816,0.2688848676193364,7,0.0680782084021967,2.209277500173941
NP0215403,Madhesh,Saptari,Tirahut,0,37.71542492196717,86.85333195345983,26.593276820294907,142.8212779339622,608.8751831054688,19423.69379901886,1618.6411499182384,2104.444969177246,1387.30229325728,1664.4416961669922,1686.6615672111511,140.55513060092926,91.81806176424764,77.9198989868164,126.78446197509766,48.86456298828125,7.566220379334748,1.586091269684274,23.288243509913933,155.2022063133296,0.1178793133607463,-0.2551400101270266,1.2901459185763908,12.148421818491236,0.3221075155225268,1,743.8,743.8,181.2,56143.3,1,19.126265316995205,0.0,2.7970165157165687,73.44166222695792,1.5183803942461374,3.0367607884922747,0.0,0.0799147575919019,0.0,0.0,73.44166222695792,2,16459.62828731537,436.4163554134727,83.55141262596634,278.3104248046875,103.25610772709229,11.627477098241505,215,2.7377686434854738,0.3082950045584435,6732,0.3050571116149408,178.4946083446876,0.808839121516199,5,0.1325717530783479,1.645785779245721
NP0215404,Madhesh,Saptari,Balan-Bihul,0,32.97535306599272,86.51955580541399,26.571505344321764,126.23942619912764,554.6290893554688,17168.56196308136,1430.7134969234469,1947.6328992843628,1210.5548206676135,1464.0130615234375,1506.6205496788025,125.55171247323354,83.42054620052323,72.6307373046875,101.8258056640625,29.195068359375,3.9996415664746814,1.2747511010795445,14.544784872491604,155.34329407148758,0.049815750631782,-0.1085231384463467,1.9130516201446008,5.2513397776844295,0.1592504488784414,2,748.1,748.1,132.0,369.0,1,8.408408408408409,0.0,2.702702702702702,79.48948948948949,3.663663663663664,3.663663663663664,0.0,2.072072072072072,0.0,0.0,79.48948948948949,2,17771.650312423706,538.9373777699291,55.36339661191186,181.8370361328125,78.60199854471601,14.0630652103964,198,2.383659043389524,0.4264720132716199,2364,0.1245959906293666,71.6899071639654,0.377845812234416,5,0.1516283992469657,0.9891805085513058
NP0215405,Madhesh,Saptari,Mahadewa,0,34.88144462443111,86.81564033614312,26.550630337792967,140.4330726686646,610.0410766601562,19098.897882938385,1591.574823578199,2099.561721801758,1355.750030517578,1661.6741943359375,1644.051649093628,137.00430409113565,80.93952213526674,72.072998046875,103.50662231445312,31.433624267578125,4.551625379385527,1.2667112415410229,15.145480867587027,162.70135144185943,0.0688991608974968,-0.2212281164939083,0.9353426787424978,13.194345946476862,0.3782626003177485,2,735.4,735.4,90.8,56234.1,1,13.126970478647175,0.0,1.8629979936944685,82.1152192605331,2.2642591000286614,0.5445686443106907,0.0,0.0859845227858985,0.0,0.0,82.1152192605331,2,22773.31405735016,652.8776059177214,50.60736457188924,222.77886962890625,112.88588161125928,4.297079095108012,218,3.23627311961138,0.1231909727757754,8087,0.3483867637789101,231.84246200445008,0.9987738969242648,6,0.1720112244375789,1.4351805641644677
NP0215406,Madhesh,Saptari,Rajgadh,0,47.8086161949412,86.67307330615098,26.495398560868885,139.62184436181013,662.1396484375,18988.570833206177,1582.3809027671814,2152.672770500183,1351.9211939031427,1700.1891860961914,1562.8117089271543,130.23430907726288,72.39521149370232,63.21037292480469,96.71773529052734,33.507362365722656,6.214622908531905,1.335057173922234,15.035062850452409,187.7031202360629,-0.0194875288658889,-0.1440737802573797,1.038662870276739,26.190983363621136,0.5478297731276417,2,719.7,719.7,375.1,375.1,1,9.469696969696969,0.0,1.1574074074074074,86.30050505050505,2.6725589225589226,0.2946127946127946,0.0,0.1052188552188552,0.0,0.0,86.30050505050505,2,22094.618015289307,462.14719801129104,64.98417063320385,145.34950256347656,114.38983039034868,2.846151688335291,274,2.3926613965131387,0.0595321913675562,6088,0.2754670750462326,127.34106285728872,0.5761870913038073,9,0.188250585695729,0.3164183397003402
NP0215407,Madhesh,Saptari,Bishnupur,0,36.52886903945404,86.71779992899238,26.518616117357816,0.0,0.0,0.0,0.0,0.0,0.0,0.0,0.0,0.0,77.07369318290812,64.4590835571289,99.60435485839844,35.14527130126953,5.636653804170301,1.605986148105204,15.295154988684944,186.723965256656,-0.0202104430563532,-0.171424477029549,0.2481801847360509,14.36243948324208,0.3931805134106265,4,719.7,719.7,375.1,375.1,1,13.353277128093556,0.0,2.8555887952134893,79.820505847158,3.073157465324993,0.7070981778623878,0.0,0.1903725863475659,0.0,0.0,79.820505847158,2,18988.034708976746,519.8089951393837,40.92248859693264,156.2784423828125,93.55137291254314,5.3902899935583735,294,2.561025713977083,0.1475624659426613,4664,0.2463807724028627,127.67983577489125,0.6744823447360285,4,0.1095024320539375,1.6863806137634003
NP0215408,Madhesh,Saptari,Chhinnamasta,0,38.61494730489353,86.73155203213264,26.462002042338938,146.45907513183707,709.9852294921875,19918.43421792984,1659.86951816082,2222.209455966949,1424.7431044145064,1778.6792755126953,1634.0736050605774,136.17280042171478,66.69593096840693,60.22306823730469,85.43605041503906,25.21298217773437,3.341660659031644,1.4002975042102246,16.709873729962307,183.03918309338465,-0.004948653297521,-0.0932062880155645,1.276156327798924,21.24375621626081,0.5501433434189528,3,719.7,719.7,375.1,375.1,1,13.30739299610895,0.0,0.9079118028534372,82.12710765239947,3.24254215304799,0.2594033722438391,0.0,0.1556420233463035,0.0,0.0,82.12710765239947,2,21173.51020240784,548.324202936944,47.05224489423964,156.98117065429688,120.59103592161615,14.538962837729134,286,3.122910798491083,0.3765112696628402,10454,0.3688848128659029,270.7241814279312,0.9552902143133456,5,0.1294835380849106,1.0439132727572378
NP0215409,Madhesh,Saptari,Tilathi Koiladi,0,32.83243666166272,86.80603124096174,26.489486917906625,148.75438858481016,687.7950744628906,20230.59684753418,1685.8830706278484,2246.0306067466736,1449.141791603782,1799.9407424926758,1700.910470247269,141.7425391872724,70.44224619715236,64.293212890625,87.0161361694336,22.722923278808597,3.0098743191020096,1.3065459101140773,15.614672545134168,184.61612731696303,-0.0107802102078782,-0.1335152864526467,0.9493758199718086,15.6880969522575,0.4778231087117557,3,735.4,735.4,90.8,56234.1,1,15.927850810149804,0.0,3.0265973708346072,72.48547844695811,2.8737389177621524,1.4062977682665851,0.0,4.280036686028738,0.0,0.0,72.48547844695811,2,25122.15130138397,765.1625604357969,41.524217027080944,149.8081817626953,90.28800280917172,15.166992898090058,203,2.749963511377084,0.4619514857939259,12113,0.4469454707229101,368.9339333788748,1.3612924174001153,8,0.2436614766805084,0.6323116845960188
NP0215595,Madhesh,Saptari,Koshi Tappu,0,70.4977364661091,86.97062682104686,26.64196027105217,156.4853124092607,680.2899169921875,21282.00248765945,1773.5002073049543,2189.0595076084137,1532.7012620405717,1817.7743072509768,1918.234258174896,159.85285484790802,84.86209183752779,77.5,95.62557983398438,18.12557983398437,3.4712744904444257,0.6883031604570672,9.218308440692292,261.6189562697345,-0.0471656337658844,-0.0069488706295931,0.7597186366018874,38.9906189225837,0.5530761819754021,10,764.7,764.7,153.8,1120.2,2,26.191827468785476,0.0993189557321225,14.78433598183882,43.55845629965948,0.0,4.597048808172531,0.0,10.740635641316686,0.0283768444948921,0.0,43.55845629965948,4,0.0,0.0,0.0,0.0,22.94517774127535,0.0,13,0.3254739640088438,0.0,17,0.000606509418807,0.2411424941022402,0.0008603246702802,0,0.0,3.803992518574401
NP0216301,Madhesh,Siraha,Karjanha,0,76.72114058846628,86.17942483072459,26.868167852865096,120.9191061287534,639.9145100911459,16444.998433510464,1370.416536125872,1931.823436419169,1170.146277225379,1482.1950378417969,1497.5418067773185,124.79515056477652,142.52034158554048,90.0,482.66107177734375,392.66107177734375,70.43782720929723,6.131207643773477,47.53206369757483,216.16480219821432,-0.1517542606552796,-0.2076133905249947,0.0919195627630274,26.9954698016962,0.3518648132005809,8,772.7,772.7,162.5,1880.4,1,35.759864565698656,0.2474280505274124,4.961583539523375,48.6261231931241,3.5811954681599167,5.443417111603073,0.0,1.3803880713634589,0.0,0.0,48.6261231931241,3,47088.96836853027,613.7678351409871,178.36730442625102,1120.84130859375,237.80480827929065,12.272116751768795,565,3.0995994905091457,0.1599574336048609,13372,0.7515667400460402,174.29355060983352,0.9796084029530518,4,0.0521368682649816,0.5548532489697645
NP0216302,Madhesh,Siraha,Mirchaiya,0,91.81916774070734,86.25747616475535,26.835283530887235,122.30105926315574,599.3181915283203,16632.94405978918,1386.0786716490984,1913.5263671875,1183.5504764210093,1475.9718551635742,1495.9435731172562,124.66196442643802,168.47146519953392,88.43846130371094,659.2171020507812,570.7786407470703,100.2303707302887,6.581116942330296,55.737994825005806,208.24184179273468,-0.1411938761633299,-0.2628643445243959,1.080075683071569,35.33029546420758,0.3847812644520862,9,772.7,772.7,162.5,1880.4,1,40.07453688479667,0.0219226131754905,3.3980050422010306,51.24410829770909,4.592787460265264,0.591910555738244,0.0,0.0548065329387262,0.0219226131754905,0.0,51.24410829770909,2,70153.73567581177,764.0423824568128,144.6468776820861,884.1351318359375,223.97935938036272,17.746727687492452,651,2.439352968356989,0.1932791172493341,7005,0.5954308089034734,76.2912600099117,0.6484820365448528,4,0.0435638886566233,0.7320486477547242
NP0216303,Madhesh,Siraha,Golbazar,1,111.73602332728191,86.34378921568987,26.814696053685235,126.1275473044199,570.2549896240234,17153.346433401108,1429.445536116759,1916.564960837364,1218.0803975191984,1463.8865661621094,1513.6554723978045,126.13795603315036,192.8011924318872,98.83644104003906,660.7177734375,561.8813323974609,96.906025184684,6.256828566831963,60.13677128179796,212.0676231572905,-0.159358796407117,-0.2543588709904193,0.9986583993549252,33.958324942359525,0.3039156391210866,6,757.8,757.8,129.2,129.2,1,37.88466744878621,0.054146737659056,6.199801461961917,49.40889811388864,4.385885750383539,2.012453749661583,0.0,0.054146737659056,0.0,0.0,49.40889811388864,3,70279.50623226166,628.9780514777094,115.4014880661111,2574.80908203125,271.32996415644413,21.93132354876958,655,2.4283123390001218,0.1962780032410079,9650,0.9054144207079778,86.36426921812438,0.810315593616538,6,0.0536979912237042,0.7846487663588062
NP0216304,Madhesh,Siraha,Dhangadhimai,0,159.19848990945124,86.41362986568258,26.81066702018468,134.50722591900356,591.0827433268229,18292.98272498449,1524.4152270820405,2021.7015729745228,1314.054753159032,1552.4982655843098,1638.698241551717,136.5581867959764,233.8266913796573,100.0863800048828,725.4360961914062,625.3497161865234,115.43493797790588,8.454856429899046,56.3122477958602,189.0679404863532,-0.0403330599437574,-0.2527130905707496,0.0987343019277419,66.7792769262334,0.4194717987853782,16,769.5,769.5,150.8,150.8,1,52.71366580718194,0.0314445632350166,2.8237217785044963,40.26161876611533,2.1696748632161498,1.92440726998302,0.0,0.07546695176404,0.0,0.0,52.71366580718194,2,30788.893684387207,193.3994078831984,244.3562990824381,1614.933349609375,360.4645510867709,19.059595727201263,1111,2.264246044618863,0.1197222143127234,11016,0.8414873803288478,69.19663626373384,0.5285774888992152,4,0.025125866471944,5.250285640595751
NP0216305,Madhesh,Siraha,Lahan,0,166.83425237595932,86.48111005490082,26.7567076486752,129.79806057728973,565.2276611328125,17652.536238511402,1471.0446865426168,1957.7290980815887,1260.2559432983398,1490.128964742025,1564.3261728286743,130.36051440238953,151.04224534570668,95.295654296875,381.2939758300781,285.9983215332031,51.696913715405096,5.168108865450508,48.729643475063504,174.73828100048806,0.0174826898387829,-0.1898365994248138,0.8162548804027157,55.59097831507077,0.3332108216590742,14,769.5,769.5,150.8,150.8,1,41.47058823529412,0.0300120048019207,2.629051620648259,49.30372148859544,3.871548619447779,2.5390156062424967,0.0,0.1500600240096038,0.0060024009603841,0.0,49.30372148859544,2,84702.06154716015,507.7018678171968,44.768531473129045,665.8642578125,414.9381675132343,19.71783970390015,1076,2.487128162256365,0.1181881983051429,21702,1.5240213253541215,130.08120149748842,0.9134942637077637,10,0.0599397297472529,1.2719609616943397
NP0216306,Madhesh,Siraha,Kalyanpur,0,76.68864466744199,86.19960203156032,26.760475194565004,111.92740267953452,543.7254333496094,15222.126764416696,1268.5105637013912,1780.662124633789,1076.2193686745384,1350.1004486083984,1340.9534928798676,111.74612440665562,89.26331460173252,76.36833190917969,118.16217803955078,41.79384613037109,6.706542973032081,1.0390287984920816,13.259686529949914,222.080612088122,-0.1211901622619929,-0.1342150818148724,0.5818809175771887,34.0533014835008,0.4440462030744176,7,772.7,772.7,113.7,113.7,1,8.366064414768264,0.0,5.564283843938203,77.52029327048966,4.529981670594396,1.7412935323383083,0.0,2.2780832678711707,0.0,0.0,77.52029327048966,3,76394.19876670837,996.160501962051,140.94870621163906,857.7588500976562,272.2490194451046,25.97596373290657,729,3.550056473493622,0.3387198175890389,21660,0.922072249024353,282.4407719542827,1.2023582539799622,4,0.0521589606563772,1.6599166628509696
NP0216307,Madhesh,Siraha,Sukhipur,0,54.67503613318094,86.350185155268,26.69662111938935,123.7675461254868,580.5602010091146,16832.386273066204,1402.6988560888503,1924.963982264201,1201.8334480054452,1458.3509775797525,1457.6343874931335,121.46953229109448,96.6882363502818,81.30476379394531,120.60099792480467,39.296234130859375,6.271635072876934,1.205696872947248,11.452215076104762,202.3688169543284,-0.086020205360744,-0.2090234812302291,0.044598775827854,24.16334685454502,0.4419447807164937,3,763.0,763.0,229.3,229.3,1,10.385106771308632,0.0,2.810731885380544,81.78499726227415,4.617630954553751,0.2737725862383646,0.0,0.1277605402445701,0.0,0.0,81.78499726227415,2,57108.19664001465,1044.5022203717774,173.05514133337772,722.4210205078125,173.3722432609121,15.58778607248959,474,3.170958000623921,0.2850987795329456,10387,0.6613791178508238,189.9770120809556,1.2096546516033284,1,0.0182898827458318,1.6851721647093671
NP0216308,Madhesh,Siraha,Siraha,0,94.04631482629408,86.21947442485816,26.64740656648589,102.69167157657006,456.8869527180989,13966.067334413528,1163.8389445344608,1656.5161593755086,1006.6364642056552,1264.0052185058594,1163.370304107666,96.9475253423055,75.86167266847359,61.63768768310547,96.0144500732422,34.37676239013672,5.164146200470605,1.2137519208640544,13.10435063591892,212.86646775684915,-0.0642359507876405,-0.0994211980444975,0.7083771355756142,38.27542022325271,0.4069847956716685,6,757.8,757.8,129.2,129.2,1,10.727562400424857,0.0,1.858736059479554,79.20339883165161,6.2665958576739245,0.4779607010090282,0.0,1.4657461497610196,0.0,0.0,79.20339883165161,3,147379.10857582092,1567.090734475177,84.79810620012711,1382.9205322265625,320.96298402849203,40.291444475842646,779,3.412818297254058,0.4284213001887629,35405,1.6965644160995894,376.46344851889125,1.803966927607091,9,0.0956975296333857,1.579957957427084
NP0216401,Madhesh,Siraha,Naraha,0,29.227737392697563,86.27974837693552,26.775122185863143,115.91311934415032,545.2529296875,15764.184230804443,1313.6820192337036,1810.918405532837,1114.780156915838,1381.357681274414,1382.7590951919556,115.22992459932964,117.09661460935229,97.0,155.9424285888672,58.94242858886719,11.822273424324006,1.458475702020804,17.8638577234838,227.31198884144663,-0.2422165435972683,-0.2234171722618227,1.465690000352368,2.0701297306240694,0.0708275739175514,1,772.7,772.7,113.7,113.7,1,11.724608043626448,0.0,1.4314928425357871,82.07225630538514,4.635310156782549,0.0681663258350375,0.0,0.0681663258350375,0.0,0.0,82.07225630538514,2,34467.76900482178,1179.2828347169088,282.52269676083426,1880.7532958984373,102.30467141995544,19.54236653527473,191,3.5002597034937044,0.6686239948275065,3039,0.2678335333917021,103.97657400463991,0.9163676605997536,2,0.0684281500524119,0.8801869347070496
NP0216402,Madhesh,Siraha,Bishnupur,0,26.299780011385916,86.25120779224234,26.72885654258495,119.35265727954751,549.0606079101562,16231.961390018463,1352.6634491682053,1849.3672964572904,1164.3150988492098,1408.167984008789,1407.0013288259506,117.25011073549588,93.86040888823791,80.31234741210938,111.20250701904295,30.890159606933597,5.748392566831167,1.180760191698804,12.260417780105591,227.14778328230997,-0.2046593744130641,-0.1898634058688669,0.7969387994846754,8.912227896044763,0.3388708153523113,2,749.0,749.0,118.9,2112.9,1,10.768072289156628,0.0,0.9789156626506024,82.60542168674698,5.308734939759036,0.0753012048192771,0.0,0.2635542168674699,0.0,0.0,82.60542168674698,3,28428.551900863647,1080.9425739894452,160.61328757550083,339.7408752441406,84.3454044740002,1.2683485505047296,229,3.2070764256387205,0.04822658402297,3883,0.2749774653733043,147.64382053077784,1.0455504390312729,5,0.1901156586798581,0.6309702741282612
NP0216403,Madhesh,Siraha,Arnama,0,37.69332305544129,86.2882387301684,26.696123766802582,115.33092742457109,560.2648315429688,15685.006129741669,1307.083844145139,1856.9465584754944,1124.5448622270064,1421.9846801757812,1335.5572865009308,111.29644054174425,92.12064153400851,74.23336029052734,117.13140106201172,42.898040771484375,8.466450978522257,1.1991246721677558,12.06293362463042,201.1321332316969,-0.0884894845766888,-0.2289434792487577,0.8919547517309325,20.94736363283055,0.5557314116884862,2,749.0,749.0,122.7,251.8,1,8.492569002123142,0.0,1.5392781316348196,85.32377919320594,4.40552016985138,0.0796178343949044,0.0,0.1592356687898089,0.0,0.0,85.32377919320594,2,30795.58754348755,817.0037833541979,119.3627424166184,297.6656494140625,96.88660114885748,13.693252759376682,210,2.570391605068931,0.3632805932030969,7633,0.3691143734733653,202.5027082057209,0.9792566522470116,2,0.0530597951541257,0.7797927771756372
NP0216404,Madhesh,Siraha,Aurahi,0,35.80478799835169,86.30651897078182,26.64221680927932,113.43667180222624,547.4006652832031,15427.387365102768,1285.615613758564,1828.152650117874,1105.687175403942,1384.7028427124023,1303.8697605133057,108.6558133761088,80.65383149153784,70.73518371582031,96.98636627197266,26.251182556152344,4.241098407243095,1.0610175941321531,12.500219359720454,216.2471071989256,-0.0906589409620247,-0.1236562863562986,0.1334270120272338,4.8659411917456215,0.1359019690877552,2,749.0,749.0,122.7,251.8,1,5.793103448275862,0.0,1.5448275862068963,88.63448275862069,3.696551724137931,0.193103448275862,0.0,0.1379310344827586,0.0,0.0,88.63448275862069,2,43580.88851165772,1217.1804651842654,191.9862930028974,916.1945190429688,91.13025870396234,10.931542630404923,245,2.5451975503432003,0.30530951980244,6462,0.3056251696745043,180.4786555445457,0.8535874299509163,1,0.027929225556259,1.3897173979179676
NP0216405,Madhesh,Siraha,Bariyarpatti,0,37.646550652590165,86.36701391659417,26.63023133505188,122.95864422882303,611.9415283203125,16722.375615119934,1393.5313012599945,1947.9310364723208,1191.6907695423472,1455.1421813964844,1438.307729721069,119.85897747675578,84.0714035899687,73.5,98.03840637207033,24.538406372070312,3.060218161364033,1.2858426991535918,12.21313223246174,208.77242015532292,-0.0756316060542983,-0.1377303818674711,0.2553694582068106,16.75607379355843,0.4450892180849927,3,763.0,763.0,229.3,229.3,1,7.307998937018337,0.0,2.2854105766675525,85.67632208344406,4.411373903800159,0.2923199574807334,0.0,0.0265745415891575,0.0,0.0,85.67632208344406,2,40064.37159729004,1064.2242357609866,242.81437331690933,980.91748046875,110.60542016199064,15.955168602351606,299,2.9379961309783567,0.4238148867764557,6856,0.3313809470854031,182.11495824062416,0.8802425224649458,2,0.0531257171063664,1.2215305746698168
NP0216406,Madhesh,Siraha,Laxmipur Patari,0,42.24928129130033,86.4123372080289,26.66880244645058,123.19833638738184,630.4721069335938,16754.97374868393,1396.2478123903277,1968.1362557411196,1186.7713456587358,1466.7679901123047,1419.8557467460632,118.3213122288386,95.7628700354633,83.20305633544922,116.82699584960938,33.62393951416016,6.216332180762701,1.1381733914050902,12.414558864357836,197.8211938404226,-0.0725703022190934,-0.2257431011873975,0.4633569972603696,18.345071818948057,0.434210269577427,3,763.0,763.0,229.3,229.3,1,8.051148472649775,0.0,0.8761543926118873,86.24200805114847,4.025574236324887,0.6630357565711579,0.0,0.1420790906938195,0.0,0.0,86.24200805114847,2,39992.775634765625,946.5906735554494,176.17962834698514,564.5523681640625,120.41896728377708,0.0,294,2.850201556175889,0.0,6838,0.3834832833660039,161.84890703473417,0.9076681819081456,1,0.023669041683933,1.8198006498108468
NP0216407,Madhesh,Siraha,Nawarajpur,0,32.11325695506526,86.43264645917819,26.60788920303297,123.7283236466202,580.8713785807291,16827.05201594035,1402.2543346616958,1913.8544352849324,1196.4045239072857,1458.3229217529297,1457.9063181877136,121.49219318230946,86.47155343109615,76.12352752685547,105.96163177490234,29.838104248046875,4.009236803306,1.3428338071492834,13.168228980415456,213.31980577333624,-0.0833329041084201,-0.1267667060747209,0.7141105059027206,19.259644965881204,0.5997412530541646,1,700.9,700.9,397.2,397.2,1,8.1727781230578,0.0,0.8390304536979489,86.97949036668739,3.82224984462399,0.1864512119328775,0.0,0.0,0.0,0.0,86.97949036668739,2,20857.38821220398,649.4946383479213,74.75766384302501,193.96173095703125,97.4409529646466,7.939258769078725,215,3.034290576660962,0.2472268315913206,5366,0.2827898479619579,167.09610014046285,0.8806015794587698,2,0.0622795751548501,2.430914470199689
NP0216408,Madhesh,Siraha,Sakhuwa Nankarkatti,0,32.77765959463024,86.46918557007766,26.636794523993714,0.0,0.0,0.0,0.0,0.0,0.0,0.0,0.0,0.0,93.3677719406466,84.83722686767578,109.79462432861328,24.9573974609375,3.661705177235738,1.1972589829131168,18.880220847272387,213.8420587197267,-0.0733494057210935,-0.1093942368933915,1.9715717040512384,15.896357281651476,0.4849753606037107,1,748.1,748.1,132.0,369.0,1,9.28679817905918,0.0,4.643399089529591,75.23520485584218,3.6418816388467374,6.130500758725342,0.0,1.062215477996965,0.0,0.0,75.23520485584218,3,30148.99974822998,919.8033087502412,79.33947302165784,354.06915283203125,96.79504033712251,12.807968030620946,211,2.9530796748215624,0.3907529759299592,4740,0.2474302804926408,144.61069089803243,0.7548747639479906,2,0.0610171691552879,1.3800832046723317
NP0216409,Madhesh,Siraha,Bhagawanpur,0,32.96439780583406,86.47185219800478,26.58608945446324,125.78507203564924,570.4910888671875,17106.769796848297,1425.564149737358,1953.3091340065,1215.681748823686,1480.6055908203125,1488.0185842514038,124.001548687617,85.29250165971784,77.5,100.7339859008789,23.233985900878903,3.0514201536528867,1.1656944902244513,13.527045782019474,201.64540599116248,-0.0470775274291794,-0.1186295059070996,0.1059992836795779,20.94506119609897,0.6353843112641997,2,748.1,748.1,132.0,369.0,1,8.201701093560146,0.0,2.187120291616039,82.41190765492102,3.5844471445929527,2.5820170109356013,0.0,1.0328068043742409,0.0,0.0,82.41190765492102,2,19282.78189849853,584.957808484093,46.35284110215994,174.37123107910156,84.45376014804764,7.835987166740787,192,2.561968844251144,0.2377106116998129,5762,0.2988192400311761,174.79463856549617,0.9064908201608064,1,0.0303357581682568,1.6991041482457678
NP0217201,Madhesh,Dhanusa,Janakpurdham,0,91.85853409607306,85.93425952622991,26.725693140627264,97.9442024575729,593.5254516601562,13320.411534229914,1110.0342945191594,1699.660143216451,1020.6436053189364,1395.9671427408853,1112.9927413463593,92.7493951121966,74.46758509225104,62.666236877441406,92.97990417480467,30.31366729736328,4.704544407573401,1.2154441687990585,12.441175176333427,194.9799118275276,-0.0343101698745436,-0.1282271084366161,1.432187304441149,33.14513490997997,0.3608280410322477,4,786.5,786.5,306.3,306.3,1,13.21354223731785,0.0,1.8954749643913664,69.04787991673058,15.317190752711737,0.0986085241590884,0.0,0.4053905993206968,0.0219130053686863,0.0,69.04787991673058,3,50946.92818471789,554.6237884814653,16.450412717054533,404.48675537109375,587.6390225109267,78.63246662400941,2303,6.39721750726314,0.8560169982874889,42587,3.0502720040681,463.6150622157663,3.3206190737573493,18,0.1959534862724257,0.651349060337205
NP0217301,Madhesh,Dhanusa,Mithila,0,187.6885893616192,85.96471793203062,26.97899950715392,128.6202959459202,683.0362040201823,17492.360248645145,1457.6966873870954,2050.7116850217185,1246.390489982836,1600.1471354166663,1618.3572323322296,134.86310269435248,271.6368264973535,109.81157684326172,717.7129516601562,607.9013748168945,105.25385865996478,7.101204707845917,49.34324380856986,200.5705460005712,-0.1045894378897427,-0.278690610085276,0.4643948160747502,69.85409105138592,0.3721808091209966,14,808.1,808.1,177.6,177.6,2,66.13461026868848,0.0691673317371641,4.501197126895451,21.245011971268955,2.5485501463155096,5.480180899175313,0.0,0.0212822559191274,0.0,0.0,66.13461026868848,3,35398.74774932861,188.6036219342345,165.41470910901222,10263.103515625,321.73206290537826,47.51506914492195,620,1.7141801960347085,0.2531590721979095,14839,1.0108515308669035,79.0618121776691,0.5385791082479171,29,0.1545112577095763,2.8775604038833937
NP0217302,Madhesh,Dhanusa,Ganeshman Charnath,0,243.94569959355,86.12327360620556,26.939259420845374,130.61625181471598,715.99462890625,17763.810246801375,1480.3175205667812,2099.073995542526,1278.3529005570845,1651.8004943847657,1626.258719587326,135.52155996561052,215.2622846748545,93.81017303466795,485.6191101074219,391.8089370727539,77.77115840350827,9.651312877820503,55.189435178206345,176.4059258671082,0.0110461644526595,-0.1758640028556386,0.9216749497965424,82.30016236278561,0.3373708267860839,22,801.4,801.4,193.7,1578.6,2,71.37816436220407,0.0164116030033233,3.4915685389570426,20.128831083576088,1.169326713986789,3.2412915931563617,0.0,0.5744061051163173,0.0,0.0,71.37816436220407,2,26165.61425209045,107.25999390719444,108.12237294252252,740.0765380859375,249.00684134902008,26.17663589628661,476,1.0207470013363742,0.1073051746347683,7460,0.5050871269769729,30.580575974200308,0.2070489981247973,5,0.020496364593968,2.2567111536811377
NP0217303,Madhesh,Dhanusa,Chhireshwornath,0,50.78034827107303,85.97330806417574,26.84649964182352,113.8305237687686,656.7227478027344,15480.951232552528,1290.0792693793774,1940.0323592424395,1116.1298765702682,1512.221221923828,1382.4253821372986,115.20211517810822,110.98120436168792,86.7514877319336,158.3717041015625,71.6202163696289,13.811358715222974,1.3701987967095888,13.918174510791395,199.07113604325005,-0.0979100472483191,-0.2832086838553574,1.2031421126352064,23.925645463705724,0.4711595386464677,1,786.5,786.5,306.3,306.3,1,16.738958990536275,0.0394321766561514,7.176656151419558,64.01813880126183,8.32018927444795,2.917981072555205,0.0,0.749211356466877,0.0394321766561514,0.0,64.01813880126183,4,23656.997674942017,465.8691497871865,79.12039356167898,526.0082397460938,218.8012253271692,19.442375073702337,498,4.308777564091838,0.3828720309265319,11394,0.783712850942101,224.3781381564604,1.5433388655755678,19,0.3741604901678732,1.786929037986498
NP0217304,Madhesh,Dhanusa,Dhanushadham,0,91.51408595486534,86.04302783646176,26.874161877654707,121.466836274985,688.5928344726562,16519.48973339796,1376.62414444983,2047.4487275481224,1183.8527675975454,1583.1000480651855,1500.9607133865356,125.08005944887798,135.0139636784801,90.67008972167967,336.79913330078125,246.1290435791016,38.83753329766362,2.7067742590821697,44.99514367067221,174.93075870343057,0.0264473342432096,-0.2981441588594097,1.1780792301172538,22.13628288395783,0.2418893512729332,5,786.5,786.5,361.4,361.8,1,31.429821682529266,0.0109397221310578,5.491740509791051,58.72442839951864,3.2381577507931296,0.853298326222514,0.0,0.2406738868832731,0.0109397221310578,0.0,58.72442839951864,3,36914.44269180298,403.3744347291973,187.38295782641103,576.2171020507812,203.0254766513073,33.209919369924215,293,2.218516139159596,0.362894072791191,10081,0.6780029285288579,110.15790514448167,0.7408727535816162,5,0.0546363977504621,1.649608571911821
NP0217305,Madhesh,Dhanusa,Mithila Bihari,0,37.545833172103634,86.00102260373504,26.79743577938579,101.63102979607442,587.4143371582031,13821.82005226612,1151.8183376888437,1743.2112736701963,1021.49918088046,1379.4945373535156,1199.5341293811798,99.96117744843166,93.01770144128749,78.10792541503906,120.48249816894533,42.37457275390625,7.096571868246155,1.3937616725784856,16.158147901310883,185.60082571106923,-0.0213629310624846,-0.2178436990763382,2.204268780336112,0.0,0.0,0,786.5,786.5,361.4,361.8,1,15.157950623838598,0.0,2.2298911600743296,76.2410406158747,5.78709848685957,0.3981948500132732,0.0,0.1858242633395274,0.0,0.0,76.2410406158747,3,26419.917585372925,703.6710961844573,97.85154661249231,527.4256591796875,121.98574484026838,0.1714295036608097,240,3.2489822314265004,0.0045658729392155,8389,0.546399026589364,223.4335821380303,1.4552853950124505,11,0.2929752537273016,0.1539049151642533
NP0217306,Madhesh,Dhanusa,Sabaila,0,64.37823902401436,86.10217950595562,26.7987217882263,113.73502442941948,593.7421875,15467.963322401049,1288.9969435334206,1865.9146738052368,1102.7398938265717,1419.7000274658203,1395.5931268930435,116.29942724108696,90.1195986769534,79.12407684326172,111.85015106201172,32.72607421875,4.236443358812111,1.0175356146727077,14.67418105885387,189.12881358163023,-0.0267225296852803,-0.1662987673485868,0.0666619021821655,25.36384387807507,0.3939816351393807,6,786.5,786.5,361.4,361.8,1,8.883720930232558,0.0,2.201550387596899,79.25581395348837,5.333333333333334,1.5813953488372092,0.0,2.728682170542636,0.0155038759689922,0.0,79.25581395348837,3,50029.1647567749,777.1129735020094,76.14789156282329,1513.5062255859375,214.8199403209218,29.999004301033548,513,3.336840888747977,0.4659805045279869,12852,0.8436236098401186,199.63267394136005,1.3104173438565636,8,0.1242655922448553,0.9570541549188176
NP0217307,Madhesh,Dhanusa,Hansapur,0,48.6453375358259,86.02748059814778,26.75799279400383,0.0,0.0,0.0,0.0,0.0,0.0,0.0,0.0,0.0,81.55348826060286,69.5181655883789,102.89312744140624,33.374961853027344,4.590692691897283,1.3713077714306532,14.619825041409682,183.2063346050201,-0.0096827503096425,-0.1728458033421639,0.0395031747202347,25.26010487997541,0.5192708316880743,5,786.5,786.5,361.4,361.8,1,16.140278917145203,0.0,1.0049220672682526,78.30188679245283,4.286300246103363,0.1230516817063166,0.0,0.1435602953240361,0.0,0.0,78.30188679245283,2,29990.48398208618,616.5130205952224,135.70354743025422,557.1897583007812,140.72961100609533,18.817384722454257,181,2.892972238140027,0.386828125277079,7469,0.4486135431684232,153.53989464045335,0.9222128283888096,12,0.2466834563777534,0.6410154352327532
NP0217308,Madhesh,Dhanusa,Shahidnagar,0,57.286119793055136,86.10672126148411,26.73499975461004,113.69687804462863,564.8594156901041,15462.775414069494,1288.5646178391246,1853.5694449742637,1116.692716887503,1420.7054341634114,1350.7821940581005,112.56518283817503,81.07571985561106,72.44086456298828,99.85335540771484,27.41249084472656,3.905119698435314,1.1163608657201305,13.601316254940755,206.89901571493075,-0.0562180565514645,-0.1108165611532622,1.6074310005412749,14.49759937665658,0.2530735094125565,2,786.5,786.5,361.4,361.8,1,11.322732832430544,0.0,1.1707146601432814,81.44329896907216,5.486632884850603,0.1922068845011357,0.0,0.3844137690022715,0.0,0.0,81.44329896907216,3,37753.2790184021,659.0301307678893,84.45923717763333,353.25048828125,186.07419803630347,16.396303335761054,501,3.2481550279281,0.2862177329341269,9943,0.5342314662054739,173.56734992558182,0.9325670304349002,2,0.0349124710702166,1.5918283078081248
NP0217309,Madhesh,Dhanusa,Nagarain,0,38.95427479872569,85.92450516505527,26.64434820101504,88.96059923312244,481.1886596679688,12098.64149570465,1008.2201246420542,1532.4369320869446,929.4482040405272,1237.9334716796875,1033.2735579013824,86.1061298251152,64.94087638008676,60.08068084716797,79.23921203613281,19.158531188964844,2.2523724453225227,1.3118138308101797,13.73789069179604,221.605719238206,-0.0452685885216638,-0.0509769883527532,0.989838285251096,9.692014334770654,0.2488048971479687,2,786.5,786.5,306.3,306.3,1,15.331100231898995,0.0,1.829425405823241,77.66039680494717,4.89564545220304,0.0257665550115949,0.0,0.2576655501159495,0.0,0.0,77.66039680494717,2,31714.090927124023,814.1363455227636,103.30322777564828,337.26300048828125,189.2334210415476,6.705137526417626,521,4.857834525717777,0.1721284136609564,8561,0.4983842796363785,219.77048845689345,1.2794084403098225,20,0.5134224704050776,0.5525250291716656
NP0217310,Madhesh,Dhanusa,Bideha,0,45.44632983433523,86.06032181004645,26.678937510959056,108.02436847721827,539.2048645019531,14691.314112901688,1224.2761760751407,1816.03697681427,1085.7700739773836,1411.1490859985352,1234.2741819620132,102.85618183016776,72.69269616660958,64.99363708496094,88.07984924316406,23.086212158203125,3.0114103317704703,1.343944581907259,12.865385120449178,207.06833276009132,-0.0334864990380511,-0.0655276389834813,1.0894310731914465,18.119467396548217,0.3987003452775794,5,780.6,780.6,165.0,325.6,1,12.827859819263832,0.0,0.8595988538681949,81.88230108000882,4.209830284328852,0.0220409962530306,0.0,0.1983689662772757,0.0,0.0,81.88230108000882,2,101910.78805828094,2242.442644538617,167.61642772743576,4485.439453125,101.64141858672684,12.934065361584572,184,2.2365154448607547,0.2846008777547694,10540,0.4155969113979031,231.92191841280237,0.9144784912508266,1,0.0220039770790135,1.2910360777447147
NP0217311,Madhesh,Dhanusa,Kamala,0,65.74503475070559,86.15585576812913,26.69952876920092,110.06953996712086,502.15870157877606,14969.457435528437,1247.4547862940365,1753.3643194834392,1083.6619512384589,1348.9966735839844,1278.0595643520355,106.50496369600296,78.08645192050913,68.96037292480469,93.35558319091795,24.39521026611328,3.4287515644522397,1.0632677143167772,13.177062022075678,202.79341612193096,-0.0242081187015924,-0.0576073680623574,0.8682714313556458,43.88502565285848,0.6675032695512796,10,749.0,749.0,118.9,2112.9,1,11.127979353271597,0.0,9.093669348717173,67.96720813724002,4.736602398664036,2.5504782146652496,0.0,4.524062547441931,0.0,0.0,67.96720813724002,3,26364.771836280823,401.01540650562777,71.83861535771341,1129.248779296875,177.72873718336209,15.428260122104916,428,2.7033028099731085,0.2346680655140932,11762,0.5884831789347122,178.90324409439555,0.8950990461350339,32,0.4867287715542134,2.156425470325058
NP0217401,Madhesh,Dhanusa,Bateshwor,0,31.617775172805317,85.92269615404633,26.88504223873573,121.79983759715276,704.3650512695312,16564.777913212776,1380.398159434398,2040.8265738487244,1190.8322746970437,1604.842544555664,1488.7817199230194,124.06514332691827,128.43030108980295,92.1867904663086,174.73521423339844,82.54842376708984,17.452371250448973,1.8704493226869048,11.954070948000336,196.64334408131143,-0.0935084820347021,-0.3128034515648825,0.0113835036694677,4.4373506956638336,0.1403435463568111,1,808.1,808.1,177.6,177.6,1,30.60520539354029,0.0313577924114142,5.111320163060521,55.59736594543744,5.76983380370022,2.539981185324553,0.0,0.3449357165255566,0.0,0.0,55.59736594543744,4,19725.02431488037,623.8587062838632,519.0795872336939,4103.97265625,127.33998781506074,21.093556489564897,252,4.027480969773826,0.6671423392151774,5377,0.3638598334259509,170.06256672432784,1.1508078333699758,19,0.6009277976124658,0.5791232120384123
NP0217402,Madhesh,Dhanusa,Laxminiya,0,30.61885221708219,85.93412585312004,26.798148968498484,103.91103121550644,595.7576904296875,14131.900245308876,1177.6583537757397,1772.0199966430664,1035.2934809598055,1399.750144958496,1231.4275577068329,102.61896314223608,89.43795697947614,78.89151763916016,105.77567291259766,26.8841552734375,4.849092496066974,1.2134524554075778,12.039786714348343,208.60451846897269,-0.1090768673716857,-0.2000235928212701,1.757292921509188,3.3097452998055377,0.1080950153304256,1,786.5,786.5,306.3,306.3,1,13.47167325428195,0.0329380764163372,2.8326745718050064,75.65876152832675,7.575757575757576,0.3623188405797101,0.0,0.0658761528326745,0.0,0.0,75.65876152832675,3,19417.081441760063,634.1544517768474,16.899113526336,525.620849609375,133.45934993576174,18.49645675083937,369,4.358731313295443,0.6040872015614042,3675,0.2835338326859666,120.02409410858732,0.9260106508100382,17,0.5552134965567305,0.4553354274803912
NP0217403,Madhesh,Dhanusa,Aurahi,0,25.520958248547934,86.01564561644564,26.711773242179795,109.71431073721718,578.4921264648438,14921.146260261536,1243.4288550217946,1829.5941543579104,1114.170773592862,1443.0738220214844,1260.5862231254578,105.04885192712148,73.24431833955845,68.8767318725586,84.50686645507812,15.630134582519531,1.9539434908415496,1.2028590439020397,13.126061333203909,209.3143475867853,-0.0429211905630358,-0.0764398042843167,1.5201714351948743,5.172558912118107,0.202678867374128,3,786.5,786.5,361.4,361.8,1,15.215686274509803,0.0,0.9411764705882352,78.82352941176471,4.784313725490196,0.0392156862745098,0.0,0.196078431372549,0.0,0.0,78.82352941176471,2,16539.7109375,648.083460519789,73.83799525669643,384.6842346191406,66.19800801952594,15.122178144987188,133,2.5938684345166547,0.5925395903128987,6149,0.2698099309748205,240.9392288532057,1.0572092487560565,1,0.0391834816804693,1.7977386842707677
NP0217404,Madhesh,Dhanusa,Dhanauji,0,22.098923668671794,85.98316563183063,26.677259044843183,98.29025066600128,546.994384765625,13367.474090576172,1113.956174214681,1685.4045238494873,1013.9182815551758,1350.9304809570312,1109.851665019989,92.48763875166576,69.0240728386824,63.25859451293945,84.56524658203125,21.3066520690918,2.2417910161841,1.3085268513776014,12.099979395352948,207.6621414679607,-0.0398486003297124,-0.0760224075526949,0.6052465164144867,0.0,0.0,0,786.5,786.5,361.4,361.8,1,14.90711372904395,0.0,2.1295876755777075,77.93384685092887,4.666968735840507,0.0906207521522428,0.0,0.1812415043044857,0.0906207521522428,0.0,77.93384685092887,2,19833.376304626465,897.4815516804084,168.07946020869886,719.563232421875,60.457109383541926,0.9958385962926846,99,2.73574904778046,0.0450627646496838,6701,0.2597576512533608,303.2274377009398,1.1754312343347395,3,0.1357532178932725,0.9195043808784696
NP0217405,Madhesh,Dhanusa,Mukhiyapatti Musaharmiya,0,26.80564683391188,85.87845557653927,26.60421485570961,95.53555066445294,512.2350463867188,12992.8348903656,1082.7362408638,1660.573082447052,983.2912583784624,1334.1964263916016,1071.7790846824646,89.31492372353871,61.55942570250083,55.70399856567383,73.11051177978516,17.406513214111328,2.101711111365243,1.5093710990565623,12.49941008427149,235.86683112702812,-0.0482223297025788,-0.0326897006042161,0.6733062131436078,10.656297756480576,0.3975392879905913,3,786.5,786.5,306.3,306.3,1,21.09375,0.0,1.0788690476190477,73.21428571428571,4.501488095238095,0.0744047619047619,0.0,0.0,0.0372023809523809,0.0,73.21428571428571,2,19306.69760131836,720.2474061134544,45.96832762218657,266.9385681152344,167.41184283725593,0.0,502,6.245394631755832,0.0,5287,0.3050861409232282,197.2345615369149,1.1381413133342604,17,0.6341947316299514,0.4271729919303451
NP0217406,Madhesh,Dhanusa,Janak Nandini,0,27.57427355755552,86.13368097562976,26.6445969495955,0.0,0.0,0.0,0.0,0.0,0.0,0.0,0.0,0.0,72.2517099755112,65.6758804321289,83.89263153076172,18.21675109863281,1.976854762396682,1.1875923796435526,12.074813319526765,235.98359848627032,-0.0563072056959244,-0.0380031461671854,2.248079473708355,0.0,0.0,0,797.4,797.4,160.8,160.8,1,11.582024113993423,0.0,4.713189623675557,75.3014249177932,5.26123492875411,0.7672634271099744,0.0,2.3748629886737302,0.0,0.0,75.3014249177932,3,26312.222663879395,954.2308561260244,74.11893708135041,334.96051025390625,122.7830297767908,4.502000963887522,579,4.45281104216606,0.1632681620602094,7983,0.3694494346360052,289.5089868219796,1.3398337905978082,2,0.0725313758792382,2.1621411199763343
NP0218301,Madhesh,Mahottari,Bardibas,0,315.2226984296577,85.85523282891378,27.03595387170299,130.17362632295664,653.0000793457032,17703.613179922104,1475.301098326842,2036.628695011139,1256.408383386785,1568.0592468261718,1666.2718541145323,138.8559878428777,322.0447686356041,101.99662017822266,787.9960327148438,685.9994125366211,145.276929537321,8.251819255716155,56.32392652759318,198.8627004185834,-0.0872261956962189,-0.2553091030466876,1.116808235911623,141.0623571256133,0.4475006331344235,24,823.5,823.5,180.7,180.7,2,66.8729662476871,0.051043195304026,4.150449818158617,21.655075607733043,1.7641804376953996,5.477572896063294,0.0,0.0287117973585146,0.0,0.0,66.8729662476871,3,46991.82067108154,149.07499017418576,150.61480984321008,3914.372314453125,656.3156130984811,51.05790631967725,1331,2.0820696490704607,0.1619740791955401,20484,1.3547458711132705,64.98263006453841,0.4297742129174696,53,0.1681351002450954,0.2797866119722751
NP0218302,Madhesh,Mahottari,Gaushala,1,144.59039200403777,85.78147328498079,26.94946206110509,130.0135707732509,683.5220825195313,17681.845625162125,1473.487135430177,2120.555714225769,1267.074515880238,1655.8880432128906,1632.0344000816344,136.00286667346953,142.30339768185053,93.95668029785156,232.7787322998047,138.82205200195312,29.44215622724512,1.7619735956091371,21.51797042175491,202.671496666468,-0.1385093999709126,-0.3315806187444703,0.2103083035714801,87.89255083838721,0.6078726920937648,13,823.5,823.5,180.7,180.7,2,38.633849557522126,0.1935840707964601,3.9477323008849554,49.77184734513274,3.284015486725664,4.113661504424779,0.0,0.0553097345132743,0.0,0.0,49.77184734513274,2,52191.91381072998,360.9639139042689,219.29375550726883,4932.537109375,461.5472594351382,54.65076901435228,662,3.19210186125126,0.3779695749965608,13097,0.8991251544460866,90.58001585357248,0.6218429468127993,37,0.2558952879729848,0.4040719741931871
NP0218303,Madhesh,Mahottari,Aurahi,0,35.71841314325035,85.80062443040954,26.86588675732407,124.16082865701004,651.5972290039062,16885.872697353363,1407.1560581127803,2030.3127694129944,1205.3256516890092,1581.2988891601562,1535.5356097221377,127.96130081017812,100.02575405551154,82.652587890625,132.0434112548828,49.39082336425781,8.08155898551802,1.1609954656900567,13.399580062086349,203.5107441187793,-0.111454405461544,-0.2561961948223053,1.7803234585167318,14.781070522426171,0.4138221500251426,2,783.5,783.5,244.2,549.1,1,12.893258426966293,0.0842696629213483,5.0,75.81460674157303,5.168539325842696,0.8146067415730337,0.0,0.2247191011235955,0.0,0.0,75.81460674157303,4,28579.71964836121,800.139679602812,110.77410716419072,435.3281555175781,164.00535529678578,54.36679694278799,271,4.591619303999724,1.522094408974649,6237,0.359049756279858,174.6158199969921,1.0052231459440046,18,0.5039417604530796,1.0343251872318275
NP0218304,Madhesh,Mahottari,Bhangaha,0,77.1268480845739,85.87201871965478,26.849349963548963,118.06076604420063,661.4644775390625,16056.264182011286,1338.0220151676072,1985.5228856404624,1152.8849736993964,1546.8621622721355,1427.8515566190083,118.98762971825067,99.66245405633263,80.32842254638672,141.0272674560547,60.69884490966797,10.634061762270909,1.0789367567038306,14.515492200282676,197.279218253301,-0.0943787072725245,-0.3034026959323352,0.4439505922161125,41.39677585080614,0.5367362582406098,9,808.2,808.2,126.0,257.6,1,11.590226055141772,0.0261335424016725,5.383509734744544,76.38834444008886,3.75016333464001,2.077616620932967,0.0,0.7709395008493402,0.0130667712008362,0.0,76.38834444008886,3,37027.53617858887,480.0862099017207,172.2210985050645,1082.5838623046875,278.3927262142849,30.11709986604508,616,3.6095436690089,0.3904878860474111,9090,0.5485540563561834,117.85779175148332,0.7112361907421177,38,0.4926948390051008,0.3684045540691589
NP0218305,Madhesh,Mahottari,Ram Gopalpur,0,39.497428341123374,85.78349936752487,26.80998534895469,113.16574941896926,611.3661295572916,15390.541920979818,1282.5451600816516,1900.2683525880177,1100.9025800300367,1475.9349161783853,1365.5174463589988,113.79312052991656,84.20205850937845,74.20903778076172,100.60758209228516,26.39854431152344,4.355770609425617,1.3078666772222474,12.67047210424758,185.66946501693343,-0.0161665641045153,-0.1628461902945377,1.4325287372761843,13.436014243838356,0.34017440649039,2,783.5,783.5,244.2,549.1,1,16.868993424380374,0.0,2.85786545270612,74.6332827516439,4.855842185128983,0.5816894284269095,0.0,0.2023267577137076,0.0,0.0,74.6332827516439,2,26036.50551700592,659.1949554826484,108.48543965419134,413.48974609375,134.48776227958842,21.71938555055376,246,3.4049751573209224,0.549893663024645,5768,0.3335585282439141,146.03482409497926,0.8445069521061055,13,0.3291353525025537,0.654439982708679
NP0218306,Madhesh,Mahottari,Manara Shisawa,0,49.68004965924626,85.75327105466165,26.724685902678573,114.12691794598804,611.4822692871094,15521.260840654371,1293.4384033878644,1963.037650823593,1135.790766282515,1563.7522277832031,1328.9719681739807,110.7476640144984,70.76211826020175,59.72164535522461,89.75959777832031,30.037952423095703,4.585377783684624,1.491053502637553,16.016683358955795,197.9036914870612,-0.0315394631360656,-0.0976265512044028,1.5850098960717394,11.903181168202291,0.2395968049518026,4,783.5,783.5,244.2,549.1,1,23.2923634898247,0.0,0.6649204110417086,70.03828329639332,5.923836389280677,0.0402982067298005,0.0,0.0402982067298005,0.0,0.0,70.03828329639332,3,38555.62503242493,776.0786331108086,54.53412310102536,217.03582763671875,145.9853160690815,48.702222869883535,275,2.9385098660405893,0.9803175158626128,9173,0.5099673412837632,184.64152235992697,1.0265032840780386,19,0.3824472827688447,0.5908483852631768
NP0218307,Madhesh,Mahottari,Balawa,0,44.0283799225215,85.81936260305255,26.768455088189864,108.13130527997718,604.0966186523438,14705.857518076897,1225.488126506408,1854.5637986660004,1079.226484818892,1482.3905715942385,1259.5296432971954,104.96080360809962,78.86580027886541,69.07537841796875,98.86717987060548,29.79180145263672,5.065163163078019,1.4500727045043786,12.732154966528716,208.25389949456076,-0.0697418726024409,-0.1297747525165811,2.0106325225673016,1.5433974808715911,0.0350546053156525,1,776.0,776.0,202.1,637.3,1,21.470856102003644,0.0,5.601092896174864,66.32513661202186,5.942622950819672,0.4553734061930783,0.0,0.1821493624772313,0.0227686703096539,0.0,66.32513661202186,4,33882.45319366455,769.5593899500471,179.27223911991825,1152.9462890625,202.4838704385953,16.501477260451296,464,4.598939838234207,0.3747918340281791,11138,0.6983862960353743,252.97319637015903,1.586218473776125,24,0.5451029550084232,0.5522203875468784
NP0218308,Madhesh,Mahottari,Loharpatti,0,50.00851459106321,85.8649974937294,26.76951380703436,102.4542787530843,578.1531372070312,13933.781910419464,1161.1484925349553,1785.208785057068,1015.902378429066,1405.228775024414,1187.7738633155825,98.98115527629852,79.07628707822217,65.90116882324219,97.13298034667967,31.2318115234375,4.762986579151902,1.2889551878539391,15.356175675910112,191.3739444310833,-0.0316745992595044,-0.1574580325872676,0.5461625825023703,19.25575723012305,0.3850495738092599,4,808.1,808.1,177.6,177.6,1,18.83912432215304,0.0401687085760192,4.980919863426391,70.97810805382608,4.780076320546294,0.2811809600321349,0.0,0.1004217714400482,0.0,0.0,70.97810805382608,2,32022.79229736328,640.3468001244318,61.93963693880712,368.8287963867188,219.11575871664024,20.97725635098785,588,4.381569028962868,0.4194736940804196,10616,0.7051279128593134,212.2838497965932,1.4100157115750915,39,0.7798671949950201,0.833285139643795
NP0218309,Madhesh,Mahottari,Jaleshwor,0,44.211086352972615,85.79951097346957,26.646632596979774,103.78351747989656,559.309814453125,14114.55837726593,1176.2131981054945,1804.7837059497836,1053.8312142112038,1458.3284912109375,1178.0327577590942,98.16939647992452,63.59004121095265,57.74137878417969,75.51001739501953,17.768638610839844,2.419243803306915,1.5083341439009152,12.22763980572157,204.5110909460004,-0.0272905532590896,-0.0598529479123772,1.3208411609299515,20.808819972247697,0.4706697276360543,3,776.0,776.0,202.1,637.3,1,27.35527809307605,0.0,1.7707150964812717,62.451759364358686,8.240635641316686,0.1589103291713961,0.0,0.0227014755959137,0.0,0.0,62.451759364358686,3,46272.91632556915,1046.6360395701497,45.01256451903614,339.30987548828125,249.54184299557596,43.52182623068733,720,5.644327330101842,0.9844097899612244,17692,1.089239392965902,400.1711213054245,2.46372456055395,26,0.588087788488641,0.2891445626988287
NP0218310,Madhesh,Mahottari,Matihani,0,28.987977052636214,85.85977285402255,26.642752848790558,0.0,0.0,0.0,0.0,0.0,0.0,0.0,0.0,0.0,63.689394158494274,56.77981185913086,75.7692642211914,18.989452362060547,2.177155898729387,1.3410045311536258,13.121732507434292,192.04474567460787,-0.0183670934305971,-0.0860797689374522,1.1863206176158516,7.4077634563437105,0.2555460645940464,1,786.5,786.5,306.3,306.3,1,17.94782608695652,0.0,1.4956521739130435,74.3304347826087,6.086956521739131,0.0347826086956521,0.0,0.0695652173913043,0.0347826086956521,0.0,74.3304347826087,3,24350.50473022461,840.0208364319142,85.74121383881905,348.7645263671875,162.15526431946887,21.77545542161093,513,5.593879973929473,0.7511892044785039,4911,0.2652719434775891,169.41506442766365,0.9151102299960764,15,0.5174559084534626,0.3243094883568299
NP0218401,Madhesh,Mahottari,Sonama,0,57.72016668966384,85.72287893857116,26.866924998964205,121.60509314607172,643.4957275390625,16538.292667865753,1378.1910556554794,2023.293662071228,1180.9758390946822,1573.710220336914,1522.8996884822843,126.90830737352373,93.31539810978796,80.8895034790039,118.3862762451172,37.49677276611328,6.386609962015203,1.499050529953525,14.718336743317336,209.35682097682988,-0.0918570887680972,-0.1633077116684768,0.1322070129487524,5.5916290391780334,0.0968747902139954,2,816.8,816.8,184.8,184.8,1,22.68381713888406,0.0695289414218668,2.346601772988006,71.26716495741351,3.215713540761342,0.4171736485312011,0.0,0.0,0.0,0.0,71.26716495741351,2,28708.0633020401,497.3662577308697,38.95259606789701,132.7837677001953,169.29925675784744,31.046759951014145,287,2.93310408592712,0.5378841006807731,7541,0.4434554166300866,130.64757835064248,0.7682850588674718,15,0.2598745093833228,1.1500335398406396
NP0218402,Madhesh,Mahottari,Samsi,0,21.552045753457143,85.74776886859021,26.80572541698398,0.0,0.0,0.0,0.0,0.0,0.0,0.0,0.0,0.0,83.119487619774,75.08433532714844,102.4701690673828,27.38583374023437,4.6613707098892885,1.6708073014348162,12.520424161997717,197.23340654822732,-0.0351629714741205,-0.113359188229425,1.2572419846192588,8.654113502021243,0.4015448742555237,1,783.5,783.5,244.2,549.1,1,23.96463471382038,0.0,0.3722661703117729,67.75244299674267,7.910656119125174,0.0,0.0,0.0,0.0,0.0,67.75244299674267,3,26899.791563034058,1248.1317027047926,63.14505061745084,603.4627075195312,68.39992098303199,10.18321981150437,140,3.1737089724793304,0.4724943482393494,6164,0.3472516957543192,286.0053319537538,1.6112238240707006,12,0.5567916910196374,0.5293422566840146
NP0218403,Madhesh,Mahottari,Ekadara,0,23.97288222477739,85.76490988762592,26.687386112042116,110.50191707470836,587.7913208007812,15028.26072216034,1252.3550601800282,1909.7535090446472,1111.1990828080611,1534.4212646484375,1248.69629240036,104.05802436669669,66.32995110403711,60.75473403930664,78.64410400390625,17.88936996459961,2.284256947239584,1.466496840603901,14.901783562923892,212.03709366198552,-0.0496681362493551,-0.079371244012061,0.5090596927240313,4.328070319193057,0.1805402570542703,1,783.5,783.5,244.2,549.1,1,26.93433709744877,0.0,0.4600585529067336,66.24843161856964,6.273525721455458,0.041823504809703,0.0,0.041823504809703,0.0,0.0,66.24843161856964,3,22959.224325180054,957.716477722914,34.998817568872035,173.90518188476562,77.904657702186,14.222846037201164,188,3.2496992631810846,0.5932889463954824,5756,0.3134643110095196,240.10462930697727,1.3075787386363402,14,0.5839931915041143,0.4588056621500289
NP0218404,Madhesh,Mahottari,Mahottari,0,28.0500007182666,85.81165058260099,26.70341646854056,0.0,0.0,0.0,0.0,0.0,0.0,0.0,0.0,0.0,68.88471254877928,63.436317443847656,84.45366668701172,21.017349243164062,2.837270665640261,1.4552482240322389,15.147562986200738,196.0240990781872,-0.0268937300418933,-0.0936409150610033,0.963252541218791,12.857266431891874,0.4583695580271062,1,776.0,776.0,202.1,637.3,1,22.510668563300143,0.0355618776671408,1.2446657183499288,70.09246088193457,5.903271692745378,0.0,0.0,0.2133712660028449,0.0,0.0,70.09246088193457,3,21594.48327255249,769.8567814470616,74.20784629743123,380.0429992675781,90.55756697418964,10.67317136847255,216,3.228433677551285,0.380505208383899,5808,0.3299446274400389,207.0588182273286,1.176273151483999,10,0.3565062297302489,0.6738917800689207
NP0218405,Madhesh,Mahottari,Pipara,0,39.932454272333445,85.86834012192426,26.69437425431402,101.76068172209403,597.3514709472656,13839.452714204788,1153.2877261837325,1762.9935264587402,1043.3130652687769,1436.5302734375,1176.2842273712158,98.023685614268,69.2203552636753,61.95219802856445,85.00809478759766,23.055896759033203,3.314808051797192,1.4065910661837042,16.54185172511908,181.91956117121083,-0.0031467372082184,-0.0938898446871723,1.419449887208533,6.3177203247202085,0.1582101686421347,2,776.0,776.0,202.1,637.3,1,21.39117427075542,0.0,1.1717776115681875,71.67788581401146,5.509847918224882,0.1246571927200199,0.0,0.1246571927200199,0.0,0.0,71.67788581401146,3,25841.722624778748,647.1358471618602,51.37519408504721,197.1702880859375,186.27877262310136,39.18713560174402,553,4.664846576989925,0.9813355155807238,8342,0.4554244453329915,208.90276222715465,1.1404869889215024,15,0.3756343123240613,0.549316072948601
NP0219301,Madhesh,Sarlahi,Bagmati,0,101.12499521622868,85.47711633041398,27.077654018263523,137.94189298573662,705.8114135742187,18760.09744606018,1563.3414538383483,2167.177134656906,1353.1921059348367,1721.872607421875,1700.3986565589903,141.69988804658254,134.9996061338268,93.96134185791016,631.3872680664062,537.4259262084961,67.66414448470876,3.412965710762478,58.84826454874972,210.0498796479382,-0.1216487248717917,-0.210278797789651,0.8231843070074304,43.12450449401437,0.4264475306209328,11,880.4,880.4,222.8,223.0,1,32.050143125061695,0.345474286842365,4.224656993386635,52.62066923304708,2.487414865265028,6.218537163162571,0.0,2.0531043332346264,0.0,0.0,52.62066923304708,3,31005.04138946533,306.60116545043456,53.82819685671065,291.658447265625,428.15392166952927,21.43443842991095,974,4.233907954744887,0.2119598461693783,16185,0.9347848955813964,160.04945132894906,0.924385601781844,14,0.1384425281807406,0.389055769608838
NP0219302,Madhesh,Sarlahi,Hariwan,0,95.32833257704218,85.57412197062611,27.10056244324848,136.09393261767485,662.7503509521484,18508.77483600378,1542.397903000315,2078.3491673469543,1348.7261910872026,1651.2959594726562,1705.1175558567047,142.0931296547254,212.39937634784567,118.241943359375,614.7122802734375,496.4703369140625,109.4123165460202,8.407468489213043,58.99591444817968,197.6205411894863,-0.093168373817753,-0.2933390022519263,0.2936229560000976,24.611599150543636,0.2581771702620845,8,889.6,889.6,158.7,158.7,1,49.4111461619348,0.0315457413249211,2.1030494216614093,43.606729758149314,3.333333333333333,1.3144058885383807,0.0,0.1997896950578338,0.0,0.0,49.4111461619348,2,20990.931429862976,220.196145913898,25.078771122894835,148.8470001220703,398.0126232099863,24.385537234721934,970,4.175176597034482,0.255805767031686,14146,0.9578306178523788,148.39239937998,1.004770137019109,8,0.0839204860059267,1.6534218621133283
NP0219303,Madhesh,Sarlahi,Lalbandi,0,238.28998939613052,85.688893415462,27.10282341129237,137.39734504927023,673.7380099826389,18686.038926700752,1557.169910558396,2128.334764666028,1354.750195898191,1678.2299194335938,1736.77803552813,144.7315029606775,294.1023433683498,111.2611083984375,702.0553588867188,590.7942504882812,134.1537744899987,10.135223867187772,61.25234417813225,221.57116592935745,-0.1368390937472381,-0.1542818954352174,1.0051700054471815,89.85500338178392,0.3770825774489837,19,889.6,889.6,158.7,158.7,1,67.55086598284849,0.0294266016478896,1.984193711114848,24.91172019505633,1.8328569026399864,3.594249201277956,0.0,0.0966874054144947,0.0,0.0,67.55086598284849,2,43731.30251216888,183.52135825341145,37.92827624646044,435.5115661621094,706.9361198541305,33.29952455061103,1822,2.9667050707653857,0.1397436989904527,22220,1.3979068827752876,93.2477275117996,0.5866410445179983,17,0.0713416457110978,5.044612251529933
NP0219304,Madhesh,Sarlahi,Barahathawa,0,106.995166956288,85.45368666534011,26.98171777632948,141.59400620968904,786.7041015625,19256.784844517708,1604.7320703764756,2286.8916116952896,1410.4203782515092,1837.2374420166016,1723.1039102077484,143.59199251731238,94.02120270918893,82.98664093017578,115.17269897460938,32.186058044433594,4.735903229764815,1.1860415616514088,14.59153984056667,221.8336170327368,-0.0745873531008483,-0.08332297405813,0.769201564009764,34.84694618749201,0.3256871051168923,10,880.4,880.4,222.8,223.0,2,19.96655207655858,0.0,2.09049521508873,70.96534423487874,4.208863699711976,1.9232555978816317,0.0,0.8269069961906532,0.0185821796896776,0.0,70.96534423487874,2,51819.235414505005,484.31379555373127,68.00424595079397,594.7618408203125,427.9006191286654,22.9186080695343,1070,3.999251847548224,0.2142022740045586,22829,1.5701996902303197,213.36477758221176,1.4675426329039816,110,1.0280838203181608,0.5293904325383318
NP0219305,Madhesh,Sarlahi,Haripur,1,66.8192849380158,85.54835428510215,27.01119641055186,128.0843990705177,640.3096110026041,17419.478273590405,1451.623189465867,2040.146704355876,1280.42033848618,1643.0740559895833,1592.247481981913,132.68729016515945,114.04736068859626,96.79042053222656,138.76368713378906,41.9732666015625,7.881397002991133,1.673867113782381,17.909792430955193,205.49882861030815,-0.0799177575797765,-0.1675598791152493,0.025207639473854,6.877835906466744,0.1029318992690043,1,866.6,866.6,119.0,277.8,2,40.40840661797586,0.0,3.487852138917871,50.91667908779252,3.0854076613504247,1.5501565061857208,0.0,0.5514979877776122,0.0,0.0,50.91667908779252,2,27346.722359657288,409.26391811922537,38.84477607905865,201.9078521728516,222.6726493261405,28.48031372141144,582,3.3324608237382427,0.42622895093581,12110,0.6427145161670841,181.2351031776786,0.9618697906798784,22,0.3292462650626697,0.8350364351802485
NP0219306,Madhesh,Sarlahi,Ishworpur,0,163.6853731034797,85.69379398256183,27.00926134648343,131.4937514358876,665.333730061849,17883.150195280712,1490.2625162733927,2101.4412405093512,1296.2787607366388,1658.3453063964844,1664.433039824168,138.70275331868066,182.1372037771208,96.13365173339844,677.5457153320312,581.4120635986328,104.64679935279712,4.019868194768299,61.11832743836844,216.52869763283405,-0.1515956424169954,-0.2046552952089468,1.143258492741499,54.14754920351184,0.3308026134337641,10,851.4,851.4,144.9,145.1,2,54.19544093381409,0.0122226975493491,1.833404632402371,39.42431094542565,2.548432439039296,1.8456273299517203,0.0,0.1344496730428405,0.0061113487746745,0.0,54.19544093381409,2,46606.10074424744,284.7297828791561,37.16594955681614,197.14334106445312,543.3083672744242,38.87432416102472,1040,3.3192236848857104,0.2374941842631772,21526,1.3500018575486452,131.50839071241603,0.8247541194137074,32,0.1954970037534754,2.8371636667159024
NP0219307,Madhesh,Sarlahi,Kabilashi,0,48.07681492260559,85.53675400149217,26.94104320552059,136.17032190719073,697.1138305664062,18519.163779377937,1543.2636482814949,2211.552915453911,1353.6249951449308,1763.4708404541016,1660.893033504486,138.4077527920405,95.31441784196312,85.33648681640625,113.93675231933594,28.600265502929688,4.555796115091893,1.3006712667306175,14.536884420918442,202.87573417550524,-0.0657763248601659,-0.1558985320863423,0.6233705480814925,29.49580669283317,0.6135141593783976,2,866.6,866.6,119.0,277.8,1,20.0083629521221,0.0,2.132552791135271,71.16872255906334,4.36964248379678,1.8398494668618024,0.0,0.4808697470206983,0.0,0.0,71.16872255906334,2,42392.97770023346,881.7759198166099,67.0774963611289,281.9782409667969,211.7608009101454,21.954061373571204,576,4.404634567640129,0.4566455038444832,12154,0.7014361791104916,252.8037687098365,1.458990534709233,53,1.1024024799754266,1.5130493341790208
NP0219308,Madhesh,Sarlahi,Godaita,0,48.59603662831383,85.44554580667408,26.8443311047988,126.02369533040944,667.3733520507812,17139.222564935684,1428.2685470779736,2035.562350988388,1241.5105771151457,1620.598175048828,1542.2721376419067,128.52267813682556,79.11866699910598,70.5752944946289,93.08512878417967,22.50983428955078,3.391747497557211,1.3153066999005674,14.52650880040863,202.97199848745356,-0.0266795486774542,-0.0629385809315718,0.9443469337969518,6.840960043204672,0.1407719747914355,2,846.8,846.8,140.8,418.3,1,21.55614863477725,0.0205296653664545,0.3490043112297269,72.79819338944775,5.235064668445904,0.0205296653664545,0.0,0.0205296653664545,0.0,0.0,72.79819338944775,3,46273.80128097534,952.2134826529152,170.1242694153505,870.290771484375,267.0471291906011,42.42152835459565,686,5.495245038872361,0.8729421429787819,12560,0.6208192546396833,258.4572914055729,1.2775100557850254,18,0.3704005768551204,1.3427173795083471
NP0219309,Madhesh,Sarlahi,Malangawa,0,30.42362736780047,85.54775106287897,26.858731054121478,125.27844500541688,654.0963439941406,17037.868520736694,1419.822376728058,2061.83100104332,1227.517606561834,1617.678695678711,1549.705080986023,129.14209008216858,82.39016835539688,74.4488525390625,96.11363220214844,21.664779663085938,3.329644424104285,1.1559579681442291,12.473720802352904,206.9171143927147,-0.053602600625283,-0.1055783245974805,1.961673391285854,14.519172865159709,0.4772334570639134,2,828.3,828.3,140.3,558.7,1,13.536545394952473,0.0,1.1471648639790233,74.53294001966569,10.357259914782038,0.1638806948541461,0.0,0.2622091117666339,0.0,0.0,74.53294001966569,3,39101.99979496002,1285.251075496162,35.84051310262147,204.4469451904297,188.25314889246317,14.747405909954932,621,6.187728590565933,0.4847352924642766,14872,0.9158571000259232,488.830599330181,3.0103481381554165,4,0.1314767615196828,0.631417213508966
NP0219310,Madhesh,Sarlahi,Haripurwa,0,30.47692946847929,85.68679492980114,26.914637009652093,130.26997105514303,679.1629638671875,17716.71606349945,1476.393005291621,2130.0692439079285,1279.9538546475496,1674.502410888672,1629.2308177947998,135.7692348162333,102.64713494618591,86.64933013916016,133.6101837158203,46.96085357666016,8.051560381986986,1.413411201143892,14.34839539854403,199.67763634963023,-0.0921646947659284,-0.257722932303893,1.3304089564007364,7.480543121138106,0.2454493694607536,1,822.3,822.3,234.3,496.2,1,19.321148825065272,0.0326370757180156,1.501305483028721,73.49869451697127,5.156657963446476,0.489556135770235,0.0,0.0,0.0,0.0,73.49869451697127,3,33808.594118118286,1109.3175955630556,74.79777459760683,250.80975341796875,125.2444619150409,27.010252107495678,280,4.109484259054861,0.8862524072653374,7561,0.4278970841747695,248.08929678496483,1.4040032629183372,7,0.229681930630175,0.4851814876602531
NP0219311,Madhesh,Sarlahi,Balara,0,48.52907167773648,85.36861202881708,26.795229178625576,119.2810532222776,605.831298828125,16222.223238229752,1351.851936519146,1964.3473439216611,1153.548355102539,1539.3697357177734,1458.1708035469055,121.5142336289088,75.15220517889155,67.5,89.49225616455078,21.99225616455078,2.0318439638470718,1.3970139816957674,12.807937424135025,191.07899332101135,-0.0083603790187764,-0.0426960617927509,0.1644542282676087,23.79164619898865,0.4902555391329166,3,855.0,855.0,131.9,131.9,1,21.65841584158416,0.0,4.104785478547854,67.57425742574257,4.0016501650165015,0.3919141914191419,0.0,2.268976897689769,0.0,0.0,67.57425742574257,2,41604.15709233284,857.3037903673612,277.3610472822189,4787.52978515625,213.29192568883343,28.22523927348795,596,4.395137148001219,0.5816150669627739,11251,0.5539391960207528,231.84041258224983,1.141458463700392,40,0.8242482004524037,0.0513242288874152
NP0219401,Madhesh,Sarlahi,Basbariya,0,29.40473430171876,85.43925940837684,26.92598232241073,133.38408244269735,729.6016845703125,18140.23521220684,1511.6862676839037,2134.097268342972,1319.8054948286576,1711.5548629760742,1617.4713250398636,134.7892770866553,86.37661892841197,79.82139587402344,101.8831787109375,22.061782836914062,2.323715911427761,1.1081757712128972,12.12634739157138,205.89732847045687,-0.040871540451612,-0.0841816046457894,0.0574926469539227,13.044675292672691,0.4436250012947815,2,880.4,880.4,222.8,223.0,1,13.848247703300444,0.0,1.7352841102415788,79.51684246342293,3.572643756379721,0.3402517863218782,0.0,0.9867301803334468,0.0,0.0,79.51684246342293,2,25347.289337158203,862.0138878682747,207.7646666980181,378.6936950683594,115.44623593634384,4.15857645218002,270,3.9261104947170296,0.1414254048177862,5882,0.3178545582506992,200.03581530937984,1.0809638848942773,9,0.3060731618130599,0.4952388140537344
NP0219402,Madhesh,Sarlahi,Chandranagar,0,47.46627074391638,85.60043074148653,26.93746964364416,131.3474956303835,651.3669738769531,17863.259405732155,1488.6049504776795,2129.672150611877,1297.7836151123047,1676.5630493164062,1634.1270158290863,136.17725131909052,99.36041419062023,84.34307861328125,122.4138412475586,38.070762634277344,5.613908952698855,1.2350177209677329,14.657625257524929,204.2823577340954,-0.0925542224029008,-0.2051532850809692,1.4052632599850683,37.468771560548696,0.7893767716173692,3,832.3,832.3,117.1,262.3,1,16.53361344537815,0.0210084033613445,2.331932773109244,76.0924369747899,3.6344537815126055,0.7983193277310924,0.0,0.5882352941176471,0.0,0.0,76.0924369747899,2,33950.20144081116,715.2489738234271,64.54410920306303,270.83135986328125,171.0718277569271,24.56165525018253,316,3.604071376912476,0.5174549183080815,8136,0.4566836434869082,171.4059240906927,0.9621224425882248,9,0.1896083231091733,0.2361917835926569
NP0219403,Madhesh,Sarlahi,Dhanakaul,0,45.91764384335252,85.40913252156471,26.883000889743077,129.98843994298403,703.4817199707031,17678.427832245827,1473.202319353819,2092.995860695839,1283.5550661954012,1676.0134201049805,1574.5090951919556,131.2090912659963,81.72246577031976,74.38148498535156,94.8080596923828,20.42657470703125,2.112391695369352,1.0745326205442929,12.372811944890044,208.79412886688985,-0.0296342382397676,-0.0539175657597312,1.3164499876104678,14.141277186985672,0.3079704445469473,2,855.0,855.0,131.9,131.9,1,14.893617021276595,0.0,5.8619192357794185,75.64046895353886,2.6270082501085543,0.1736864958749457,0.0,0.803300043421624,0.0,0.0,75.64046895353886,3,27557.48468017578,600.1502336267035,161.1548811706186,748.9138793945312,211.2710394934872,5.659650758485941,487,4.601086245065966,0.1232565585854921,8420,0.4081140024196475,183.37177814969613,0.888795609400002,14,0.3048936928854805,0.2535678296849121
NP0219404,Madhesh,Sarlahi,Chakraghatta,0,25.14107815877794,85.50971099919681,26.899916534266968,0.0,0.0,0.0,0.0,0.0,0.0,0.0,0.0,0.0,87.32505331059406,81.49324798583984,100.3857421875,18.89249420166016,2.566662939659108,1.2256511138592543,13.442558508524682,202.96615819734467,-0.0467898152743611,-0.1104111691037551,0.2400770303555599,11.804675801825818,0.4695373733486543,3,866.6,866.6,119.0,277.8,1,18.38851216593538,0.0,1.2764260071798963,73.07538891104906,5.384922217790187,1.316314319904268,0.0,0.5584363781412046,0.0,0.0,73.07538891104906,3,22953.18351745605,912.9753056927676,83.77074276443815,232.11160278320312,119.94974226128244,9.62125592143432,306,4.771065962395981,0.3826906650809279,7096,0.4012231187846355,282.24724314467994,1.595886684933397,9,0.3579798743379537,0.2014048705075361
NP0219405,Madhesh,Sarlahi,Ramnagar,0,26.42436555882185,85.38148822552684,26.838112817056384,122.58732848132358,649.4908447265625,16671.876673460007,1389.3230561216672,2012.0176584720607,1199.7119390314276,1593.891098022461,1484.4396843910215,123.70330703258514,78.21165022828723,73.12609100341797,90.21874237060548,17.0926513671875,1.638555613347309,1.3604389272281574,12.516699738142432,200.19869914916413,-0.0191729584553918,-0.0521142262861632,1.471006153336919,0.0,0.0,0,855.0,855.0,131.9,131.9,1,21.83864915572233,0.0,2.8142589118198877,67.31707317073172,5.290806754221388,0.2626641651031895,0.0,2.476547842401501,0.0,0.0,67.31707317073172,3,14157.167972564695,535.7618876809054,79.09032386907653,238.54905700683597,134.03804406879524,27.801966860471858,437,5.072517021096321,1.0521337512752538,7760,0.3712080076945725,293.66835630266627,1.4047944003357296,8,0.3027508827862539,0.3003166398603314
NP0219406,Madhesh,Sarlahi,Kaudena,0,25.31311703399351,85.50717287113216,26.858711370225144,129.34723257667878,704.366943359375,17591.223630428314,1465.935302535693,2112.0282440185547,1273.3126525878906,1670.7874755859375,1586.417407989502,132.20145066579184,81.19299095083645,75.31485748291016,94.89308166503906,19.578224182128903,2.523645820848845,1.1264366685552376,11.43516654686249,173.38279400827358,0.0136173365462208,-0.11738245390108,1.9784151697232264,2.4665610732887564,0.0974420127705474,1,846.8,846.8,140.8,418.3,1,18.33663366336633,0.0,0.8712871287128714,75.08910891089108,5.346534653465347,0.3564356435643565,0.0,0.0,0.0,0.0,75.08910891089108,3,25498.15452194214,1007.3099447887092,108.5027851997538,1336.499755859375,156.98547948588848,8.722243541511709,431,6.201744308101978,0.3445740613373859,6580,0.3327529738999339,259.9442807127854,1.314547605706058,28,1.1061458753735551,0.2351278347722292
NP0219407,Madhesh,Sarlahi,Brahmapuri,0,33.86803154711864,85.60978418361759,26.890190271198502,0.0,0.0,0.0,0.0,0.0,0.0,0.0,0.0,0.0,89.08191325439735,76.11369323730469,110.29986572265624,34.18617248535156,5.81118112421987,1.3525560573959523,12.725386131319524,200.64331818713592,-0.063510395544939,-0.1685795670992049,0.3062662222008444,13.861513208296405,0.4092801552110189,1,822.3,822.3,234.3,496.2,1,18.29699469652328,0.0,1.1785503830288746,75.89864466705951,4.154390100176783,0.1473187978786093,0.0,0.3241013553329405,0.0,0.0,75.89864466705951,2,29232.626329422,863.1333146348446,88.58371614976363,267.1402893066406,98.14686261273984,5.6233440445199845,232,2.89792049107412,0.1660369318097672,5888,0.3301260592401674,173.851261234606,0.9747423873185016,5,0.1476318454777564,1.2812117959538958
NP0219408,Madhesh,Sarlahi,Bishnu,0,28.07840762372402,85.47257510494795,26.81537102578387,122.82260524174748,644.6539306640625,16703.874312877655,1391.989526073138,2028.8658018112185,1203.578911521218,1605.3919067382812,1484.672884464264,123.722740372022,76.47258117425538,71.17554473876953,91.57335662841795,20.39781188964844,2.324715060557874,1.2212713953159406,11.365218887766648,203.69921073236267,-0.0280604675072756,-0.063925921829701,1.5258475221520498,6.349006886997893,0.2261170566394045,2,846.8,846.8,140.8,418.3,1,17.855887521968366,0.0,0.3514938488576449,77.43409490333919,4.358523725834798,0.0,0.0,0.0,0.0,0.0,77.43409490333919,2,22285.571159362797,793.6907056129942,216.36476853750284,634.9375,113.7395722207206,22.38080654966144,324,4.050784280395578,0.7970824716837374,6489,0.2911443267955392,231.1028490987969,1.036897571604258,18,0.641061994726205,0.2239533722678781
NP0219409,Madhesh,Sarlahi,Parsa,0,23.10040404406386,85.6537671488823,26.87363723125576,126.46939528689666,639.1990356445312,17199.837759017944,1433.3198132514954,2084.516937494278,1233.414399580522,1621.3005065917969,1577.540291070938,131.4616909225782,88.85775529973647,80.13681030273438,103.76334381103516,23.62653350830078,3.2453613667833365,1.423705230366621,13.09526849190214,198.7418236424387,-0.0616258720810248,-0.1816291149515708,0.6606144535609052,19.693844203904245,0.8525324564167092,1,822.3,822.3,234.3,496.2,1,19.41376380628717,0.0,1.231945624468989,75.02124044180118,4.205607476635514,0.0849617672047578,0.0,0.0,0.0424808836023789,0.0,75.02124044180118,2,25718.17763710022,1113.32155004921,77.69842186435112,284.3534545898437,86.01567431489818,23.46058464791233,149,3.7235571356597865,1.015591961212515,5081,0.2658809621980623,219.9528627424883,1.150979704471386,5,0.216446430567298,1.4286379128488813
NP0232301,Madhesh,Rautahat,Gujara,0,150.29958172948136,85.26946420794347,27.104835751884835,144.1600997440663,800.8126424153646,19605.773565193016,1633.8144637660846,2314.587120473385,1394.4710066824248,1811.77397664388,1718.9679114818573,143.24732595682144,144.636048523279,86.7129898071289,829.3875122070312,742.6745223999023,77.4850517363421,3.177077452134065,53.083687572671685,184.78659267218552,-0.0168477421353242,-0.2011990248816718,0.1025260206145416,70.78414676611239,0.4709537175792954,12,870.5,870.5,187.6,187.7,2,58.38823451121316,0.0465828175949956,2.4422705796233446,34.784055367006054,1.5771611100019962,2.5354362148133363,0.0,0.2262593997471218,0.0,0.0,58.38823451121316,2,40173.520778656006,267.28963791105446,62.77112621665001,454.5963439941406,347.217806689916,37.97857327406357,737,2.310171476823272,0.2526858214577056,12712,0.8628712873783112,84.57774701515709,0.5741009239342802,7,0.0465736492374213,6.488019054566689
NP0232302,Madhesh,Rautahat,Chandrapur,0,249.8582272948253,85.36807886355487,27.138832810012037,148.7064150078457,779.7839617047991,20224.072441067012,1685.339370088918,2339.132932458605,1451.3016123585887,1846.6583687918528,1808.6211462361475,150.71842885301228,215.85226360508045,94.5167465209961,918.2374267578124,823.7206802368164,146.61732315939977,8.297691097589627,62.20053947322984,185.9801314795495,-0.0258797696860587,-0.2470536408869686,0.34649483233543,111.8416688942196,0.4476205170632614,17,895.7,895.7,162.9,163.1,1,70.77200721876879,0.060156406657309,2.474433527170644,22.9917786244235,1.9089633045919392,1.3755764988971326,0.0,0.4130739923801885,0.0040104271104872,0.0,70.77200721876879,2,61591.74488449097,246.5067712651885,40.73528100826122,292.8385009765625,651.3964875620849,47.69630989584977,1683,2.6070643925343164,0.1908934935313118,24685,1.4870374535908315,98.7960263196474,0.5951524869485972,16,0.064036314406091,1.139374011139562
NP0232303,Madhesh,Rautahat,Phatuwa Bijayapur,0,65.23411849977641,85.20332775708567,27.02028958442722,139.23816782294534,810.3519694010416,18936.390823920567,1578.0325686600472,2242.5928374926248,1357.5923498905065,1795.02788289388,1641.5403514703116,136.79502928919263,99.54365613890964,84.7189712524414,138.369384765625,53.6504135131836,9.10836877940972,0.9873401553108296,11.99049358897038,176.13028704568995,0.0100659001284902,-0.1488111396718318,0.9022201891160472,21.389601239318814,0.3278897872957711,1,975.0,975.0,155.7,155.7,2,13.359707851491176,0.0,2.9519172245891663,75.65429093122337,3.469263542300669,3.0736457699330493,0.0,1.4911746804625683,0.0,0.0,75.65429093122337,2,29942.72949314117,459.0041251686999,101.15786990926073,408.4205627441406,237.3031172928412,30.105334148084548,543,3.637714784076596,0.4614967572250973,10630,0.6944018977930662,162.95153892569934,1.0644765557695797,2,0.0306588031845153,1.117588288439582
NP0232304,Madhesh,Rautahat,Katahariya,0,40.68342860072448,85.25006634171655,26.99556757488993,142.44237346596577,863.1918334960938,19372.162791371346,1614.3468992809455,2306.7992664575577,1402.704678622159,1868.157989501953,1663.0824658870697,138.59020549058914,93.0488193976448,83.69658660888672,109.7579345703125,26.06134796142578,4.342704420708899,1.1003328254765488,12.87172954625019,169.1422713961103,0.0226892979630424,-0.1182938020048025,1.3200754082728103,23.957371821569687,0.588872979627461,3,870.5,870.5,135.1,703.9,2,13.83571601647686,0.0,4.33729101041919,74.43663678216622,5.088441967530894,1.3084565059365156,0.0,0.9934577174703174,0.0,0.0,74.43663678216622,3,32201.555809021,791.5152905388992,131.97358938123358,654.4214477539062,191.90462125587985,15.813412750770151,540,4.717021840496071,0.3886942004314885,9052,0.6723281876797691,222.49845480916045,1.6525848749822345,2,0.0491600651368008,1.2993576109610303
NP0232305,Madhesh,Rautahat,Brindaban,0,95.36595658579772,85.37339957308096,27.041237241295978,133.52995984475402,723.8796844482422,18160.074538886547,1513.3395449072125,2149.8864880502224,1287.9865719188344,1684.4723739624023,1655.98393368721,137.99866114060083,106.02278169614948,84.5,153.298828125,68.798828125,15.385138614247506,1.7810449775349524,23.89653327462247,193.53717581614063,-0.0355610111510338,-0.1477000218352981,0.0479094612237085,23.328965170002046,0.2446257134642561,5,880.3,880.3,197.3,2986.3,2,41.882574174676144,0.1253656498119515,3.196824070204764,50.20894274968658,2.2565816966151275,1.817801922273297,0.0,0.5119097367321355,0.0,0.0,50.20894274968658,2,35441.292264938354,371.6346328792177,61.31711464522207,233.89077758789065,270.9378131620882,27.644201132555324,563,2.841032826198666,0.2898749419839847,10553,0.7394377514447426,110.65793683415528,0.7753686723411554,1,0.0104859221865019,2.2753798751294614
NP0232306,Madhesh,Rautahat,Maulapur,0,34.74589717832552,85.20112520746956,26.929697241846245,132.93037578288246,808.8890991210938,18078.53110647201,1506.544258872668,2202.2031927108765,1313.182618574663,1789.5933074951172,1569.602127790451,130.8001773158709,86.10466182876097,78.2712173461914,98.45277404785156,20.18155670166016,2.511322569093565,1.1143836504516424,11.974436532462423,164.56103468470585,0.025743648172217,-0.0932140730717191,0.9684222057773032,19.192196518546268,0.5523586402171924,2,975.0,975.0,155.7,155.7,1,10.881424059718633,0.0,2.6126902095894344,80.07464829170256,4.622451909273615,0.8039046798736722,0.0,1.00488084984209,0.0,0.0,80.07464829170256,2,22163.557025909424,637.8755141120674,95.1225623429589,269.2306823730469,159.61729478794337,25.136872138269133,402,4.593845827861155,0.7234486422745044,8003,0.4587887293991942,230.32935252546216,1.3204112331437696,6,0.1726822585471414,0.4637287970265691
NP0232307,Madhesh,Rautahat,Dewahi Gonahi,0,33.9825828127734,85.25909280781322,26.93196181747904,131.10481563561103,769.9596557617188,17830.2549264431,1485.8545772035916,2172.42664539814,1286.9539101340554,1751.4483108520508,1555.9249742031095,129.6604145169258,84.7921645536786,76.8098373413086,99.5684585571289,22.758621215820312,2.7938901917570003,1.04902667234787,12.43712351419436,138.38097974347423,0.0657105550152296,-0.0739621110528374,1.5747590614577214,9.098253940976692,0.2677328557132754,4,870.5,870.5,135.1,703.9,1,9.029011249259918,0.0,2.3386619301361757,81.70515097690941,5.743043220840734,0.2072232089994079,0.0,0.9769094138543518,0.0,0.0,81.70515097690941,3,30473.25527191162,896.7315827582507,264.9848284514054,564.9970092773438,142.33543474556413,12.24067756654948,349,4.188481950585079,0.3602044504383123,8441,0.6080401499978656,248.3919496792101,1.7892699720555525,6,0.1765610351943206,0.6545614966548735
NP0232308,Madhesh,Rautahat,Garuda,0,44.44943160686975,85.31638901353483,26.95376318076726,136.07308777947637,808.6494140625,18505.939938008785,1542.1616615007322,2206.3871455192566,1318.8437694202769,1759.810028076172,1639.6469959020617,136.6372496585051,86.29681689476443,78.5,100.15625762939452,21.65625762939453,2.848442552972065,1.1824362095966594,16.846639114341496,198.6904209781009,-0.0296064644148335,-0.0875167079762073,0.6481313083491718,27.80001429662989,0.6254301414358995,5,870.5,870.5,187.6,187.7,1,12.019013128112269,0.0,0.6564056133997285,79.99094612947036,7.10728836577637,0.1131733816206428,0.0,0.1131733816206428,0.0,0.0,79.99094612947036,3,44117.3746471405,992.5295566731628,73.28467549358888,531.2290649414062,191.1734207043856,14.642508569701706,606,4.300919354722172,0.3294194782782931,14123,1.1077879449667851,317.73184694261107,2.4922432186862307,6,0.1349848531937737,0.3412608294346739
NP0232309,Madhesh,Rautahat,Gadhimai,0,49.423677387497655,85.36766046616216,26.94222979159288,137.08863250604446,780.48974609375,18644.05402082205,1553.6711684018371,2216.1007966399197,1345.3699111938477,1772.5333557128906,1648.96637070179,137.41386422514915,85.85490085445717,77.5,100.05641174316406,22.556411743164062,3.150825651762435,1.0248563990314965,12.108713101575743,197.72335450738544,-0.0224325928365002,-0.0701918085499173,0.8924827727131331,23.24719668223112,0.4703655800430542,4,880.3,880.3,197.3,2986.3,1,8.296504620329449,0.0,3.5355564483728403,75.13057452792286,5.584572117316191,2.511048613901165,0.0,4.941743672157493,0.0,0.0,75.13057452792286,3,40938.32575798035,828.3140373592721,81.22683682138958,399.4450073242188,214.6817276758735,14.264556486485931,472,4.343702027526183,0.288617869824764,10506,0.7852972341338085,212.5701800298985,1.5889089514258996,6,0.1213993032723577,1.9341938992321264
NP0232310,Madhesh,Rautahat,Boudhimai,0,35.337085735868605,85.21861168067477,26.890495844722963,130.2801271852325,769.13623046875,17718.09729719162,1476.5081080993016,2179.682453751564,1288.9135887839575,1769.3537521362305,1524.629354596138,127.05244621634483,81.97326537035227,74.83773803710938,95.3115692138672,20.47383117675781,2.2087324364784395,1.2272574611340867,10.996259622397806,187.30261053520815,-0.010254792597561,-0.0800222506872894,0.6905753879105843,9.432680399308232,0.2669343043683331,3,957.9,957.9,156.7,312.4,1,12.861555742768886,0.0,5.251333894973322,72.50772254984554,6.065711878685763,1.0109519797809603,0.0,2.3027239539455207,0.0,0.0,72.50772254984554,4,28605.936840057373,809.516015380441,81.0366482721172,775.7921752929688,170.2541616013756,27.71172349413406,502,4.818002335392377,0.7842107779138536,11206,0.5846274966897275,317.1172655198741,1.654430422077241,12,0.3395865773905487,0.6035329262567275
NP0232311,Madhesh,Rautahat,Madhav Narayan,0,48.512233299416,85.32932099065988,26.890859945294487,128.57545233999983,719.423583984375,17486.261518239975,1457.188459853331,2128.313321352005,1258.3066267533736,1705.2294921875,1552.270364522934,129.3558637102445,80.77346177107064,75.5,92.89323425292967,17.393234252929688,1.7532156775752286,1.041228087198782,16.30035791398417,218.90406985805464,-0.0422307194382372,-0.0523294979327419,0.1916374760870458,19.54963945985352,0.4029837039081205,6,875.6,875.6,158.9,322.0,1,8.99938360386275,0.0,4.5407848777481,76.90569139100062,3.821656050955414,0.6369426751592357,0.0,5.095541401273886,0.0,0.0,76.90569139100062,3,31152.74556922913,642.1626763079603,115.80946308263616,768.5679321289062,201.34313159506576,10.392577665654873,433,4.150357918020022,0.2142259170282309,9331,0.6736284933409611,192.3432372698523,1.3885744842612109,21,0.4328805039831634,0.7255535292716374
NP0232312,Madhesh,Rautahat,Paroha,0,37.44910933505541,85.23470237945145,26.85472467951554,0.0,0.0,0.0,0.0,0.0,0.0,0.0,0.0,0.0,78.60760806154043,71.08458709716797,92.23653411865234,21.15194702148437,2.164658312284819,1.1969912120541255,11.692846075492302,184.6818384549329,-0.0060938671810385,-0.0744099606564494,1.0438248292799464,10.421860027506002,0.2782939357585814,3,957.9,957.9,156.7,312.4,1,13.170472650026554,0.0,4.646840148698884,73.87148167817313,5.337227827934147,1.088688263409453,0.0,1.8852894317578333,0.0,0.0,73.87148167817313,3,32928.143896102905,879.2770904508398,90.71114020964988,596.9815673828125,169.1013373579343,21.5587352844873,481,4.515496906615125,0.5756808550933031,10506,0.6254445687955575,280.5407174307756,1.670118675452958,13,0.3471377619074893,0.5618897649641281
NP0232313,Madhesh,Rautahat,Ishanath,0,35.160177872834794,85.21329403334384,26.793377963198907,121.06870631785954,628.3472900390625,16465.344059228897,1372.1120049357414,2026.2605867385864,1189.7260561856356,1628.6182556152344,1462.0776076316831,121.83980063597362,74.20638973100745,68.69993591308594,86.82660675048828,18.126670837402344,2.161865342419027,1.20744947491816,13.475122031611326,216.30494884977583,-0.0355372955559241,-0.0483694085989745,2.499169279448558,10.695769259572751,0.3042012272593319,1,938.6,938.6,150.6,462.9,1,13.733905579399142,0.0,1.5164520743919885,78.56938483547926,5.80829756795422,0.0858369098712446,0.0,0.2861230329041487,0.0,0.0,78.56938483547926,3,29392.56412887573,835.961758645846,127.2405373544404,738.3226928710938,152.8334538821222,16.864410602333756,477,4.346777039492832,0.4796452015495466,14860,0.7043855261913228,422.63722480997535,2.0033616688143665,9,0.2559714012981008,0.6937076727610839
NP0232314,Madhesh,Rautahat,Rajpur,0,31.404278046705496,85.25575462227874,26.816870467758296,123.7072526759961,670.7687683105469,16824.18636393547,1402.015530327956,2058.460603952408,1209.806012240323,1642.498291015625,1491.8181989192965,124.31818324327467,76.11890640589155,71.5,88.78022003173828,17.28022003173828,2.1754968956068685,1.3946762301979254,14.802965470818831,213.9848753330132,-0.032583693456139,-0.0483348297060495,0.7923380704844282,7.067843477673868,0.2250598936604221,6,845.3,845.3,158.2,1049.6,1,20.53656978601086,0.0,2.7467262855317798,68.31683168316832,6.004471414883423,1.18173107633344,0.0,1.18173107633344,0.0319386777387416,0.0,68.31683168316832,3,35034.15701675415,1115.5854933092294,230.48787511022468,906.8018188476562,159.72197452791858,18.652611525283746,464,5.08599415310152,0.5939512921629007,11970,0.6367959590565051,381.158260737528,2.027736342511809,18,0.5731703168985384,0.598516914247192
NP0232315,Madhesh,Rautahat,Gaur,0,21.528565424815035,85.27465356769926,26.778137075286065,118.82444583142504,585.599853515625,16160.124633073809,1346.6770527561505,1972.2253131866453,1159.340780084783,1564.9172058105469,1440.8212251663208,120.06843543052672,73.84217194747367,69.33448791503906,85.18392944335938,15.849441528320312,1.9150931252748544,1.5952507108999008,11.608744809439685,179.67061421365543,0.0002230352376285,-0.0387959576545584,0.6673049016319997,13.41775710456398,0.6232536557729907,4,845.3,845.3,158.2,1049.6,1,24.091954022988507,0.0,2.71264367816092,59.95402298850575,11.310344827586206,0.8735632183908045,0.0,1.057471264367816,0.0,0.0,59.95402298850575,3,31282.2474899292,1453.0576874328804,164.64340784173262,608.8712158203125,132.80712946385017,16.035314018815463,408,6.168879664911122,0.7448389478070963,11550,0.6949635512885306,536.4964999798277,3.228099678613404,7,0.3251493939271683,0.7653792464228767
NP0232316,Madhesh,Rautahat,Rajdevi,0,28.19675856640795,85.31509420853551,26.777757059494864,118.17637988223748,584.8572998046875,16071.9876639843,1339.3323053320248,1919.5790011882784,1145.695442199707,1508.23828125,1436.8320226669312,119.73600188891092,73.68590606437303,67.90650939941406,85.70637512207031,17.79986572265625,1.8362422416396,1.358580713650512,18.832817858563292,219.83926822551712,-0.0207351809979461,-0.0248524826294648,1.192249825334747,0.0,0.0,0,845.4,845.4,121.9,3669.6,1,16.867469879518072,0.0,3.7562012756909993,68.92274982282069,4.216867469879518,0.885896527285613,0.0,5.350815024805103,0.0,0.0,68.92274982282069,3,22757.113968372345,807.0826267060322,56.052004848207744,2110.0048828125,145.24917549021706,12.202365940122627,468,5.151272092078656,0.4327577551648028,8333,0.4260903816294018,295.5304234837643,1.5111324964034063,11,0.390115763629114,0.2552778100011403
NP0232401,Madhesh,Rautahat,Yamunamai,0,16.694561765369652,85.29671920150906,26.845486686909,0.0,0.0,0.0,0.0,0.0,0.0,0.0,0.0,0.0,78.01578195469725,73.38125610351562,88.76319122314453,15.381935119628906,2.021739498052086,1.4653998731635824,15.000623295522152,215.0258665746245,-0.0304925546986486,-0.0435060647203639,0.8526447285952765,5.520192758719839,0.3306581410343244,1,870.5,870.5,187.6,187.7,1,16.113744075829384,0.0,4.265402843601896,70.79383886255924,8.35308056872038,0.1184834123222748,0.0,0.3554502369668246,0.0,0.0,70.79383886255924,3,18481.28656578064,1107.0243607183077,124.8735578768962,1707.0408935546875,99.7067857840996,13.251189574916694,330,5.972411087239575,0.7937428823321547,7119,0.4446435622207715,426.42628779674175,2.663403618914499,9,0.5390977089718606,1.3023392963067757
NP0232402,Madhesh,Rautahat,Durga Bhagawati,0,19.79148173388503,85.32240490169649,26.8382890998788,123.97422269337318,641.4534912109375,16860.494286298752,1405.041190524896,2042.126799106598,1214.8507121693003,1630.8529052734375,1492.364387512207,124.3636989593506,77.59418415837958,71.0,91.12671661376952,20.12671661376953,2.3394741204270324,1.5755004465217914,13.4138607264878,227.19843126143903,-0.0287725108242543,-0.026645100494216,1.0994704107860502,9.125394384036946,0.4610768666407298,2,845.4,845.4,121.9,3669.6,1,19.869215291750503,0.0,7.44466800804829,59.45674044265593,4.778672032193159,0.8048289738430584,0.0,7.645875251509055,0.0,0.0,59.45674044265593,4,16106.985820770264,813.8342564414198,214.75981094360355,1462.6029052734375,100.46680621025178,9.645049399814631,288,5.076265009417783,0.4873333654094897,6413,0.3713002040462738,324.0282908692123,1.8760606660923729,8,0.4042143032829718,0.9064409160752976
NP0233201,Madhesh,Bara,Jitpur Simara,0,311.1720911850801,85.00835855385515,27.20046461887805,139.62033984407702,740.9169422496449,18988.36621879448,1582.3638515662062,2216.6146439747376,1374.7517125153345,1776.1807056773794,1639.1293635259974,136.59411362716645,239.21375518576895,88.38117218017578,805.82470703125,717.4435348510742,164.0091566169627,5.864249124786299,63.73856498378227,192.69114991435245,-0.0485023346533176,-0.2153769449453695,0.2715949392288095,159.60204570739904,0.5129060421182514,26,1000.7,1000.7,126.0,126.2,1,64.94842047755246,0.0385641289327377,1.1344281261047018,26.991676575505352,3.6250281196773466,3.162258572484494,0.0,0.0867692900986599,0.0128547096442459,0.0,64.94842047755246,2,101709.65299224854,326.85981768124987,31.333842573089505,185.6115264892578,718.370714585918,68.68482388817641,2208,2.3085962235560604,0.2207293836236868,31507,2.823284331734277,101.2526537325616,0.9073064107330352,4,0.0128546232561096,2.629424136447725
NP0233202,Madhesh,Bara,Kalaiya,0,110.00201217868612,85.00923992813587,27.02886523955316,114.61069167887464,645.4634552001953,15587.05406832695,1298.9211723605792,1863.9087072610853,1129.837457483465,1518.2843437194824,1318.2719914913175,109.85599929094316,95.1264270396384,77.03471374511719,130.15447998046875,53.11976623535156,8.846226618611434,1.156002269690613,17.54416219889173,200.27069872967408,-0.0532318936435615,-0.1441309919671079,0.5267488784496229,38.21433848833742,0.347396722400518,5,963.4,963.4,296.2,543.5,2,12.709152418396268,0.0,1.5452134954740788,79.50992045350644,5.760263326323489,0.301728078997897,0.0,0.1737222273018195,0.0,0.0,79.50992045350644,3,109724.58469295502,997.4779780820696,82.62393425674324,553.9555053710938,508.9746446489727,55.430260191617855,1837,4.626957585304891,0.5039022386388489,39444,2.051648542207851,358.57525893187824,1.8651009209496776,18,0.1636333703674528,0.7110092071884997
NP0233301,Madhesh,Bara,Nijagadh,0,289.4158155836817,85.13729969914662,27.23425219493539,150.52812030194278,793.1128651012074,20471.824361064217,1705.985363422018,2404.290695623918,1465.3966431420697,1895.0653353604405,1787.7393510991876,148.97827925826564,283.3287560939056,121.33694458007812,923.4423828125,802.1054382324219,148.872753460465,8.912841463818904,61.96335805839326,190.13951520719297,-0.0383851342220504,-0.2146354172777819,0.2546508001618637,88.07559258358262,0.3043219749617188,22,913.4,913.4,157.3,462.1,1,82.74229227153324,0.1901009263099682,1.4655053228259367,10.922162311627265,0.6325176275404396,3.8987971795935294,0.0,0.1486243605696115,0.0,0.0,82.74229227153324,2,31305.39306163788,108.16752705273716,102.9782666501246,451.3925476074219,553.436492001537,23.72072187248524,1605,1.9122537961009125,0.0819606966697596,16685,0.8980703944602098,57.65061583227713,0.3103045328220985,2,0.0069104723802549,7.845880197647849
NP0233302,Madhesh,Bara,Kolhabi,0,157.39036551331657,85.14538920933484,27.104115076275157,140.81865266666694,832.2789001464844,19151.336762666702,1595.9447302222252,2270.021564424038,1352.910181912509,1809.02140045166,1688.2190918326378,140.68492431938648,125.2974132536506,89.26842498779297,178.05604553222656,88.7876205444336,20.423564799416155,1.9623825014212968,21.75207962059944,186.54415236520015,-0.0201598218422179,-0.1757363561028421,0.5757400154087912,73.38180410291247,0.466240762981796,10,958.1,958.1,394.2,394.3,1,53.67698468187886,0.0,0.7373037564355177,42.909807411173965,1.4555393122735651,1.0487510328608656,0.0,0.1461895379139388,0.0254242674632937,0.0,53.67698468187886,2,39938.67314529419,253.7555142910894,61.25563365842667,331.42352294921875,443.03080800747847,32.96995606431122,1158,2.814853415979864,0.2094788709383973,17956,0.9543084003098364,114.08576339115731,0.6063321583868446,1,0.0063536290594317,4.401361501639627
NP0233303,Madhesh,Bara,Mahagadhimai,0,55.32141763265989,85.05770814997726,26.98243003713772,131.18039473803606,775.5472717285156,17840.533684372902,1486.7111403644085,2150.826986312866,1302.3059775612571,1755.3892517089844,1507.1381559371948,125.59484632809956,87.54660146189703,75.09976959228516,105.86399841308594,30.76422882080078,4.190867661671176,1.0385623678523657,13.389264620594153,181.72763806847595,-0.0046519705504582,-0.1542322433743607,0.6825413358044227,16.042559394204066,0.2899882194040719,2,958.1,958.1,394.2,394.3,2,7.805755395683453,0.0,1.1870503597122302,85.91726618705036,4.802158273381295,0.1438848920863309,0.0,0.1438848920863309,0.0,0.0,85.91726618705036,2,44647.459339141846,807.0555898550131,58.515674101103336,318.876953125,245.75375244431103,31.310699036128646,674,4.442289495835811,0.5659778866122886,16485,0.8363275171972818,297.9858562096539,1.5117608206474131,5,0.0903809087684725,0.3301204839404057
NP0233304,Madhesh,Bara,Pacharauta,0,44.01292265928673,85.07512782179933,26.89587837551434,126.10530487930072,693.9586181640625,17150.3214635849,1429.1934552987416,2095.3892567157745,1240.9362002286043,1675.3551330566406,1468.0454850196838,122.33712375164032,78.66220584523718,67.5,95.35948944091795,27.85948944091797,3.772836358194804,1.446180234890458,15.97783925402152,217.2882177118883,-0.0662233426103531,-0.0869676573505431,1.615186030677328,15.11273323116555,0.3433703630217058,3,958.1,958.1,394.2,394.3,1,12.426570266606417,0.0,4.835065521915951,77.33845458653411,4.089471305919566,0.8585630366018979,0.0,0.4518752824220515,0.0,0.0,77.33845458653411,2,26968.19499397278,612.7335647018771,92.99377584128544,543.3928833007812,176.87272433596914,3.9647957341901447,581,4.018654378060235,0.0900825370058348,11645,0.5230322410141551,264.5813842026895,1.1883606209545716,3,0.0681617992793532,1.0639375674086973
NP0233305,Madhesh,Bara,Simroungadh,0,41.44423886074787,85.13541637187608,26.89601138725808,130.24044122503085,752.3785400390625,17712.700006604195,1476.058333883683,2149.177221894264,1289.8888001875443,1751.0516510009766,1506.3261539936066,125.5271794994672,81.61191713987104,74.02229309082031,96.28590393066406,22.26361083984375,2.89732654304208,1.604882835292559,13.901690165811669,219.584199268863,-0.0487536181770369,-0.0589661023389563,0.8278712212091356,29.07291418307524,0.7014947066770817,3,958.0,958.0,136.2,136.4,1,17.24717751621427,0.0,0.984866682680759,74.2012971414845,5.5008407398510695,0.4083593562334854,0.0,1.6334374249339418,0.0240211386019697,0.0,74.2012971414845,3,39204.23474025726,945.9513750990336,50.26183941058624,320.68328857421875,196.0126781330273,25.25544918069691,577,4.729551887576642,0.6093838341573821,14212,0.6808397602130216,342.91859111593635,1.6427850502952528,14,0.3378032842402975,0.5683894391192952
NP0233401,Madhesh,Bara,Parawanipur,0,15.48813846641656,84.93110537001643,27.056300467515264,0.0,0.0,0.0,0.0,0.0,0.0,0.0,0.0,0.0,90.63373185792862,77.44432830810547,101.5276870727539,24.08335876464844,2.802324985617173,0.9464390498218244,10.51475429632532,202.4476070177057,-0.0681453916066256,-0.1649439781209435,1.1091215099082288,7.94815899234312,0.5131771651949893,2,963.4,963.4,296.2,543.5,1,7.702100572883514,0.0,1.4003819223424572,79.75811584977721,10.757479312539784,0.0636537237428389,0.0,0.3182686187141947,0.0,0.0,79.75811584977721,3,25069.23109340668,1618.6084046036335,71.42231080742643,536.9512329101562,84.95629239636519,10.509473782723138,256,5.4852487650842425,0.6785498338300097,5343,0.4434438567578551,344.97367205138323,2.8631191393296813,1,0.0645655384711553,1.667779492997966
NP0233402,Madhesh,Bara,Prasauni,0,20.244848442565186,84.95275828251279,27.04728542561562,88.82205173723838,455.5089111328125,12079.79903626442,1006.6499196887016,1450.7554383277893,870.4678150523793,1155.4376678466797,1018.0703458786012,84.83919548988342,91.79646056865516,82.29029083251953,110.68193817138672,28.391647338867188,4.066680483992515,1.238751222298992,12.587278034133735,248.76482610703937,-0.1314570739368054,-0.0510817035482513,1.1733284085749682,3.347967124064218,0.1653737805724963,2,1000.7,1000.7,126.0,126.2,1,12.142152023692004,0.0,2.3692003948667324,79.56564659427443,5.676209279368213,0.1974333662388943,0.0,0.0493583415597235,0.0,0.0,79.56564659427443,3,16604.139521598816,820.1661557855032,68.32979226995397,240.753173828125,103.32875843174284,3.519592679320376,410,5.103953172328628,0.1738512732908567,6755,0.4702789148091122,333.66513062145145,2.322955966518089,1,0.0493952821053222,2.943145185967323
NP0233403,Madhesh,Bara,Karaiyamai,0,47.686198267103954,85.09626738179391,27.036869127011204,131.62657625418083,786.1356608072916,17901.214370568592,1491.7678642140493,2142.987760702769,1272.6753678755326,1718.1619873046875,1541.1650851567586,128.4304237630632,97.70397221540748,81.49994659423828,114.7199935913086,33.22004699707031,5.887571144212381,1.0113588401079143,13.917422533596772,184.3014215975611,-0.0164906530260327,-0.2192459053011147,0.1636612534968516,23.174010556344417,0.4859689259886098,6,958.1,958.1,394.2,394.3,2,8.05976430976431,0.0,0.8627946127946129,88.19444444444444,2.609427609427609,0.2104377104377104,0.0,0.0631313131313131,0.0,0.0,88.19444444444444,2,23773.3403339386,498.5371280968418,78.2017774142717,288.0222473144531,161.0943879941531,9.32469072928765,492,3.378218307356305,0.1955427580336223,7585,0.402161090618744,159.0606983914771,0.8433490301871526,3,0.0629112847955743,1.556377503815514
NP0233404,Madhesh,Bara,Bishrampur,0,19.81545166382007,84.9078179965774,26.987458369462768,110.6133940868518,606.8883666992188,15043.421595811844,1253.6184663176537,1780.8733339309692,1107.148681640625,1453.6728515625,1249.6399216651917,104.13666013876598,81.63469961285847,75.25951385498047,95.66183471679688,20.402320861816406,2.110672951328388,1.2461267663153262,11.738340533645058,220.74364585208903,-0.0665745924872252,-0.0772809476883319,0.1556688249233243,6.911563815602272,0.3487966831572006,2,963.4,963.4,296.2,543.5,2,12.412060301507536,0.0,2.1608040201005023,80.7035175879397,4.1206030150753765,0.3517587939698492,0.0,0.2512562814070351,0.0,0.0,80.7035175879397,2,22175.708000183105,1119.1119120778103,110.87854000091552,758.9263916015625,87.34462411376536,6.411999406606172,217,4.407904780350934,0.3235858316726377,6155,0.3077891228397871,310.616185006677,1.5532783610568015,3,0.1513970032526451,1.2349942797357931
NP0233405,Madhesh,Bara,Pheta,0,23.653197187489116,84.94325751956039,27.00018805473685,0.0,0.0,0.0,0.0,0.0,0.0,0.0,0.0,0.0,84.80108891772163,79.19766998291016,97.58846282958984,18.390792846679688,2.4961114027166684,1.2177231677570617,13.925489759636276,195.96536264485667,-0.0420061385609309,-0.1468277607585959,1.774963784343864,6.819277135875049,0.2883025530046301,1,963.4,963.4,296.2,543.5,2,11.918604651162791,0.0,1.827242524916944,79.609634551495,5.440199335548173,0.4152823920265781,0.0,0.7890365448504983,0.0,0.0,79.609634551495,3,20435.992151260376,863.9843480470195,114.8089446700021,530.4340209960938,117.33216631352455,13.656710714205587,390,4.960520363631225,0.5773727165065462,8985,0.426318021617554,379.8640804784072,1.802369541158886,6,0.2536654961458479,0.6898600157335392
NP0233406,Madhesh,Bara,Baragadhi,0,39.2880958672847,85.13605526695507,26.99648053170539,136.39070287259187,813.7010498046875,18549.135590672493,1545.7612992227075,2213.527052760124,1340.848175048828,1792.431381225586,1579.2395598888395,131.60329665740332,91.58012430296633,80.5,103.1997299194336,22.699729919433597,3.3898588571712325,0.9306620370599809,14.042102362816877,209.70639649438417,-0.0828638960022703,-0.1452381970423165,0.4627083986068084,17.150746541261356,0.4365379935743546,2,958.1,958.1,394.2,394.3,2,8.29342072094782,0.0,0.9831106629694985,87.19435341567936,3.4534913032518277,0.0,0.0,0.0756238971514998,0.0,0.0,87.19435341567936,2,25327.860319137573,644.6700905204252,77.69282306483917,374.1469421386719,117.21144911747054,12.137742149305176,358,2.983383300463609,0.3089419805507119,9015,0.3885469127754143,229.4588170028065,0.9889685519194592,4,0.1018120097627538,1.6563107687736234
NP0233407,Madhesh,Bara,Devtal,0,23.3102929606873,85.0046217215682,26.94368135711692,121.31655103143524,678.08203125,16499.050940275192,1374.9209116895993,1996.232164859772,1213.0417757901278,1622.6162719726562,1374.2363259792328,114.51969383160274,80.99979676122155,74.58995819091797,93.31520080566406,18.725242614746094,2.6680052358943422,0.8950701141463733,10.900523163112275,181.67031081527324,-0.0045861263762771,-0.1572708748024506,1.7598985741378814,0.0,0.0,0,963.2,963.2,375.3,375.3,1,6.8789808917197455,0.0,0.89171974522293,87.51592356687898,4.628450106157112,0.0424628450106157,0.0,0.0424628450106157,0.0,0.0,87.51592356687898,2,20875.42700958252,895.5454590291434,278.3390267944336,2260.83642578125,103.24046349864706,0.0,340,4.428964649769165,0.0,6109,0.284092531466087,262.0730683352114,1.218742861555656,1,0.0428995037379622,1.156561081026611
NP0233408,Madhesh,Bara,Subarna,0,36.8381814183413,85.03923366914269,26.918423230405715,124.78198766094796,714.6282348632812,16970.350321888924,1414.1958601574104,2078.860138654709,1228.4635529951615,1658.154296875,1427.866786956787,118.9888989130656,79.16632824085292,71.5,91.63459014892578,20.13459014892578,2.2526183920280314,1.0159634229478025,12.534727268243824,197.87371240500343,-0.0318701501760393,-0.0988268886612708,1.2448914117289656,15.40779552637963,0.4182561389609822,2,958.1,958.1,394.2,394.3,1,5.191628159826039,0.0,1.7939657515629246,88.14895351997826,4.104376189181843,0.1359064963305246,0.0,0.6251698831204131,0.0,0.0,88.14895351997826,2,20496.602924346924,556.3956236488348,98.06987045142068,314.2542419433594,134.07573778228553,8.709781692606462,338,3.6395862287471874,0.2364335414307386,8505,0.5079880999238954,230.87458915019783,1.3789717091489593,1,0.0271457482833859,1.182116532539396
NP0233409,Madhesh,Bara,Aadarsha Kotwal,0,36.24572850889836,85.14183411295343,26.944798515566944,134.2893586649614,815.3744506835938,18263.352778434757,1521.9460648695629,2219.710482597351,1332.1961198286576,1809.5593872070312,1554.519916057587,129.54332633813223,86.84467277515238,75.0,100.66642761230467,25.666427612304688,3.2229616247324198,1.398154516841091,13.525873222816251,221.59449724977333,-0.0715473890885603,-0.0806013542184321,1.4199150044511155,0.0,0.0,0,958.0,958.0,136.2,136.4,1,13.416666666666666,0.0,1.7500000000000002,80.58333333333333,4.027777777777778,0.0,0.0,0.2222222222222222,0.0,0.0,80.58333333333333,2,24529.96068668365,676.7683171456059,54.39015673322318,456.0535583496094,147.94270871598144,20.29725405528218,445,4.0816591306658765,0.5599902358232139,10132,0.4623126801719442,279.5363872328455,1.2754956216660014,2,0.0551789157585561,1.1076446359010916
NP0233595,Madhesh,Bara,Parsa,0,1.3314605198492744,84.96934985027231,27.274961373578225,146.29414114443694,721.2630004882812,19896.003195643425,1658.000266303619,2277.655152440071,1430.7076346657493,1810.7272644042969,1724.4063358306885,143.70052798589072,303.27249670059155,246.6681365966797,409.7415466308594,163.0734100341797,32.88659479203581,4.882506675671414,40.27901207760827,196.51283715330325,-0.0933335622302486,-0.3148297824552853,0.1124165528362951,0.0,0.0,0,997.1,997.1,132.8,132.8,1,63.30935251798561,0.0,2.877697841726619,0.7194244604316548,0.0,33.093525179856115,0.0,0.0,0.0,0.0,63.30935251798561,2,0.0,0.0,0.0,0.0,0.0,0.0,0,0.0,0.0,0,0.0,0.0,0.0,0,0.0,2.138682541406004
NP0234101,Madhesh,Parsa,Birgunj,0,132.1210586438467,84.89372257499207,27.08264515158241,110.16945024974206,579.4947021484375,14983.04523396492,1248.58710283041,1764.2867840290069,1089.4575902765448,1437.8392333984375,1253.9116383075714,104.49263652563094,98.62778475305116,72.65992736816406,236.55357360839844,163.89364624023438,28.00743548735993,1.528676668140337,25.983551992945,210.33740057903552,-0.0777368558642502,-0.1328315591506379,0.3071535643565675,46.12307954306482,0.349097108488942,9,997.1,997.1,132.8,132.8,2,20.44034740210269,0.0,1.516074965716898,63.804662501904616,13.362791406369038,0.7694651836050587,0.0,0.1066585403016913,0.0,0.0,63.804662501904616,3,259888.125225544,1967.0454346427368,75.63682340673573,2648.6279296875,690.6536798511968,106.52257628234646,2740,5.227430713471374,0.8062497937553996,60461,5.099938405395184,457.6181921383345,3.860049607339945,17,0.1286698742387933,1.3919465134927185
NP0234301,Madhesh,Parsa,Pokhariya,0,32.49064906252606,84.7635729879026,27.077090657553917,118.66166580775204,610.822021484375,16137.98654985428,1344.8322124878566,1926.630849123001,1169.8363591974432,1569.2718658447266,1308.1768851280212,109.0147404273351,84.79352269013084,76.30970001220703,99.87186431884766,23.562164306640625,2.987549548186806,1.012195702992369,11.166961183056918,178.8097788065183,0.0029130570419093,-0.1402107994362426,0.9269627991176128,6.781281817226187,0.2087148768304403,1,997.7,997.7,161.6,496.9,1,10.27060270602706,0.0,0.6150061500615006,84.68634686346863,4.33579335793358,0.030750307503075,0.0,0.06150061500615,0.0,0.0,84.68634686346863,2,96226.10721969604,2961.6554299828053,309.40870488648244,3657.166015625,134.7949241832899,11.060178963515268,332,4.148729806040076,0.3404111423637829,9999,0.557090994976204,307.7500846707494,1.714619470679456,3,0.0923342588271075,0.418667477156253
NP0234302,Madhesh,Parsa,Bahudarmai,0,31.563170127411464,84.82722285589142,27.082846214267494,115.45367697582526,601.0432739257812,15701.700068712234,1308.4750057260196,1855.686893224716,1146.5646750710227,1517.832061767578,1293.5157806873322,107.79298172394437,86.57745010975141,74.88494110107422,103.50406646728516,28.619125366210938,2.983353256952978,1.216436022979125,16.93612524551915,198.93548914417323,-0.0438459019596914,-0.1278050262457116,1.3645329985700747,4.745889585794948,0.1503616261179454,2,997.2,997.2,217.8,494.5,1,10.336160854539743,0.0,1.7279296261388626,82.31228400879674,5.5607917059377945,0.0628338045868677,0.0,0.0,0.0,0.0,82.31228400879674,3,102806.68185424805,3257.1722497850174,368.4827306603873,2152.3740234375,174.58986202818303,21.867434531208747,480,5.531442542793194,0.6928148992302163,10594,0.6015184028659798,335.6443588281868,1.9057604177204717,1,0.0316824956417016,0.5729699394915804
NP0234303,Madhesh,Parsa,Parsagadhi,0,99.71887188617228,84.88939629384555,27.170938128858904,134.79021527946873,695.7683258056641,18331.469278007746,1527.622439833979,2138.0678666830063,1326.656105041504,1734.228401184082,1558.466289460659,129.87219078838825,127.8526146789513,85.81377410888672,231.225341796875,145.41156768798828,36.77007587059565,1.920646941106209,22.03365075052908,210.5077968778753,-0.1377942935955987,-0.2338555137738977,0.2192652673332978,37.53447031214009,0.3764028774311163,7,1020.1,1020.1,101.5,101.5,1,46.18775673780182,0.0100190361687205,0.6812944594729987,51.18725578599339,1.6731790401763351,0.1302474701933674,0.0,0.1302474701933674,0.0,0.0,51.18725578599339,2,80276.11552429199,805.0243048871039,312.3584261645603,1553.5230712890625,212.7630757579704,8.850565618745017,416,2.133628988511187,0.0887551719282165,9142,0.5395267141969855,91.67773187842988,0.5410477515357854,8,0.0802255365376765,0.9074758638891122
NP0234401,Madhesh,Parsa,Thori,0,128.78002911777187,84.63466860201814,27.320730572789536,143.6414394283996,721.932568359375,19535.235762262346,1627.936313521862,2320.1909311294557,1412.1724920099432,1903.8122680664064,1650.5389161109924,137.54490967591605,232.0921356050057,114.78720092773438,630.3837890625,515.5965881347656,81.46675847035357,5.4526694860588885,48.962409475038,187.20004336180324,-0.0380563339348044,-0.3012450688851102,0.4865532542094943,41.46786522760204,0.3220054034129691,12,1044.0,1044.0,173.6,173.6,1,61.1024602927437,0.2647150420429772,3.417938336966677,30.13858611024603,0.7396449704142012,4.118654624727499,0.0,0.2180006228589224,0.0,0.0,61.1024602927437,2,39062.10424804688,303.32423835937954,710.220077237216,1581.73046875,239.443561758342,38.47952398559717,495,1.8593221588680195,0.2988003982388207,9917,0.5550388089633843,77.00728185835948,0.4309975799553441,2,0.0155303583459432,8.368696436063235
NP0234402,Madhesh,Parsa,Jirabhawani,0,55.4191351102694,84.73216346576034,27.20017156838985,137.2195154516136,685.2860107421875,18661.85410141945,1555.1545084516208,2218.6910873651505,1346.4997121637518,1814.1923751831052,1555.0791137218475,129.5899261434873,120.49663545824208,96.32675170898438,174.90936279296875,78.58261108398438,18.50447771395342,1.508539426323113,20.4204571904958,189.45292614359985,-0.056957238439264,-0.3420893712416354,1.35482194482588,17.519248169285394,0.3161227279066468,6,1006.5,1006.5,183.7,183.8,1,34.61054146429214,0.0359776938298255,3.00413743479043,59.61503867602087,1.5650296815974094,1.097319661809678,0.0,0.071955387659651,0.0,0.0,59.61503867602087,2,53007.13579559326,956.4771389904064,389.75835143818574,1102.150146484375,95.62957916813392,19.715783127425272,140,1.7255696787374322,0.3557576834823583,4034,0.2634325982346188,72.79074261937521,0.4753459210622066,12,0.2165317083372589,0.774378903238582
NP0234403,Madhesh,Parsa,Paterwa Sugauli,0,64.32262373982269,84.7900849747368,27.193158728973945,136.53205655339886,676.7518005371094,18568.359691262245,1547.3633076051872,2198.2055201530457,1337.4414256702769,1791.0231170654297,1564.5073325634005,130.37561104695,121.10822532140652,89.13416290283203,181.1860198974609,92.0518569946289,21.145966985701868,1.7103454250551495,22.369289516630324,180.43041893832805,-0.0022992617620766,-0.3060634769394804,0.7761492888750252,37.91866937532107,0.5895075040579432,7,997.7,997.7,161.6,496.9,1,38.37119456034616,0.077267810230258,2.565291299644568,55.98825529284501,1.5144490805130582,1.4526348323288518,0.0,0.0309071240921032,0.0,0.0,55.98825529284501,2,55124.23139190674,856.9960021356973,307.95659995478627,1344.1043701171875,109.6220583724714,21.62218627604419,180,1.7042535269686685,0.3361521190973699,5068,0.3635218328517652,78.79031832562448,0.5651539251914964,2,0.0310932590077444,2.1848546470086045
NP0234404,Madhesh,Parsa,Sakhuwa Prasauni,0,74.29954668764016,84.82545592316436,27.166638157986583,131.66562942722263,660.5297444661459,17906.52560210228,1492.2104668418567,2114.866840918859,1293.799375129469,1723.9474487304688,1520.994930346807,126.7495775289006,111.80278950277857,83.11669158935547,207.26589965820312,124.14920806884766,26.25833428940883,1.5643332299944122,19.29470067999154,184.27071569450857,-0.0198498045235113,-0.2658109450042294,1.207884150731373,41.930804473189454,0.5643480524782893,10,997.2,997.2,217.8,494.5,1,30.83884911522356,0.0,1.2427394299608268,65.35188437120087,1.9046332567877888,0.3647170066189383,0.0,0.2971768202080238,0.0,0.0,65.35188437120087,2,69924.09461593628,941.1106491658886,356.75558477518507,1754.224365234375,171.9377684853607,31.8563331922153,333,2.314115982540211,0.428755417931973,7220,0.4837561385851344,97.17421332802098,0.6510889502716279,1,0.0134590323169004,1.061698378898215
NP0234405,Madhesh,Parsa,Jagarnathpur,0,45.310711496859945,84.72293280136898,27.13927034779157,125.22873279539978,617.3314514160156,17031.10766017437,1419.2589716811974,2029.734211921692,1233.710230740634,1658.3616333007812,1425.0933972597122,118.757783104976,95.26252330570838,84.38551330566406,112.99285125732422,28.60733795166016,4.434962437075001,0.9136107863596564,12.187402327703282,192.73103377658023,-0.0492493556526806,-0.2179860310693068,0.8246899716871848,1.7254009226755411,0.0380793164723337,1,1009.5,1009.5,167.8,335.5,1,6.396495071193867,0.0,3.43921139101862,86.96604600219058,2.5629791894852136,0.569550930996714,0.0,0.0657174151150054,0.0,0.0,86.96604600219058,2,72051.19603729248,1590.158125022726,344.74256477173435,2969.979248046875,131.95096643950714,23.8764534411424,184,2.912136271544785,0.5269494265786812,4717,0.2876804232553718,104.1034193499012,0.6349059940833378,4,0.0882793464913302,0.2623619499636514
NP0234406,Madhesh,Parsa,Dhobini,0,24.423379432283596,84.69387872206364,27.09699867209734,0.0,0.0,0.0,0.0,0.0,0.0,0.0,0.0,0.0,87.62524775351658,79.20844268798828,105.97994995117188,26.771507263183597,3.152974116619535,0.8862662975951546,14.557126380379971,184.2638366398171,-0.013479685971091,-0.1808002802885268,1.2526966703193785,0.0,0.0,0,1009.5,1009.5,167.8,335.5,1,7.013201320132014,0.0,2.846534653465347,86.71617161716172,3.259075907590759,0.0412541254125412,0.0,0.1237623762376237,0.0,0.0,86.71617161716172,2,47927.37595367432,1962.3564415628084,344.80126585377207,4020.15625,66.89350865491227,21.30594945751098,101,2.738912886334244,0.8723587788734963,4603,0.238840139618593,188.4669569484561,0.9779160180547604,8,0.3275549979551703,0.810027342371031
NP0234407,Madhesh,Parsa,Chhipaharmai,0,24.912250659654024,84.67129696560616,27.058596409387548,124.71856438763,663.6558837890625,16961.724756717682,1413.4770630598068,2030.540223121643,1239.3388782848012,1658.4288024902344,1383.6971969604492,115.3080997467041,81.898711058857,77.1094970703125,97.82170867919922,20.71221160888672,2.260032573868369,0.9462515193054996,13.16089932380971,196.31532402085935,-0.0402168919895424,-0.1373946243977235,0.9402570329287347,26.471082745619714,1.062572912711185,1,1006.5,1006.5,183.7,183.8,1,7.1939586645469,0.0,0.834658187599364,87.51987281399046,4.093799682034977,0.0794912559618442,0.0,0.2782193958664546,0.0,0.0,87.51987281399046,2,52874.542556762695,2122.431380412941,429.874329729778,1301.2532958984375,79.94012731689273,19.468408287163207,110,3.208868135160411,0.7814793032205939,4995,0.2262618870133015,200.5037629173152,0.9082354304492368,10,0.4014089347693998,0.6232654480322131
NP0234408,Madhesh,Parsa,Kalikamai,0,24.347879353254445,84.72634014459688,27.06593843091585,123.07200742293809,631.1442260742188,16737.793009519577,1394.8160841266315,1987.2724742889404,1219.7484255704012,1630.727310180664,1355.4759650230408,112.95633041858672,83.04104932359812,77.47956848144531,95.67442321777344,18.194854736328125,2.640386622764282,0.9180229676649428,11.936830115585312,201.84872805825148,-0.0578458564090036,-0.1442690013302471,1.993345247396181,16.15009444649723,0.6633059993513784,1,1009.5,1009.5,167.8,335.5,1,7.008196721311475,0.0,1.639344262295082,86.92622950819671,3.606557377049181,0.3278688524590163,0.0,0.4918032786885246,0.0,0.0,86.92622950819671,2,356302.66497802734,14633.827439694553,2146.4015962531766,9467.9990234375,67.15819627503343,14.940326213478055,100,2.7582770269500605,0.6136191984819026,4385,0.2440043521851054,180.09782028157954,1.0021585397435884,7,0.2874993710310277,0.3446322013961648
NP0234409,Madhesh,Parsa,Pakaha Mainpur,0,21.270724209924254,84.73539417476806,27.02811883474661,118.4955068774083,600.84130859375,16115.38893532753,1342.949077943961,1947.178486824036,1168.208620938388,1545.5125885009766,1310.2201886177063,109.1850157181422,78.80679372950858,74.68301391601562,90.64773559570312,15.9647216796875,1.570909856860346,0.9251300972958292,12.477678763149155,177.49051520856213,0.0049050832950555,-0.111919721207254,0.5379158418132668,7.640503818412329,0.3592028058380593,1,1009.5,1009.5,167.8,335.5,1,7.0994862213918735,0.0,0.4203643157403082,88.0429705744979,3.923400280242877,0.0467071461933675,0.0,0.4203643157403082,0.0467071461933675,0.0,88.0429705744979,2,58589.71104431152,2754.476550308306,464.9977067008851,1625.7520751953125,78.35550449463598,20.483763467862385,141,3.683725279935592,0.96300263525138,3976,0.2688293013376696,186.9235838310067,1.263846490060937,11,0.517142711806105,0.5674756615610065
NP0234410,Madhesh,Parsa,Bindabasini,0,26.054858685717385,84.79407630018805,27.035631403486303,113.063544285648,573.9769287109375,15376.64202284813,1281.386835237344,1812.887092590332,1104.28876842152,1457.8758697509766,1262.7250592708588,105.22708827257156,80.53202997173416,74.40451049804688,94.43701934814452,20.032508850097656,2.3604714298911915,1.1373525274282326,15.03480290035944,222.26929548215372,-0.0703703078745521,-0.077419265044252,0.7949937632101481,13.27056023305734,0.5093314990931778,2,997.7,997.7,161.6,496.9,2,10.59047619047619,0.0,0.9142857142857144,83.80952380952381,4.228571428571429,0.1904761904761904,0.0,0.2666666666666666,0.0,0.0,83.80952380952381,2,58801.355461120605,2256.8287999717318,389.4129500736464,1449.0794677734375,79.86835479043755,12.399816418765134,268,3.065391977513176,0.4759118661258524,3189,0.2412706455270788,122.39559762986276,0.9260101865735212,6,0.2302833445528932,1.2509286080784967
NP0234595,Madhesh,Parsa,Parsa,0,475.4114128847648,84.82540056202055,27.32428355464165,145.2599077420492,723.4811971028646,19755.34745291869,1646.2789544098907,2274.2124329725902,1418.899598647609,1830.7849182128907,1705.272736152013,142.1060613460011,335.0682441364215,136.57260131835938,861.6958618164062,725.1232604980469,127.73973721162368,7.374996506866479,58.35908999462615,204.6504551740916,-0.0943091610780317,-0.2055107409864598,1.312965137328011,240.422218839698,0.5057140243664576,49,1037.0,1037.0,167.6,167.6,1,97.66344310304868,0.0379242778585424,0.4466637170006109,0.5056570381138993,0.0,1.3463118639782568,0.0,0.0,0.0,0.0,97.66344310304868,1,1602.7078018188477,3.371201780987384,320.5415603637695,465.4605102539063,44.328335418209406,0.0,13,0.0932420514459844,0.0,142,0.0080245241838923,0.2986886644945131,0.0016879115575286,1,0.0021034412992571,4.290938905645397
NP0234597,Madhesh,Parsa,Chitawan,0,146.67417942625735,84.63175106021417,27.404083421748368,149.3445691144934,747.8441874186198,20310.861399571106,1692.5717832975918,2367.9537603855133,1472.1498876629453,1932.6509755452475,1723.4249212741852,143.61874343951544,429.0913017818755,225.81472778320312,745.3836669921875,519.5689392089844,109.7814984479342,12.599836007920215,57.42428125116428,178.03869192384118,0.007067116669076,-0.2063713464752105,0.0495669338639486,62.2164214053548,0.4241811452344619,10,1069.4,1069.4,148.5,148.5,1,98.06960304513322,0.0203915171288743,0.3602501359434475,0.0339858618814573,0.0,1.5021750951604134,0.0,0.0135943447525829,0.0,0.0,98.06960304513322,1,0.0,0.0,0.0,0.0,6.704876831043525,0.0,4,0.045712727743021,0.0,5,0.0002958060524744,0.0340891629294154,0.0002016756143661,0,0.0,16.711508737115665
NP0320301,Bagmati,Sindhuli,Kamalamai,1,481.9711040499048,85.93055862851583,27.18774240267821,140.09815265183502,641.382646560669,19053.34876064956,1587.7790633874636,2050.2182081639767,1374.3084892359648,1617.303783416748,1799.4226613640783,149.95188844700655,682.3342877781542,276.3201599121094,2005.8262939453125,1729.5061340332031,290.9723792132402,20.32947636364391,61.34704646082703,183.41466766942224,-0.0029597463982841,-0.0496037014078454,0.4946773185985038,143.649824096563,0.2980465486198299,51,859.0,859.0,202.3,202.3,1,85.40205241356341,0.0499573281155679,2.148165108969422,9.847838304781332,0.4225557336441788,2.0711475614579213,0.0,0.0582835494681626,0.0,0.0,85.40205241356341,2,16500.03182888031,34.234483541095955,28.157050902526127,157.2312774658203,861.0982576141096,96.08061822921948,1996,1.7866180158488274,0.1993493332315436,22988,1.2663256254868571,47.69580542658373,0.2627389100396646,89,0.1846583731932291,1.358974915311381
NP0320302,Bagmati,Sindhuli,Dudhouli,1,389.725027547383,86.23864773089764,27.032560988382187,117.8373334590784,560.5509929656982,16025.87735043466,1335.4897792028885,1768.6337939798832,1139.3455596403642,1382.9065608978271,1517.2689330130816,126.43907775109012,577.79686004672,155.0,2128.2568359375,1973.2568359375,411.6947776144211,17.282797789556675,59.12757903801896,163.53557432806969,0.038460888154874,-0.1301384438353996,1.899399146141119,131.43898441781317,0.3372608252669448,43,833.1,833.1,108.9,108.9,2,72.65400410677618,0.0410677618069815,4.1273100616016425,19.160677618069816,0.4697125256673511,3.1878850102669407,0.0,0.3593429158110883,0.0,0.0,72.65400410677618,2,32821.44240359962,84.21692240334545,23.37709572905956,3162.064697265625,926.2691754941886,95.63042871155974,3023,2.376724895815351,0.245379233952156,15841,0.8937339537048327,40.64660691588261,0.2293242390229023,3,0.0076977350386748,8.82797949994024
NP0320401,Bagmati,Sindhuli,Hariharpurgaghi,0,343.6866696269083,85.54098728362642,27.251575715551716,152.6232035890289,698.529541015625,20756.75568810793,1729.729640675661,2256.146981266829,1495.8195175491012,1767.0310598520132,1912.9442576445067,159.41202147037555,403.1616503675152,129.5,1352.8321533203125,1223.3321533203125,218.5329638985592,18.579517414564734,67.25263934698533,286.7910782648939,-0.0507167805366402,0.0153036820583915,0.1390176816853678,114.9659497530498,0.3345080269707637,46,927.3,927.3,125.2,562.3,1,84.6415786256876,0.0669402485520533,1.973282109490963,10.256410256410255,0.0232835647137576,2.4505951861229955,0.0,0.5879100090223813,0.0,0.0,84.6415786256876,2,15248.368930101396,44.36706534662627,27.08413664316411,252.0847320556641,524.380542126154,47.071876593635686,1284,1.5257517630677944,0.1369616012303733,7895,0.3548852236970703,22.971504855194052,0.1032583614844063,88,0.2560471725468115,0.598098140692508
NP0320402,Bagmati,Sindhuli,Marin,0,297.02815569084555,85.69721963574383,27.25531546159543,140.83503805907336,628.1941955566406,19153.56517603397,1596.1304313361643,2068.375149035454,1369.7491326072,1599.7236602783205,1783.3889639377594,148.6157469948133,490.94646797808207,221.5,1553.26318359375,1331.76318359375,244.53811560932007,17.967974813729846,61.50935499342391,271.6498669130912,-0.0613880304979994,0.0017681945242831,0.7560745100082524,107.63458300287849,0.3623716504333929,43,944.2,944.2,145.6,436.9,1,82.26062303823957,0.0067501434405481,2.8350602450302067,11.110736103142193,0.0911269364473995,3.547200378008033,0.0,0.1485031556920584,0.0,0.0,82.26062303823957,2,33767.22020530701,113.68356688869856,34.351190442835204,445.437255859375,452.173056507742,39.90583424500803,1082,1.522323886959643,0.1343503418125217,10591,0.5105256614216874,35.656552407857866,0.1718778680203823,89,0.2996348941836795,1.0315982048049677
NP0320403,Bagmati,Sindhuli,Ghyanglekha,1,166.59711708655863,85.78617226265018,27.343319102550407,109.7725744328078,473.7365356445313,14929.070122861862,1244.0891769051552,1546.4471465110778,1042.2941432606092,1178.6712432861327,1417.094727754593,118.09122731288274,1242.3096792744195,481.9800415039063,2390.684814453125,1908.7047729492188,366.0124383247385,29.471473124754183,65.11842354019832,194.4173419244154,-0.0408689717760002,-0.1589743611207131,0.3374564035138218,60.333136219339735,0.3621499415742742,21,971.3,971.3,147.9,147.9,1,87.41304869273206,0.0,6.62029263612377,5.900695610458143,0.0239865675221875,0.0419764931638282,0.0,0.0,0.0,0.0,87.41304869273206,3,16132.899264335632,96.83780575838828,278.1534355919937,817.3869018554688,324.6957548900018,36.66355516762651,448,1.948987837054228,0.2200731669838997,5421,0.2299492592496991,32.53957868420628,0.1380271539334169,4,0.0240100193205727,3.6968257667230606
NP0320404,Bagmati,Sindhuli,Sunkoshi,1,154.5054247605004,85.88140171322135,27.379603729005563,111.00350455887175,476.8204040527344,15096.47662000656,1258.03971833388,1533.8578003406524,1073.41008162065,1221.213005065918,1463.919775390625,121.99331461588542,1063.500769742435,455.0,2292.492431640625,1837.492431640625,385.3741481024778,29.028503915078968,66.11229030101335,36.54217866461237,0.1936799476799761,0.2613408510665519,0.7474572300032013,54.74350033199585,0.3543144224020225,21,982.9,982.9,201.8,6055.6,1,66.6537392540883,0.0,19.39758257384784,11.531252019908216,0.4653868528214078,0.8402818175942085,0.0,1.1117574817400298,0.0,0.0,66.6537392540883,3,14689.136251449583,95.07197740286004,50.133570824060016,858.99560546875,480.5780517544994,51.88910029748703,880,3.110428339324951,0.3358399899415867,9422,0.4595717040647356,60.98167759873213,0.2974469697598773,6,0.0388335879423044,3.8512465696511664
NP0320405,Bagmati,Sindhuli,Golanjor,1,183.8618635879332,86.06750316642868,27.25214974149859,107.52753877530203,479.2420997619629,14623.745273441076,1218.645439453423,1494.01060795784,1051.7656412124634,1190.3739948272705,1392.114392220974,116.00953268508115,1011.6618320683708,409.0,1900.7674560546875,1491.7674560546875,326.99856101466435,29.21930967536017,62.61278900666406,25.16059433556896,0.1089887907290435,0.2320270497819826,1.87601073559042,53.22636417901421,0.2894910512726221,16,964.0,964.0,193.1,10375.4,1,82.36636245110822,0.0,8.805953933072578,7.469578444154715,0.211864406779661,0.3422425032594524,0.0,0.8039982616253802,0.0,0.0,82.36636245110822,3,15813.59702205658,86.00803186406092,59.6739510266286,1857.2276611328125,776.4558747695831,83.34295914675134,1945,4.223039294922831,0.4532911693614592,9671,0.4193555644625539,52.5992710575066,0.2280818633506313,16,0.087021852643998,3.259084883676884
NP0320406,Bagmati,Sindhuli,Tinpatan,0,279.8312040946891,86.13207246904922,27.133812487785796,125.78008179752266,585.9246215820312,17106.09112446308,1425.5075937052568,1816.800101161003,1237.6486872586338,1442.2387786865231,1621.9474954128266,135.16229128440222,855.8067256916439,308.9823303222656,1984.0826416015625,1675.1003112792969,334.1642624429875,24.30242580021154,64.17410871897152,239.4430233866593,-0.076488320082387,-0.0451575777061972,1.1743271132711426,89.64566221589051,0.3203562036832614,31,874.0,874.0,164.8,164.9,1,82.05321285140562,0.0,5.296184738955823,12.041021227768216,0.0394434882386689,0.5306942053930006,0.0,0.0394434882386689,0.0,0.0,82.05321285140562,3,13073.653224229813,46.71978332983179,20.0516153745856,1174.57568359375,1026.9255912065207,42.24810863433069,3055,3.669803710879328,0.1509771176914022,15590,0.6537348067722203,55.71215708568608,0.2336175512974635,1,0.0035735828791331,2.840459517254171
NP0320407,Bagmati,Sindhuli,Phikkal,1,185.75117478724783,86.28603296302528,27.186903534498875,114.41049836773206,527.8535690307617,15559.82777801156,1296.6523148342967,1549.7393804192543,1131.2574088356712,1265.5664691925049,1498.5587319731712,124.8798943310976,1231.6902155801,354.5,2373.320556640625,2018.820556640625,464.35993352301335,31.71400679240877,65.90757260684418,28.53822169016011,0.0775581953083649,0.1426174626290806,1.8681600305176544,74.35736597475957,0.4003063025573087,26,928.6,928.6,204.8,11791.9,1,73.38558162005475,0.0,17.703580439100328,7.193086048633851,0.0483117719684363,0.7783563261581405,0.0,0.8910837940844919,0.0,0.0,73.38558162005475,3,6219.122392654419,33.48093168066129,188.4582543228612,658.9754028320312,621.4194454671334,50.29857049147164,1936,3.345440189968559,0.2707846695940505,6870,0.264238247977233,36.98496124112609,0.1422538771449931,3,0.0161506380965616,1.991787900517917
NP0321301,Bagmati,Ramechhap,Manthali,1,211.47270537927992,86.06425888737381,27.408724181851436,115.7809280224708,563.3928484235491,15746.206211056027,1312.1838509213355,1659.0451271533966,1122.0217128605038,1379.8851187569755,1523.5011308533806,126.95842757111504,1058.9398019030184,450.0,2074.053466796875,1624.053466796875,330.1834586016568,25.91750708548889,66.08566815981476,336.8462854682767,-0.0282317477979611,0.0660168390336178,0.5137568137344258,76.05077502310846,0.3596245429721537,30,989.8,989.8,207.5,4003.3,1,51.57441166721909,0.0,33.9220607036318,11.98446896159856,0.3456603058856953,1.3494957147592217,0.0,0.8239026469056301,0.0,0.0,51.57441166721909,3,22434.92462730408,106.08898480334214,79.55647030958893,1050.697021484375,968.301213419532,98.22336477302945,1978,4.578847240275605,0.4644730136537675,22136,1.1517955685286896,104.6754471708238,0.5446544822240414,3,0.014186227932439,3.0226912338364347
NP0321302,Bagmati,Ramechhap,Ramechhap,1,202.1309599059416,86.14634851668717,27.316083281896965,106.59017544751072,478.3511199951172,14496.26386086146,1208.0219884051216,1457.739421129227,1040.835653478449,1209.19633102417,1407.0268109639485,117.25223424699573,1088.8967581069303,402.5,2086.8720703125,1684.3720703125,339.63598324083284,29.194013058286217,64.75155220004658,142.34503935049491,0.0774326575958134,-0.100349083086193,2.1860682264212694,78.42287929669165,0.3879805415913746,26,989.8,989.8,207.5,4003.3,1,61.4627146320946,0.0,27.07704488099362,10.21327131476075,0.1187589687762877,0.3859666485229353,0.0,0.7422435548517987,0.0,0.0,61.4627146320946,3,18425.395923614506,91.15573355110205,252.40268388513016,2817.956787109375,921.2429718688476,76.6063983510537,1977,4.557653969968447,0.3789938878571657,15394,0.6560306124162256,76.15854596031875,0.3245572141553668,2,0.0098945752839182,6.280366605427238
NP0321401,Bagmati,Ramechhap,Sunapati,1,84.99756207047032,85.85575655078577,27.49567987708461,118.92740182315602,548.5863037109375,16174.12664794922,1347.8438873291016,1622.298258940379,1164.3153016061494,1345.2793655395508,1571.9035455385842,130.99196212821536,1402.9708828192436,534.5,2416.9287109375,1882.4287109375,413.38281339518585,27.340763965007007,69.72598312189665,291.8615453796541,-0.2605326286034949,0.1045303833701855,1.7132770947652742,37.22065841800123,0.437902658750872,10,1013.5,1013.5,151.0,323.4,1,49.4324166179052,0.0,30.076067875950844,20.0,0.18724400234055,0.2106495026331188,0.0,0.093622001170275,0.0,0.0,49.4324166179052,3,10783.144144296646,126.8641580020435,53.64748330495844,467.2735900878906,441.75071213925,46.62717254603312,778,5.197216265720662,0.5485707049735752,11312,0.5940809634801872,133.08617005534083,0.6989388271955881,4,0.0470601732868956,1.0520176837857933
NP0321402,Bagmati,Ramechhap,Doramba,1,140.70173862988364,85.92109849131657,27.549344397030417,125.00450821694206,613.5675903320313,17000.61311750412,1416.71775979201,1761.4998443603515,1221.3047336925158,1460.41046295166,1704.2054827690124,142.01712356408436,1963.3795658974848,768.736083984375,3147.0634765625,2378.327392578125,458.3516001238787,28.63241950041161,71.1219101429176,327.7731276098484,-0.0433478378765947,0.0687636540853215,1.5533705404567255,38.32868205934494,0.2724108630965013,19,1013.5,1013.5,151.0,323.4,1,67.11471445843112,0.0,26.953986202972764,5.753502595832445,0.1493492639214849,0.0284474788421876,0.0,0.0,0.0,0.0,67.11471445843112,3,8754.132015109062,62.21765345868848,95.15360885988112,1649.8206787109375,508.4515658686381,87.90277893712835,1070,3.6136836034849686,0.6247455062965276,11861,0.5607517952543438,84.29888724545471,0.3985393504833676,4,0.02842893086433,4.179146769234405
NP0321403,Bagmati,Ramechhap,Gokulganga,1,198.05743216529865,86.26407064321164,27.57630304161743,131.27942237483353,721.7848423549107,17854.001442977362,1487.8334535814463,2043.161791018077,1315.4269099049754,1760.9440416608538,1797.7864365577698,149.81553637981415,2382.532917505459,645.1134643554688,4401.701171875,3756.5877075195312,700.6530265624322,27.117739075647048,70.60101522599996,304.6736858385344,-0.4156696603778394,0.2875409726799965,0.4619035828865194,69.00589121667946,0.3484135407707758,32,1021.8,1021.8,144.5,305.9,1,73.39819529162675,0.0,25.311286988960024,0.6906286232797298,0.0907395271462418,0.0856984423047839,0.0,0.0050410848414578,0.0,0.4184100418410041,73.39819529162675,2,4636.713029384613,23.410951958191674,29.53320400881919,1593.77490234375,429.9232819760229,61.11507480837345,578,2.170700070559377,0.3085724890009017,8964,0.5471167487684827,45.25959920816629,0.2762414632902335,18,0.0908827293336672,2.065554558337781
NP0321404,Bagmati,Ramechhap,Umakunda,1,451.117843646874,86.42218207308055,27.66083489605528,116.74451820267474,633.0938568115234,15877.254475563765,1323.1045396303136,1839.6200995743277,1147.3578512451866,1565.6971859931946,1646.5903856754303,137.21586547295252,3487.1536993362693,863.0501708984375,6845.32958984375,5982.2794189453125,1224.2448615365297,31.015129274502712,76.33087929644101,155.9875110491887,0.0900221730631553,-0.2020745578648519,1.375632243929715,146.03491911942024,0.3237178958359569,69,1002.2,1002.2,143.4,384.1,1,45.70693060517964,0.0,23.002152637535787,0.0687956325869377,0.0155344976809214,11.981536139899248,10.547923925345644,0.0932069860855285,0.0,8.583919575686291,45.70693060517964,5,4456.476012706757,9.878740279214483,19.54594742415244,1650.5078125,614.8998353466094,25.24730255117175,788,1.3630581099956238,0.0559660915805734,7441,0.3727510265112639,16.494581415459738,0.0826283047236424,13,0.0288173039108959,3.4406046965148707
NP0321405,Bagmati,Ramechhap,Khandadevi,1,150.28451411958287,85.9429348274966,27.43813463187484,120.0946104168391,574.3418230329241,16332.867016690116,1361.0722513908431,1686.2968344688416,1168.2465686550388,1401.210823059082,1578.1526529448374,131.51272107873646,1159.855709095572,458.0,2412.073974609375,1954.073974609375,409.1165863340818,27.46735432923139,66.60973059461023,167.62708277925165,0.0299393111313988,-0.1364793635067279,1.7741008395467226,55.49079339935957,0.3692382659946253,28,982.9,982.9,201.8,6055.6,1,45.33845034076623,0.0,38.04009792893535,14.530536624098458,0.2183550585588566,0.8800370541917555,0.0,0.9925229934493484,0.0,0.0,45.33845034076623,3,14090.50701713562,93.75887528853217,99.93267388039447,2235.262939453125,704.4613343490972,93.4066147043541,1277,4.687517795669555,0.6215318674153582,12910,0.6388952532441414,85.90372784335841,0.4251238106514196,8,0.0532323642716396,1.3980163499802367
NP0321406,Bagmati,Ramechhap,Likhu Tamakoshi,1,124.3098644268936,86.18315152660331,27.43927002342504,125.28647246255592,662.8354614257812,17038.960254907608,1419.913354575634,1902.0665235519407,1256.652870316939,1636.663569641113,1652.636312198639,137.7196926832199,1523.0928345209832,509.5,2830.866943359375,2321.366943359375,491.24587094979057,28.57086530149492,69.83512094831757,91.26144108182504,0.0716552195346202,-0.0015778377674287,0.5807954757942524,27.20588375638052,0.2188553891664828,10,989.8,989.8,207.5,4003.3,1,67.39374498797113,0.0,27.25741780272654,4.8757016840417,0.1202886928628708,0.1924619085805934,0.0,0.1603849238171611,0.0,0.0,67.39374498797113,2,11405.665044784546,91.75189030547288,162.93807206835066,2527.984130859375,350.8765521506992,19.08222686087052,539,2.8225962096278288,0.1535053308025506,10423,0.5224265825580452,83.84692597046268,0.4202615656984191,1,0.0080444138895195,1.5105378174689232
NP0322301,Bagmati,Dolakha,Bhimeshwor,1,132.33037020006554,86.01795235278445,27.68700728562443,129.55655693365077,709.3975728352865,17619.691742976505,1468.307645248042,1951.9737753868103,1275.7220756068375,1647.33149210612,1816.7542691230772,151.39618909358978,2020.755306532766,830.5,3472.06103515625,2641.56103515625,571.8941668988879,24.18401354874341,69.15227422978744,151.09813633678405,0.1960026268151189,-0.3550308512103307,2.0762973891234493,41.14676925137053,0.3109397275104891,17,1022.4,1022.4,155.4,155.4,1,71.18554761008656,0.0,25.60030109145653,2.265713210387655,0.7602559277380504,0.0828001505457282,0.0,0.1053820097854723,0.0,0.0,71.18554761008656,2,22155.43629837036,167.4251818752895,142.93829869916362,846.2017822265625,549.5198546236511,100.12673065576185,1119,4.152635965522138,0.7566421109861917,18664,0.9894512954548312,141.04094148442695,0.7477129354047112,7,0.0528979099009316,1.743566325829374
NP0322302,Bagmati,Dolakha,Jiri,1,210.9042894749431,86.28291428426839,27.663482153735067,126.2293462577988,713.3488082885742,17167.19109106064,1430.5992575883863,1975.6552363932133,1263.9533980109477,1703.6289854049685,1761.8069096803663,146.81724247336388,2780.276467783216,1433.35595703125,5399.81103515625,3966.455078125,835.4115489204341,27.070989435379797,67.89919049046621,157.88432857887034,0.1297024172933587,-0.3191680699753929,0.2654790178319532,65.10328302420095,0.308686386541871,29,1035.6,1035.6,161.6,161.6,1,64.6914047709201,0.0,25.430708065126844,0.0804619462324877,0.1419916698220371,4.292881484286255,0.3455130632336236,0.0425975009466111,0.0,4.974441499432033,64.6914047709201,2,6528.013023734093,30.95249053485783,23.48206123645357,1952.80712890625,458.2751787770839,53.109484372887785,779,2.1729059182152395,0.251817943130064,7254,0.3872451670019143,34.39474852815559,0.1836118022852834,16,0.0758637960367368,1.506961442365757
NP0322401,Bagmati,Dolakha,Bigu,1,612.2610898829873,86.15858198049466,27.93548302210851,111.24997103899555,599.9880301735618,15129.996061303398,1260.8330051086166,1758.8152215697548,1067.8884605849084,1476.8923183787952,1574.2336289232428,131.18613574360356,3509.5540360459104,942.8887939453124,6035.23486328125,5092.3460693359375,1095.4605817156234,33.51638794834536,75.82191992499051,126.38871926301456,0.1212307367169392,-0.0893421703009613,0.0073493639863252,199.1888343068034,0.3253331586772426,91,1059.8,1059.8,138.2,1785.1,1,40.61930190153686,0.0,33.82228444907528,0.013024225058609,0.0407007033081531,8.639945298254755,7.661500390726752,0.1188460536598072,0.0,9.084396978379788,40.61930190153686,5,9532.946119308472,15.570066882954078,132.40202943483987,470.183837890625,439.5180577608903,126.07614504323128,968,0.7178605092230981,0.2059189243388411,5731,0.3519274202979608,9.360385780999549,0.0574799584871904,39,0.0636983153828271,5.423438864462559
NP0322402,Bagmati,Dolakha,Gaurishankar,1,680.1755656081859,86.34322307358956,27.82347177436827,108.19027873253393,603.0468562199519,14713.877907624612,1226.156492302051,1690.971329441437,1058.0638179112148,1438.6259078979492,1562.8830866538565,130.24025722115468,3755.8242984296585,894.0,6909.337890625,6015.337890625,1429.1961357481368,32.75820453152315,77.13162511488514,283.1179661765736,-0.2031626310534791,0.0473445854271766,0.2270633898157915,201.9163536933521,0.2968591697539245,90,1044.6,1044.6,229.4,229.4,1,38.38277146964762,0.0,21.49458674412464,0.0102690490860546,0.0146700701229351,11.548279200774578,22.470146407299826,0.5647976997330048,0.0,5.514479359211337,38.38277146964762,5,12250.684894800186,18.011062899394382,22.314544434973016,760.6351928710938,378.54559493720046,54.09866579740659,491,0.556541008053884,0.0795363264027776,5682,0.3633145461007984,8.353725548666809,0.053414818830773,14,0.0205829210984398,7.691621069368674
NP0322403,Bagmati,Dolakha,Kalinchowk,1,132.2975599557989,86.08837793895856,27.74967009432179,132.20667701012948,734.3346923828125,17980.10807337761,1498.3423394481342,2055.0639411926268,1283.7974655151368,1722.366014099121,1869.9708527565003,155.83090439637502,2111.1280510853494,876.5,3775.264892578125,2898.764892578125,671.1840095027112,28.112079694786445,73.41968445174098,106.15494910529542,0.29812303907521,-0.08635861177477,1.117341271396881,36.38413449289556,0.2750174266634368,11,1022.4,1022.4,259.8,3004.6,1,75.31688292207305,0.0,23.85809645241131,0.3000075001875047,0.1800045001125028,0.1275031875796894,0.0,0.2175054376359409,0.0,0.0,75.31688292207305,2,8637.3071975708,65.28697279418121,151.53170522054037,457.5117492675781,327.3154387062072,24.70983380393932,574,2.474085227388657,0.1867746753016077,6839,0.393599935622117,51.6940751007421,0.2975111073504456,28,0.2116441150490976,1.8839210883085684
NP0322404,Bagmati,Dolakha,Baiteshwor,1,80.37986250976473,86.12811310615105,27.634283923974348,131.91368278861046,695.1420491536459,17940.260859251022,1495.0217382709186,1972.2866300741832,1311.4146615230677,1677.1870447794597,1828.100067615509,152.34167230129242,1678.1430784531933,830.5,3020.444091796875,2189.944091796875,415.694992999533,23.17652671746503,67.23493983577681,281.8143706861809,-0.389589390093381,0.0814914491891767,1.0749677842649172,19.693027610874736,0.244999518486143,10,1022.4,1022.4,259.8,3004.6,1,75.3479125248509,0.0,20.054671968190853,3.7027833001988073,0.5218687872763419,0.0745526838966202,0.0,0.2982107355864811,0.0,0.0,75.3479125248509,2,7746.355712890625,96.3718457710671,704.2141557173295,2871.619384765625,263.03285611800663,33.84008767851667,481,3.2723725558258177,0.4210020597435793,6948,0.381057650586939,86.43956064438329,0.4740710405428315,3,0.0373227809345351,1.820622271166949
NP0322405,Bagmati,Dolakha,Shailung,1,128.49086204360125,85.97934818698556,27.61803629876973,134.94238291023407,710.0393371582031,18352.16407579184,1529.3470063159864,1954.2959895133968,1314.5297920920632,1619.570575714111,1874.664322912693,156.22202690939108,2001.811851727796,822.1306762695312,3109.55517578125,2287.4244995117188,410.4597661588568,24.60481311007656,67.54765875926157,63.35279241068751,0.1610190254046531,0.0807983264197961,0.3825285732752474,32.50319934841552,0.2529611742925819,14,1022.4,1022.4,155.4,155.4,1,73.2485549132948,0.0,24.007707129094413,2.581888246628131,0.0693641618497109,0.0539499036608863,0.0,0.0385356454720616,0.0,0.0,73.2485549132948,2,1621.8229675292969,12.622087997035605,405.4557418823242,426.8727416992188,461.3768619866411,0.0,1014,3.590736762510633,0.0,7754,0.4760837142199821,60.34670385640971,0.3705195113862891,3,0.0233479638340507,2.6037214999037013
NP0322406,Bagmati,Dolakha,Melung,1,86.40486678214886,86.04330327729514,27.54417308906573,127.5264478207511,658.7592926025391,17343.59690362215,1445.2997419685123,1857.821155309677,1243.532822695645,1553.12961769104,1732.2540103197098,144.3545008599758,1625.1190106141903,627.5128784179688,3020.5966796875,2393.0838012695312,489.6118482279714,24.71606894702581,61.925050817963744,86.74634581958777,0.4516466863928552,0.0256752553086915,1.79062318067586,46.63099859736969,0.5396802325375912,11,1005.4,1005.4,195.1,3354.9,1,69.48081782678612,0.0,24.38548127728004,5.85802894555479,0.0574316563289685,0.0689179875947622,0.0,0.1493223064553181,0.0,0.0,69.48081782678612,3,4712.4923095703125,54.539662927226544,277.20542997472427,491.2791442871094,264.1255838462197,3.7924161249802233,572,3.056836885266603,0.0438912328230535,7580,0.3973356039967333,87.72653997732937,0.4598532684490203,1,0.0115734221605975,3.666007223677052
NP0322407,Bagmati,Dolakha,Tamakoshi,1,82.0346571397366,86.12163055996123,27.54553221742937,129.44622392514174,699.7227783203125,17604.686453819275,1467.0572044849396,1924.5636460781095,1291.324970938943,1646.0657768249512,1763.4847075939178,146.95705896615982,1509.0289952993849,577.811279296875,2448.960205078125,1871.14892578125,480.7486282783306,24.974516624048537,62.05676071016479,228.8901758434212,-0.2224252862132006,-0.1941011152339682,2.294925138243862,25.907492420678047,0.3158115523850806,15,1005.4,1005.4,195.1,3354.9,1,68.61747243426632,0.0,25.86938083121289,4.349933357566945,0.2423361201987156,0.2423361201987156,0.0,0.6785411365564037,0.0,0.0,68.61747243426632,2,11544.934188842772,140.73240007790008,274.87938544863744,1819.75146484375,227.4733225714137,17.29581581324473,413,2.772892951620911,0.2108354738873754,6324,0.3462069649163997,77.08936954813859,0.4220252476056259,2,0.0243799397685447,2.183166898146452
NP0323301,Bagmati,Sindhupalchok,Melamchi,1,160.52293977048123,85.54074054573685,27.826420401110774,146.49728801700417,833.9879659016927,19923.631170312565,1660.302597526047,2222.5700002511344,1480.730642492121,1895.056827545166,1939.209042867025,161.60075357225205,1381.5043102148602,707.5,2463.007080078125,1755.507080078125,367.0624496617362,23.7586958010993,58.65982545485481,56.35212568214524,0.0767406957752117,0.0510788745122296,2.1529001336708715,67.16158424569237,0.4183924387487625,31,1043.2,1043.2,200.5,993.6,1,74.2397026943326,0.0,16.927841436977392,6.367296376587178,0.6813254877671105,1.3316816351811709,0.0,0.452152369154537,0.0,0.0,74.2397026943326,3,27032.89198064804,168.4051638930871,48.97263039972472,401.1196899414063,866.3279563898958,146.30901790973712,1740,5.39691060747198,0.9114523950217492,28066,1.51037564984498,174.84105412054691,0.9409095372938872,53,0.3301708782294942,0.4878259974384361
NP0323302,Bagmati,Sindhupalchok,Choutara Sangachowkgadhi,1,165.10274698025316,85.71966479248954,27.757860368631206,137.16422495280997,829.2865600585938,18654.334593582156,1554.5278827985128,2139.1745856285097,1373.8675068248403,1831.5464782714844,1871.706375026703,155.97553125222524,1243.056296544271,617.5,2534.537353515625,1917.037353515625,307.22629188291853,25.813471330694902,70.26069975181488,194.23701589705743,-0.0238874356385773,-0.0941464229317967,1.2101997371024589,57.933043577084696,0.3508908521310895,27,1043.4,1043.4,122.5,122.5,1,78.1432265047201,0.0,11.749143166376044,8.339847273164573,0.8538271901870003,0.4870422704587818,0.0,0.4269135950935001,0.0,0.0,78.1432265047201,3,31189.90858411789,188.91211172790668,83.8438402798868,484.2486267089844,791.5215275322664,100.88512947801463,1000,4.79411482854937,0.6110445242324214,13872,0.7947075500011824,84.0204070115147,0.4813412039087588,17,0.1029661850631307,0.5731819514008961
NP0323303,Bagmati,Sindhupalchok,Bahrabise,1,134.6526925971455,85.90000430409268,27.821698043700792,168.77300121284583,972.8312683105468,22953.128164947037,1912.760680412253,2704.298350572586,1661.714932008223,2298.565933227539,2325.922490119934,193.8268741766612,1885.245485187651,785.4739990234375,3673.52490234375,2888.0509033203125,573.5707713965946,29.9334357746301,70.15918997952451,154.76179319558082,0.0716274148847419,-0.1519529093341333,1.6168064758747955,34.15457467033428,0.2536493998862546,15,1063.9,1063.9,129.7,2375.4,1,72.67949666913397,0.0,24.411547002220576,1.1547002220577351,0.6365655070318282,0.7994078460399704,0.0,0.3182827535159141,0.0,0.0,72.67949666913397,2,20270.46004295349,150.53883923137536,92.98376166492427,521.730224609375,440.1758509020811,100.9838062254207,772,3.268971770352941,0.7499575706781035,9924,0.5742351215340507,73.7007170713672,0.4264564714290934,46,0.3416196075456359,0.9030329955916052
NP0323401,Bagmati,Sindhupalchok,Helambu,1,287.4432119369304,85.52806062478275,28.00036282553592,146.51689441667662,746.4464857313368,19926.29764066802,1660.5248033890018,2241.750593185425,1491.3862702340791,1933.404707166884,1923.3135250939265,160.27612709116053,2913.229270923944,916.8037719726562,5807.291015625,4890.487243652344,1221.3084689787308,31.28602321630345,77.59661259901469,161.20494334177073,0.0584439796225728,-0.1717266267797405,0.7234491669381616,100.32773295535694,0.3490349703487534,45,1082.9,1082.9,165.1,165.2,1,58.9076182894327,0.0,12.606001869094182,0.6472603925097782,0.1834481326364611,8.151327402997472,8.262088539683639,0.0449967117787546,0.0,11.197258661867018,58.9076182894327,5,12576.222858428957,43.75202591734321,54.91800374859806,363.3477783203125,525.3895489460385,51.69691728045387,960,1.8278029437735248,0.1798508892664231,9646,0.5639890053428046,33.557932834804554,0.1962088447114043,22,0.0765368569734294,1.1782501984154463
NP0323402,Bagmati,Sindhupalchok,Panchpokhari Thangpal,1,436.0949460616831,85.64337839176311,28.013476517424078,136.889805656919,718.0088465073529,18617.013569340987,1551.4177974450822,2134.823057118584,1377.9189223835174,1832.371656530044,1830.159716017106,152.51330966809218,3069.0959255077623,879.9679565429688,5845.55517578125,4965.587219238281,1149.389796167059,31.398998287526577,74.32056251660971,220.90298698556165,-0.1002462111615003,-0.1157152012210211,0.1087484864995484,146.08226812815903,0.3349781267758525,63,1082.4,1082.4,175.1,175.1,1,58.53380718060871,0.0,15.682522325496628,0.8679606342263532,0.1776927282668124,4.7977036632039365,9.294696555494806,0.0820120284308365,0.0,10.563604884271916,58.53380718060871,4,20173.0588760376,46.25841014260284,89.26132246034335,1478.345458984375,501.539572053276,41.44815530151214,755,1.150069673089805,0.0950438790355748,11326,0.576519091547187,25.97140852533064,0.1322003606677069,23,0.0527408084127321,2.0947824452477004
NP0323403,Bagmati,Sindhupalchok,Jugal,1,595.945271206836,85.79095599564036,28.015330066666756,140.76513682568773,768.0323486328125,19144.058608293533,1595.3382173577943,2250.412680523736,1395.2887380690802,1916.532272702172,1939.788973444984,161.64908112041533,3437.3050711707674,828.2256469726562,6905.03955078125,6076.813903808594,1313.6265507505573,32.082615300428515,77.98728467342107,217.48503840374923,-0.0783083124803416,-0.102108576889358,0.5668177821259315,197.9130233397668,0.3320993267367947,90,1074.6,1074.6,152.6,427.7,1,43.87586552098106,0.0,22.137315425043795,0.3737382164011011,0.1067823475431717,7.342954867773422,16.022357554016853,0.1268040377075164,0.0,10.014182030533078,43.87586552098106,5,10838.190242767334,18.18655297124709,137.1922815540169,1312.361083984375,535.1524700384493,3.702392013081039,751,0.8979892884370465,0.0062126376228867,9835,0.4673277932479972,16.50319328834232,0.0784179044330063,48,0.0805443088805726,0.8153495191706819
NP0323404,Bagmati,Sindhupalchok,Bhotekoshi,1,277.9804886280761,85.93612313660391,27.91799037646259,135.90234180548612,762.4754089355469,18482.718485546116,1540.226540462176,2216.778975892067,1329.939876972545,1881.1382164001463,1888.5742447853088,157.3811870654424,2820.519096362159,1076.130615234375,5408.62841796875,4332.497802734375,802.031288589806,31.557913591493072,75.17717019712362,177.98311072757448,0.0011551262041987,-0.0328012638207308,0.0039271198878932,90.5996643301797,0.3259209478237787,36,1077.0,1077.0,117.8,2245.8,1,67.0613485959578,0.0,24.28188159542121,0.0536576641030227,0.2325165444464317,2.0962260776247543,2.1463065641209087,0.0679663745304954,0.0,4.060096583795385,67.0613485959578,2,14247.955078125,51.25523430958511,385.07986697635135,1042.5985107421875,350.9385496384684,16.289698513339133,468,1.2624574889067357,0.0586001506570985,6084,0.3782427466454017,21.88642818072057,0.1360680918693799,26,0.0935317443620537,0.4852694357123567
NP0323405,Bagmati,Sindhupalchok,Indrawoti,0,105.03343390833685,85.63887561018845,27.783876012396156,134.239806451517,793.1573486328125,18256.613677406312,1521.3844731171928,2076.867005634308,1357.1737930297852,1781.2505111694336,1820.589190006256,151.71576583385468,1246.7052733241171,649.5,2918.354736328125,2268.854736328125,368.1311571797738,24.822471664301094,61.94748881117549,184.76947671648463,-0.0170603785424517,-0.2044729217948143,0.1843949569956769,39.30478973016452,0.3742121748058431,17,1043.4,1043.4,122.5,122.5,1,75.01891074130106,0.0,14.59909228441755,7.829046898638427,0.661875945537065,1.3332072617246595,0.0,0.5578668683812406,0.0,0.0,75.01891074130106,3,19425.167926311493,184.94271017801748,52.3589431976051,614.8014526367188,430.8380822998872,62.65386772517498,898,4.101913707552222,0.5965135613851614,10545,0.5221703896878893,100.39660332540085,0.4971468324491703,3,0.0285623338052349,3.1129379498805667
NP0323406,Bagmati,Sindhupalchok,Balephi,0,61.558869817336415,85.80348435414015,27.781155424745734,180.59292666117352,1090.9955647786458,24560.6380259196,2046.7198354933,2882.306009133657,1806.5409536650689,2475.9979095458984,2519.081952095032,209.9234960079193,1286.28397914592,674.0,2444.534423828125,1770.534423828125,368.676551957572,27.667914032442376,67.96250896045385,241.4795941362433,-0.252289480083915,-0.1370983751295781,1.9856607741917849,15.894722444443095,0.2582036104887483,9,1047.7,1047.7,132.1,683.0,1,74.9154180763654,0.0,18.9785725793459,4.784920251329145,0.5477686483003061,0.37054937973256,0.0,0.4027710649266957,0.0,0.0,74.9154180763654,2,11336.704404830933,184.1603726395616,82.74966718854695,399.0357055664063,290.7228418129428,36.3607657222705,626,4.722679975698132,0.5906665575596786,6276,0.3769471241331227,101.9511894650238,0.6123360049520689,35,0.5685614453913055,0.3764613457260088
NP0323407,Bagmati,Sindhupalchok,Sunkoshi,1,72.78030222001308,85.80680355429793,27.70944903664452,156.08767530322075,938.844970703125,21227.923841238025,1768.9936534365015,2435.7014989852905,1561.7531225031073,2081.186683654785,2165.671694517136,180.4726412097613,1313.9789002440502,632.0,2269.706298828125,1637.706298828125,338.61386150390234,27.33635022826523,66.06297410531651,295.1934580274987,-0.2452429736884097,0.1153683834734589,0.8901954199236906,31.3890347272996,0.4312847538391818,11,1033.3,1033.3,115.3,3427.6,1,79.61774744027304,0.0,12.42320819112628,6.525597269624574,0.4641638225255973,0.1092150170648464,0.0,0.8600682593856654,0.0,0.0,79.61774744027304,3,14339.880392432213,197.02969010877564,210.8805940063561,2463.30810546875,280.12685145200453,26.215449471233413,649,3.848937733250789,0.3601997885634597,6982,0.4207420937968346,95.93255025093993,0.5780988549964268,5,0.0686999070831709,3.4419975949514345
NP0323408,Bagmati,Sindhupalchok,Tripurasundari,0,94.1744287230913,85.94517036525681,27.752806648110266,155.1829155449774,926.8712158203124,21104.876514116924,1758.7397095097438,2473.648541768392,1543.083288712935,2121.40882619222,2155.503211021424,179.62526758511862,2005.0522117584376,756.5999755859375,3731.01953125,2974.4195556640625,641.9929760089141,31.34345904977422,74.50556133400616,302.28486281986494,-0.3543690043044722,0.2238917694725138,1.6798526353023928,31.077074684565865,0.3299948309316992,14,1059.0,1059.0,140.9,2516.5,1,78.66483864163678,0.0,20.13288335794136,0.6116852984602404,0.3269352457287492,0.1265555789917739,0.0,0.1371018772410883,0.0,0.0,78.66483864163678,2,9695.852977752686,102.95632380486414,484.7926488876343,1618.6390380859375,234.89941445181364,61.51550690566515,455,2.4943014535560115,0.653208176994035,5434,0.3175386734567674,57.7014384231417,0.3371814172512287,8,0.0849487499788615,2.2611053141436006
NP0323409,Bagmati,Sindhupalchok,Lisankhu Pakhar,1,98.51342303039614,85.87564872658714,27.673615970049475,152.86495865688605,918.5669921875,20789.6343773365,1732.4695314447083,2359.499820613861,1531.9236473777078,2020.7858169555664,2154.55086812973,179.54590567747752,1879.1817534582312,900.4287719726562,2746.8662109375,1846.437438964844,268.30011245930666,25.43450924153599,62.69151092285991,151.2729084573913,0.0195092996708619,-0.0355944988613374,1.2606410827488814,34.839138439947185,0.353648643689882,8,1025.9,1025.9,172.3,172.3,1,79.63131773523752,0.0,18.67720044565988,1.154664235794591,0.5266889496606908,0.0101286336473209,0.0,0.0,0.0,0.0,79.63131773523752,2,6188.226333618164,62.81607260473324,412.5484222412109,692.4534912109375,404.0697994034583,23.01521892506808,872,4.101672512981133,0.2336252077847987,6672,0.3789450104112323,67.72681117720745,0.3846633268385258,4,0.0406036038232658,0.8778139143514141
NP0324301,Bagmati,Kavrepalanchok,Mandan Deupur,1,88.553820785816,85.59855946944052,27.710150874010708,125.08044804851798,729.7397003173828,17010.940934598446,1417.5784112165372,1878.188236951828,1246.3762578097258,1589.1695957183838,1675.1789373159409,139.5982447763284,1112.3848141472024,627.0,2140.72216796875,1513.72216796875,312.7206048482646,22.67420545908072,63.53852915018938,56.73804001867514,0.2245543761720205,0.1472913317761066,0.4321885727401052,25.148817051321974,0.2839947144928856,5,1033.5,1033.5,118.6,1234.7,1,72.19054008721906,0.0,10.309739461030974,14.268142681426816,0.8162808900816282,1.5990159901599017,0.0,0.8162808900816282,0.0,0.0,72.19054008721906,3,10702.164840221403,120.85491902271043,28.16359168479317,674.2269897460938,530.8470474329524,69.76180760167976,1186,5.994626123664449,0.7877899223615857,10750,0.6206069352001171,121.39510079413613,0.7008245716479826,17,0.191973647767471,0.8404190135958928
NP0324302,Bagmati,Kavrepalanchok,Banepa,1,54.56423366024365,85.51349322794745,27.64826231106424,117.6309776510678,626.4279988606771,15997.81296054522,1333.1510800454353,1709.4251488844554,1153.542928059896,1422.178899129232,1548.9907754262288,129.0825646188524,1635.4508655859895,1224.73583984375,2161.0888671875,936.35302734375,154.59145981407872,19.80954681605428,50.81716441629423,171.28954260234403,0.0262539080945041,-0.1713608756683623,0.2012310236742428,15.837726927642272,0.2902583957516824,5,1048.8,1048.8,141.6,141.7,1,58.39883019557668,0.0,9.084262474867485,26.90550173642844,5.611405593127399,0.0,0.0,0.0,0.0,0.0,58.39883019557668,4,14403.022008061407,263.9645247790894,16.78673893713451,308.7082214355469,410.05502016729776,23.855782209358097,1742,7.515088046880612,0.4372054844186292,22450,1.7967147094493905,411.4416806399211,3.2928432948165915,8,0.1466161890921768,1.92792985498116
NP0324303,Bagmati,Kavrepalanchok,Dhulikhel,1,54.58039837320249,85.57216381118064,27.617887552801065,94.71167665457024,512.308349609375,12880.788025021551,1073.3990020851295,1352.9074642658234,901.328935102983,1099.1867141723633,1242.5321797132492,103.54434830943744,1348.2599633467528,857.9798583984375,1934.4039306640625,1076.424072265625,218.43514577792067,20.891233859558213,56.571790344139714,50.3250278863928,0.1211864139602394,0.100521508227102,1.9421647392855852,15.053776968974162,0.2758092175517202,7,1026.7,1026.7,147.7,147.7,1,66.23400365630712,0.0,5.630712979890311,25.74040219378428,2.303473491773309,0.0914076782449725,0.0,0.0,0.0,0.0,66.23400365630712,3,10024.872508585451,183.6716624902356,26.2431217502237,378.6497192382813,386.6336867255335,47.853741995116536,1317,7.083746147872755,0.8767569204590386,11227,0.8398086906571531,205.69655654093128,1.5386635416524856,12,0.2198591501283669,1.50795007439625
NP0324304,Bagmati,Kavrepalanchok,Panchkhal,1,102.84793903672536,85.63852131756848,27.636903931956496,100.02242197578444,575.6152496337891,13603.049388706684,1133.5874490588903,1473.1750590205193,963.1394093253396,1210.6954879760742,1339.3568049669266,111.6130670805772,995.6851345528048,600.0,1641.523681640625,1041.523681640625,161.1141430114409,19.302084709574224,61.213435699629024,86.98227113754676,0.079626861270272,0.0041977737465387,0.6264182490489482,36.06250184885015,0.3506390326010598,12,1026.7,1026.7,147.7,147.7,1,66.73728813559322,0.0,8.330123266563945,23.31471494607088,1.3385978428351308,0.1829738058551618,0.0,0.0963020030816641,0.0,0.0,66.73728813559322,3,13239.526606559752,128.72913867366978,14.14479338307666,1510.56201171875,639.0039566666072,107.72001855164856,1581,6.213094425143796,1.0473716786214209,19543,1.3081733197181922,190.0183920362421,1.2719489879627677,39,0.3792005981381282,1.5879512720014013
NP0324305,Bagmati,Kavrepalanchok,Panauti,1,118.09748042414728,85.4781539776776,27.577183645704416,125.0775969069378,675.7642822265625,17010.55317934354,1417.5460982786285,1777.2624193032582,1232.1783419522371,1486.8756052652996,1615.6248199145,134.63540165954166,1806.763016683134,1282.8416748046875,2834.35791015625,1551.5162353515625,324.0801339154411,25.44566902469069,60.93185062535457,57.51492465219538,0.1141660642303947,0.0726900031695725,0.849885140436743,51.51984365213289,0.4362484573514971,20,1048.8,1048.8,141.6,141.7,1,78.13504823151125,0.0,3.926214249449991,16.449483838212895,1.2184802843120663,0.2623117278727365,0.0,0.008461668641056,0.0,0.0,78.13504823151125,2,6874.0221002697945,58.20634001319701,10.10885602980852,557.5079345703125,584.4586979346238,28.207976721532305,1893,4.948951458028906,0.2388533321813751,20730,1.360765634594091,175.53295739712797,1.152239344740378,31,0.2624950158857195,1.135501744618843
NP0324306,Bagmati,Kavrepalanchok,Namobuddha,1,102.2852784884721,85.63967186044461,27.55315075742965,101.98992576493936,541.9337361653646,13870.629904031754,1155.8858253359797,1425.6111313501997,980.9674664121684,1157.6382090250652,1347.3571265538533,112.27976054615444,1335.4245992525016,748.2474365234375,2025.2615966796875,1277.01416015625,219.5991061611348,23.79075847813717,59.82119658385659,189.2565529212449,-0.009267049699457,-0.0568608281827106,0.5290906323201766,28.430230348224924,0.2779503636139496,9,1020.7,1020.7,127.4,413.7,1,59.063986794834456,0.0,17.681328284299447,22.81774929604816,0.339838819302845,0.0970968055150985,0.0,0.0,0.0,0.0,59.063986794834456,3,8315.798453360796,81.30005193560689,7.793625542043857,273.4900207519531,691.1594128332267,203.03787980355185,1581,6.757173887062572,1.9850156621163704,19842,1.1533766607659948,193.9868600175563,1.1276076849084244,89,0.8701154390465936,0.4470400205992112
NP0324401,Bagmati,Kavrepalanchok,Bhumlu,1,91.4074846726577,85.74563466236735,27.636246602751264,118.28156609482625,697.7814025878906,16086.29298889637,1340.5244157413642,1775.9527406692505,1170.4163058887827,1492.8212547302246,1599.7177753448486,133.3098146120707,1279.5380883726664,595.5,2252.431640625,1656.931640625,412.7230313984512,27.402081607200927,68.4544689211607,267.557641030932,-0.1737251712243862,-0.0074099072506652,1.2559633223445177,46.9634601932494,0.5137813425391997,19,1026.7,1026.7,29.2,4691.5,1,69.84317142234808,0.0,19.18971901546504,8.429536048791112,0.2178174689610106,0.8277063820518407,0.0,1.4920496623829231,0.0,0.0,69.84317142234808,3,4146.744882390834,45.365485082987206,1.2962628578902264,290.8250427246094,406.9633751323476,44.80234212987455,723,4.452188752263966,0.4901386608582181,7941,0.4160022022562094,86.87472397296318,0.4551073730405867,9,0.098460208507325,1.0546413839539084
NP0324402,Bagmati,Kavrepalanchok,Chauri Deurali,1,97.75280125179432,85.80500234144058,27.580729693517792,127.03182049358593,673.0361328125,17276.327587127686,1439.693965593974,1821.130101044973,1256.9693388505416,1526.6607157389324,1723.9146087964375,143.65955073303647,1336.890095750264,560.0,2256.4052734375,1696.4052734375,376.7706414558045,26.670549481653428,66.22230982911704,159.29727800560306,0.0867110441085332,-0.2294411536308346,0.7444904049465386,23.28909952017626,0.2382448300400882,12,1013.7,1013.7,92.2,4931.3,1,48.670756646216766,0.0,37.19836400817996,13.01635991820041,0.2147239263803681,0.5112474437627812,0.0,0.3885480572597137,0.0,0.0,48.670756646216766,3,5206.824682891369,53.26522223623534,9.19933689556779,168.80853271484375,446.6531932085021,119.77194449307434,648,4.569211188720828,1.2252533222507098,8847,0.4520956859064214,90.5038002666712,0.4624887267853338,9,0.092068972804345,0.488329272689317
NP0324403,Bagmati,Kavrepalanchok,Bethanchowk,1,100.94747726102749,85.49586217467998,27.506958092203774,130.77263437299166,696.3670857747396,17785.078274726868,1482.089856227239,1884.0356078942616,1291.5601748842182,1524.6395721435547,1659.6215473810832,138.30179561509027,1972.906697625359,734.7769775390625,2932.802001953125,2198.0250244140625,390.50125573187927,31.466783994365137,65.64177755030664,14.15164480172109,0.0235709799903613,0.0934832925584231,0.8767970852246714,33.41633611920833,0.3310269560555852,14,1034.7,1034.7,144.5,286.2,1,91.62629757785469,0.0,3.499752842313396,4.67622343054869,0.148294611962432,0.0494315373208106,0.0,0.0,0.0,0.0,91.62629757785469,1,3999.185982227325,39.616502469757904,18.261123206517468,586.3582763671875,302.63714079100566,13.405616001643644,842,2.9979663583712357,0.132797929828199,6641,0.3935881261340186,65.78668610833995,0.3898939694315374,10,0.0990614156126185,2.209107756339518
NP0324404,Bagmati,Kavrepalanchok,Roshi,1,176.12415954473272,85.67108324033522,27.47036285369516,112.75383752058534,552.5584106445312,15334.521902799606,1277.8768252333005,1573.0136282145977,1094.6032466021452,1240.0059566497805,1459.9493707418442,121.66244756182034,1495.5245239959777,587.2910766601562,2802.910400390625,2215.6193237304688,408.5947791619105,31.07648967410861,68.27594074318955,31.395978877990547,0.1611686212115809,0.2640782611215443,1.4173829968406977,65.36161774400128,0.3711110270899573,18,1020.7,1020.7,127.4,413.7,1,77.13620621132118,0.0,14.529041049225006,7.653437801623801,0.2725259751320047,0.4087889626980072,0.0,0.0,0.0,0.0,77.13620621132118,3,7566.236187279224,42.95967235180771,11.877921801066286,194.74107360839844,535.6574600781806,46.11339024190848,1181,3.0413627605821576,0.2618231954157113,10027,0.5569061630275588,56.931428521328456,0.3162008917272439,24,0.1362675061844901,1.9758048476407089
NP0324405,Bagmati,Kavrepalanchok,Temal,1,88.76190836058838,85.75703058352074,27.509582647921818,108.18942082191217,526.8563995361328,14713.761231780052,1226.1467693150043,1481.5614825487137,1044.7000611045144,1185.790334701538,1440.0212407112122,120.00177005926768,1170.1575760890044,526.5,2048.009765625,1521.509765625,362.1380141914788,30.42832303571441,69.58130703338685,80.9315432780892,0.1145744071037034,0.0182871569683448,2.4498684179536685,20.04639953337278,0.2258446207796235,12,1013.7,1013.7,92.2,4931.3,1,51.44838384968124,0.0,33.31842075830444,12.90683368750699,0.3355329381500951,0.9171233642769264,0.0,1.0737054020803043,0.0,0.0,51.44838384968124,3,4807.208551079035,54.15846324022375,4.5609189289174905,68.66790771484375,464.7638399367671,31.93224042994029,953,5.236073091721957,0.3597516211595861,8108,0.4575838104712019,91.34548985880156,0.5155182205099772,5,0.0563304698191918,2.309978153324276
NP0324406,Bagmati,Kavrepalanchok,Khanikhola,1,131.57578896746762,85.49663302421358,27.428679482147285,144.9724202554892,723.6510314941406,19716.24915474653,1643.0207628955443,2111.5084204673767,1425.247937635942,1681.6891174316406,1801.348617196083,150.11238476634026,1266.7859775091651,275.52606201171875,2924.93310546875,2649.4070434570312,585.899106111268,33.688322725759086,70.12754151380295,192.39878802260927,-0.0613766930115828,-0.2791853675164613,0.6509875596366931,38.730993768013015,0.2943626184722276,15,954.4,954.4,107.8,1333.3,1,90.12654391149503,0.0,6.857619155868758,2.5990755474729106,0.0151549594604834,0.3788739865120861,0.0,0.0227324391907251,0.0,0.0,90.12654391149503,2,5394.354807965457,40.99808065220284,4.432501896438338,206.2718505859375,239.85082682918625,0.0,611,1.8229100407559773,0.0,4437,0.1928875907552862,33.722009457963864,0.1465980878921259,7,0.0532012770353272,2.2528108166860834
NP0324407,Bagmati,Kavrepalanchok,Mahabharat,1,185.8588102808192,85.62154676910046,27.39232019226603,136.08997673472436,659.1452375139509,18508.236835922515,1542.3530696602097,1931.41848046439,1332.8196695501151,1523.503622872489,1728.1817611966817,144.01514676639013,1209.0408336055978,312.0,2629.236328125,2317.236328125,503.8143948221128,31.027669724191863,68.7056935177409,209.89871759970308,-0.0881820838345602,-0.15336128699855,0.1584110919380114,74.75221870841494,0.4021989519650414,26,973.6,973.6,102.2,102.3,1,89.8767558258436,0.0,5.134276949572143,4.719875141273343,0.0215273666648727,0.2421828749798181,0.0,0.0053818416662181,0.0,0.0,89.8767558258436,2,5772.364072561264,31.057790931942588,8.488770694943035,112.17485809326172,432.5809226829717,0.0,1057,2.3274706323007948,0.0,5955,0.26233937403432,32.040450441937224,0.1411498188533243,14,0.0753259960011958,0.7086530385219817
NP0325101,Bagmati,Lalitpur,Lalitpur,1,36.10814556479698,85.31562908752707,27.650520812094797,96.50682464198157,482.8240509033203,13124.92815130949,1093.7440126091242,1383.9245842695236,901.3435388044876,1098.2161331176758,1275.1461675167084,106.26218062639236,1321.6672490877402,1240.5,1427.623779296875,187.123779296875,33.66870466761379,5.78086272285179,45.42508755305583,343.4316282851146,-0.0456237531305924,0.1533509831774823,0.1031860897579258,22.3382732004441,0.6186491399941186,8,995.6,995.6,201.2,678.2,1,5.748699698877635,0.0,6.898439638653161,30.550232685464003,56.118258965234055,0.4927456884752259,0.0,0.1916233232959211,0.0,0.0,56.118258965234055,4,304685.15624427795,8438.1280588756,84.26027551003261,785.181884765625,614.3555802539557,91.57803925084728,4215,17.014321024918857,2.536215521966039,43584,5.028444557546828,1207.0406640459398,13.92606703804037,70,1.9386207434658544,0.5105742448421523
NP0325301,Bagmati,Lalitpur,Godawari,0,96.0832703043307,85.3354579233131,27.58448496493172,119.88313003381094,624.9296671549479,16304.105684598288,1358.675473716524,1712.6738986968994,1161.0145894830878,1402.224370320638,1504.7956412633262,125.39963677194385,1633.4195399599942,1106.3345947265625,2689.092529296875,1582.7579345703125,256.2903235936314,21.51029709422708,58.19758469906852,328.88073673704497,-0.1339331660323908,0.2218548692755108,1.5253855034843218,30.494101141213303,0.3173715990788759,8,1016.5,1016.5,225.3,375.9,1,62.46890547263681,0.0,4.259950248756219,27.20771144278607,5.275704809286899,0.7669983416252073,0.0,0.0207296849087893,0.0,0.0,62.46890547263681,3,80756.02846622467,840.4795986901875,39.47019964136104,388.1607971191406,554.7014081175812,73.49104241937702,2113,5.773132058896829,0.7648682459142381,23538,2.0098803578013023,244.9750089213927,2.0918109379866854,111,1.1552479390889028,0.3807475920177475
NP0325302,Bagmati,Lalitpur,Mahalaxmi,1,26.494299982562023,85.38012589024086,27.635010954827298,109.2714819049134,543.1734008789062,14860.921539068222,1238.410128255685,1555.878416776657,1032.5456598455255,1258.709442138672,1413.66224193573,117.8051868279775,1495.2788991757134,1283.5,2090.227294921875,806.727294921875,232.27536803070535,13.127382589075197,49.52573797301663,345.79068158211925,-0.0646666895264019,0.2553856061348403,0.4198005512636719,7.869005169830623,0.2970074761367476,4,1023.1,1023.1,150.4,150.4,1,36.00148920327625,0.0,6.924795234549516,31.12434847356664,25.68875651526433,0.2233804914370811,0.0,0.0372300819061801,0.0,0.0,36.00148920327625,4,64113.67951774597,2419.904642128466,37.60333109545218,215.24546813964844,288.0239971920764,26.67890282474577,1761,10.871168416665004,1.00696764369337,12535,1.2543995259518903,473.1206338061495,4.734601505899417,45,1.6984785417851398,0.1360486921891167
NP0325401,Bagmati,Lalitpur,Bagmati,1,111.4577198130162,85.30401340998503,27.48423912765106,137.07951471275263,684.8768768310547,18642.81400093436,1553.567833411197,2047.89142036438,1338.362803545865,1631.254493713379,1693.213902592659,141.10115854938826,1308.9774982863291,461.3815612792969,2506.721923828125,2045.340362548828,420.55402560865735,33.64498095620802,67.25644080818714,213.85331448704943,-0.1549118000400941,-0.2309393344883468,0.5590972767474037,42.14935630733354,0.3781645307121317,18,984.5,984.5,112.4,112.5,1,85.53848917632264,0.0179646097188538,8.380490433845326,4.706727746339711,0.0718584388754154,1.284469594898051,0.0,0.0,0.0,0.0,85.53848917632264,2,13936.59710741043,125.03931652998786,104.00445602545098,1838.3084716796875,318.3607465504881,56.26702752306439,698,2.8563364393653194,0.5048284463154201,7572,0.3927801288907182,67.93607488743665,0.3524028030984793,70,0.6280408402166621,0.2613318763189047
NP0325402,Bagmati,Lalitpur,Konjyosom,1,44.1438701312175,85.35011946778161,27.530397186515888,118.6240492331631,580.5702514648438,16132.870695710182,1344.405891309182,1735.6570707559586,1152.1835514415395,1393.8684387207031,1469.8711607456207,122.4892633954684,1787.617691401439,1018.4893188476562,2613.963134765625,1595.4738159179688,272.95188614377554,30.34799398054509,60.89563763875333,237.1820147916025,-0.1449939693994666,-0.0935066666085016,0.0819179372597557,21.509999837318134,0.4872703678535601,3,984.5,984.5,112.4,112.5,1,80.9245960502693,0.0,10.771992818671452,8.146319569120287,0.1346499102333931,0.0224416517055655,0.0,0.0,0.0,0.0,80.9245960502693,3,4549.594942092896,103.062892505103,62.323218384834185,434.4886474609375,192.9758382380665,38.73114987545273,503,4.371520613495068,0.8773845555526628,4022,0.2450396003172735,91.1111777930802,0.5550931524329293,32,0.7249024588211255,0.3763612186880841
NP0325403,Bagmati,Lalitpur,Mahankal,1,82.40175809684666,85.398722667161,27.48766953376669,131.53937993768383,687.1178741455078,17889.355671525,1490.77963929375,1951.1160508096216,1289.2397193908691,1574.858715057373,1633.831762433052,136.152646869421,1733.8865802897603,413.0,2828.887451171875,2415.887451171875,492.5027238806225,32.33218498736717,66.86196174277455,169.51338235916157,0.0250970376301666,-0.1355882291053324,0.2120529597417603,21.05426613813881,0.2555074870295093,9,962.6,962.6,161.9,1225.5,1,91.51103565365024,0.0,5.639097744360902,2.631578947368421,0.0606354596167839,0.1576521950036381,0.0,0.0,0.0,0.0,91.51103565365024,2,7560.560523033142,91.75241763831332,67.50500466993877,450.90625,238.9832836984344,11.79849876264239,588,2.9002206896794323,0.1431826096328628,3738,0.2253850196397499,45.36310979684116,0.2735196734211123,42,0.5096978628858557,0.5295052688597535
NP0326301,Bagmati,Bhaktapur,Madhyapur Thimi,0,11.107196738488147,85.38141871849821,27.68243247406436,116.89635399860494,617.2734375,15897.904143810272,1324.8253453175228,1706.159639120102,1141.352804704146,1415.656723022461,1537.9217643737793,128.16014703114828,1315.0232644898758,1286.6748046875,1372.4649658203125,85.7901611328125,15.175934411183285,4.587420933798706,34.770975254553846,218.20979579676924,-0.0964362599308278,-0.122505523258836,1.1378270722063757,6.379012921542,0.5743134898689367,3,1023.1,1023.1,150.4,150.4,1,6.102877070619006,0.0,8.63121185701831,25.806451612903224,59.19790758500436,0.2615518744551002,0.0,0.0,0.0,0.0,59.19790758500436,4,88046.09922790527,7926.941540777069,76.89615653092163,446.0144653320313,240.3896621047163,33.803382301329485,1776,21.642694170683868,3.0433765690127337,12566,1.4214163778226545,1131.3385632629406,12.797255790898417,24,2.1607612222115686,0.4789737473530341
NP0326302,Bagmati,Bhaktapur,Changunarayan,1,62.94704530628567,85.46260956355697,27.696193707348908,122.34430905475335,643.2802734375,16638.826031446457,1386.5688359538717,1794.3552746772766,1199.8777063543146,1491.9473724365234,1603.276852607727,133.60640438397726,1473.9961951923951,1301.4266357421875,2140.79638671875,839.3697509765625,177.92891495325495,12.254629180071396,44.30911665226876,263.9546124717256,-0.2615872083870116,-0.0277034495095468,0.6055991939472118,16.633814894441976,0.2642509241459341,8,1023.1,1023.1,150.4,150.4,1,36.18689244277203,0.0,9.73659454374412,47.99310128566949,5.832549388523048,0.2508623392913139,0.0,0.0,0.0,0.0,47.99310128566949,4,62834.29406261444,998.2087921184766,18.04546067277841,206.1167449951172,492.85659543798494,97.1778397185059,1938,7.829701823808559,1.543803037071258,14976,1.3127495532933946,237.91426471457507,2.0854824033532644,98,1.556864178821338,0.2997811288276524
NP0326303,Bagmati,Bhaktapur,Bhaktapur,1,6.55340066157176,85.42949946691795,27.67494206671308,125.54488611046006,642.9713134765625,17074.104511022568,1422.842042585214,1818.67612361908,1236.7877571799538,1513.659164428711,1656.0462379455566,138.00385316212973,1322.3029843778918,1299.6317138671875,1350.7528076171875,51.12109375,12.888212438782755,4.01426849849711,22.57510375615478,291.9124980881899,-0.1317427559837068,0.0529936327038078,0.6427656957148679,4.422505608808451,0.6748413285245042,2,1023.1,1023.1,150.4,150.4,1,4.3478260869565215,0.0,2.848575712143928,36.73163418290854,55.32233883058471,0.0,0.0,0.7496251874062968,0.0,0.0,55.32233883058471,2,75894.51761054993,11580.936605262812,101.1926901473999,271.5987548828125,124.6155128772696,19.8260580505219,867,19.015396633384228,3.025308397024949,15292,1.1191594128112798,2333.4449989713257,17.077536848523188,2,0.3051850639512589,0.5366692904748782
NP0326304,Bagmati,Bhaktapur,Suryabinayak,1,42.43730336335853,85.4253492057618,27.649199004060254,116.41799063191696,573.0258178710938,15832.846725940704,1319.403893828392,1662.3038294315338,1108.9259352250533,1344.8011016845703,1504.4806060791016,125.37338383992513,1457.29107878565,1290.022705078125,2025.14208984375,735.119384765625,156.9236417821484,14.576563035106677,50.15123293180354,337.8967465708844,-0.136936225452721,0.3371783300368161,0.9933404356533556,16.840459348972775,0.3968315141228616,7,1023.1,1023.1,150.4,150.4,1,40.10175763182239,0.0,7.42368177613321,35.26827012025902,17.06753006475486,0.1387604070305272,0.0,0.0,0.0,0.0,40.10175763182239,4,76918.92202663422,1812.530861540274,32.224098042159284,148.9048614501953,421.9414748419703,39.2003262324012,2230,9.94270232557438,0.923723307693669,19943,1.87311518264693,469.94032182589865,4.413841206188012,66,1.5552354831524502,0.552546442398939
NP0327101,Bagmati,Kathmandu,Kathmandu,1,49.43715659002757,85.32715977531919,27.708946875786022,125.38638533388868,663.4187622070312,17052.54840540886,1421.0457004507382,1846.639309167862,1293.1075841730292,1610.0183715820312,1697.6973695755005,141.47478079795837,1310.117857633071,1270.5,1406.8731689453125,136.3731689453125,17.218689314429753,4.396671753367136,41.155527732636926,191.1229186145017,-0.0225500525207091,-0.1146957114212568,0.6750354645560379,32.09974755553386,0.6493040815783689,9,1016.5,1016.5,225.3,375.9,1,3.91566265060241,0.0,3.473895582329317,3.473895582329317,88.77510040160642,0.2409638554216867,0.0,0.1204819277108433,0.0,0.0,88.77510040160642,1,2739003.728046417,55403.74724138012,453.0274111886234,947.685302734375,1154.5637983805732,199.98367851854445,10202,23.354170790103066,4.045209965794939,148544,14.654981676294485,3004.703551861722,29.64365810482449,100,2.022770055917252,0.4405890867488953
NP0327301,Bagmati,Kathmandu,Tarakeshwor,1,34.93861476985018,85.29694307154449,27.777666512678586,131.93696292358285,650.01708984375,17943.42695760727,1495.2855798006058,1910.7355618476868,1325.4495391845703,1611.3990478515625,1787.7091841697693,148.97576534748077,1495.1925055332813,1156.650146484375,2297.1484375,1140.498291015625,225.83359659930147,16.12631386144264,52.08630048807075,159.29607073241846,0.1067638400698503,-0.2824837152129873,0.5849434810009978,15.318815504404284,0.4384494235193164,9,1016.3,1016.3,101.5,101.5,1,43.11717861205916,0.0,19.31171786120592,19.368600682593858,17.633674630261662,0.5688282138794084,0.0,0.0,0.0,0.0,43.11717861205916,4,208497.34538650516,5967.533251101448,148.8203750082121,607.6519775390625,294.43511392602466,42.19373567060903,1428,8.427212007847075,1.2076533642947846,13619,1.2520139713482032,389.7979381756239,3.5834676892474064,17,0.4865676590781706,0.8016718351553266
NP0327302,Bagmati,Kathmandu,Tokha,1,17.108035247908287,85.33009457068819,27.77531856846456,135.83581481786337,706.970458984375,18473.670815229416,1539.4725679357846,1983.703520298004,1375.6274205988104,1684.4059143066406,1842.4985184669492,153.54154320557913,1482.4895006897686,1295.40478515625,2293.1708984375,997.76611328125,231.0745088800814,13.485264817134446,49.66665430978399,227.96323888750425,-0.292349664112101,-0.2635726585274896,0.7339696019399545,5.389420377662647,0.3150227539028238,4,1016.3,1016.3,101.5,101.5,1,34.089586969168124,0.0,11.343804537521814,19.66259453170448,34.61314717859221,0.2908667830133798,0.0,0.0,0.0,0.0,34.61314717859221,4,298581.5593776703,17452.708920165238,247.58006581896376,925.8834838867188,242.4646848262775,22.9844204388137,1794,14.17256168302099,1.343486853151293,13698,1.4488659547327678,800.6763957114705,8.468920795039356,12,0.7014247881835045,0.4978577864656853
NP0327303,Bagmati,Kathmandu,Budhanilkhantha,1,34.78593536225497,85.36216649760176,27.77222617211606,136.21918660402298,716.78564453125,18525.809378147125,1543.8174481789272,2015.0729894638064,1371.748150912198,1707.107925415039,1838.7888822555544,153.23240685462952,1617.7572421673708,1303.3243408203125,2726.18359375,1422.8592529296875,335.91873509868407,16.005652111793623,48.14139651996735,209.2180506735081,-0.204320546614359,-0.3653182703232426,0.2382087952470007,13.36767726795494,0.3842839678952474,3,1016.5,1016.5,225.3,375.9,1,50.76400679117148,0.0,10.780984719864176,6.932654216185625,31.26768534238823,0.2546689303904924,0.0,0.0,0.0,0.0,50.76400679117148,4,343072.9686012268,9862.404590491004,187.471567541654,823.6077880859375,382.3439169477784,38.04396512048943,2562,10.991336382538291,1.0936593978085074,17760,1.93622681354324,510.5511700361167,5.566119735978622,16,0.4599560090415465,0.3095131806457448
NP0327304,Bagmati,Kathmandu,Gokarneshwor,1,58.45895773456839,85.41384595898683,27.773862609179165,132.55232197002454,688.884765625,18027.115787923336,1502.259648993611,1949.111545562744,1345.8059609153054,1669.5601806640625,1777.3403505682943,148.1116958806912,1815.911611357962,1304.7406005859375,2725.871337890625,1421.1307373046875,366.4750737823237,17.33842106092808,56.52651337152023,174.9001350133457,0.0292773077731819,-0.3280545317734942,0.9625642785354844,9.840881614362218,0.1683383008476566,3,1016.5,1016.5,225.3,375.9,1,71.6024340770791,0.0,10.513860716700474,7.555780933062881,10.15889114266396,0.1690331304935767,0.0,0.0,0.0,0.0,71.6024340770791,4,330409.5076007843,5651.991078954938,239.7746789555764,911.5421142578124,302.1172918967978,32.32732402836903,1519,5.168023919765294,0.5529917959733481,14932,1.6141660415227894,255.42706504960995,2.761195382325964,7,0.1197421280034335,1.8343199297847896
NP0327305,Bagmati,Kathmandu,Nagarjun,1,29.840128739054208,85.26127236969607,27.7272178329843,127.83600548610968,654.1145935058594,17385.696746110916,1448.8080621759098,1871.0946851968763,1290.6053314208984,1598.573844909668,1720.1225681304932,143.34354734420776,1495.5987227330893,1093.0216064453125,2101.935302734375,1008.9136962890624,178.63077554926116,20.77041500167936,61.93649242058327,135.13906501069638,0.1644891812803933,-0.1652896028924877,1.0564010980426557,7.793819013127113,0.2611858374098335,2,1016.3,1016.3,101.5,101.5,1,57.3519627411843,0.0,8.982035928143713,10.412508316699936,23.18695941450432,0.0665335994677312,0.0,0.0,0.0,0.0,57.3519627411843,4,165041.23304748535,5530.848559359009,144.14081488863349,676.9347534179688,314.92637916505595,29.309953996555137,1945,10.553787549612217,0.982232826569371,18880,1.7962973802051423,632.7050451122956,6.019737367467124,6,0.2010715185738227,1.3387924969173095
NP0327306,Bagmati,Kathmandu,Kageshwori Manahara,1,27.36429452644638,85.41913968139943,27.735084908509467,123.75919354663176,665.3590087890625,16831.25032234192,1402.6041935284932,1843.7850217819212,1237.056039983576,1564.3105926513672,1645.368899345398,137.11407494544983,1471.055420941102,1295.2720947265625,2259.22216796875,963.9500732421876,227.7095500781842,10.40090561798148,45.68521439153153,204.85184849435603,-0.1547163464049461,-0.3340426418206133,0.7831760696325795,21.13702252998776,0.7724307494775632,4,1016.5,1016.5,225.3,375.9,1,30.174291938997825,0.0,18.15541031227305,26.36165577342048,24.618736383442265,0.6899055918663761,0.0,0.0,0.0,0.0,30.174291938997825,4,187117.65551376343,6838.0222750826815,118.8803402247544,687.89697265625,317.22701872965115,36.02936991931968,2169,11.59273513969327,1.316656268426686,17775,1.6539658105293074,649.5690938723543,6.044247948474691,20,0.730879430517417,0.5620784690949909
NP0327307,Bagmati,Kathmandu,Shankharapur,1,60.188087741385054,85.49892196939852,27.75348607325108,133.17448131184952,746.8040974934896,18111.729458411533,1509.310788200961,2014.512814362844,1311.6435847426906,1683.2920430501304,1730.7942708333333,144.23285590277777,1528.041542111658,834.3972778320312,2377.657958984375,1543.2606811523438,275.364268616205,20.13303848527764,55.75810677216956,142.92746612938026,0.089971540833691,-0.1190823115153528,1.3312476223854144,20.79499313183045,0.3455001464938038,7,1043.2,1043.2,200.5,993.6,1,62.48972208518337,0.0,20.30915967768459,15.375760565696432,1.5786877158362114,0.246669955599408,0.0,0.0,0.0,0.0,62.48972208518337,3,73270.37339019775,1217.3567252215155,196.435317399994,948.8694458007812,297.6103797033461,47.872778497467394,771,4.944672457149865,0.7953862681792812,7747,0.542788202550798,128.71317715371106,0.9018199828561412,8,0.1329166667393428,0.4473034295463133
NP0327308,Bagmati,Kathmandu,Chandragiri,1,43.90705213739313,85.22943476106256,27.686808057133675,122.0031457070042,624.7977905273438,16592.427816152573,1382.7023180127144,1749.6683349609375,1192.933144309304,1462.6084442138672,1600.4869079589844,133.37390899658203,1609.4284484346183,1179.06396484375,2552.415283203125,1373.351318359375,271.1124497815724,19.7610536985796,58.990912318104805,57.56600060343915,0.2888351964547223,0.1835409032876265,0.236254266202259,8.950892198959151,0.2038600125317041,4,995.6,995.6,201.2,678.2,1,53.91048824593129,0.0,10.08137432188065,15.75497287522604,19.801084990958408,0.4520795660036166,0.0,0.0,0.0,0.0,53.91048824593129,4,231647.35023212436,5275.857497954036,118.36860001641509,441.6778259277344,492.84592755343226,58.00155232420717,3211,11.224755558884436,1.3210076627943454,28372,2.7096618281849447,646.1832124647965,6.171359032954253,13,0.2960800000719848,1.2898685705127997
NP0327309,Bagmati,Kathmandu,Kirtipur,0,14.755788971918946,85.27503543252769,27.666713424551983,109.21964611200724,550.0027465820312,14853.871871232986,1237.822655936082,1564.9136323928833,1044.632512179288,1277.0855712890625,1439.497444152832,119.95812034606934,1374.649613271707,1253.0,2253.154052734375,1000.154052734375,137.60665886752582,9.82124102372218,53.71478381117463,71.78475803173376,0.2157387405943043,0.0709948896732249,0.6977186468614056,7.919136142066153,0.5366799536871049,2,995.6,995.6,201.2,678.2,1,18.55111712931618,0.0,7.0412999322951935,44.48205822613406,28.70683818551117,0.8801624915368992,0.0,0.3385240352064997,0.0,0.0,44.48205822613406,4,187186.89685058597,12685.658300400784,198.50148128376028,393.54925537109375,186.22938085927925,18.62567595684461,1115,12.620767429900477,1.2622622885357242,12843,1.2437028241650845,870.3702678617127,8.428575568083259,12,0.8132401474998484,0.2750647682936888
NP0327310,Bagmati,Kathmandu,Dakshinkali,1,42.670390401897,85.26102192853176,27.61613816506467,124.29583187576604,677.7594299316406,16904.23313510418,1408.686094592015,1806.3046855926516,1191.392224745317,1477.6676597595217,1573.2421065568924,131.10350887974104,1660.766600181756,1151.6063232421875,2520.140869140625,1368.5345458984375,279.76951999076414,23.78461248798149,56.5097659738072,101.75653606221913,0.4122458963589523,-0.0857963327998319,0.4710114459920234,15.354078215382236,0.3598298040108778,6,995.6,995.6,201.2,678.2,1,63.89658356417359,0.0,6.440443213296399,26.777469990766388,2.0544783010156973,0.7848568790397045,0.0,0.0461680517082179,0.0,0.0,63.89658356417359,3,75235.80321598053,1763.185255802951,186.68933800491448,1008.9546508789062,215.83663685989868,27.22391335663755,536,5.058229719180241,0.638004787400006,8054,0.6409394857556887,188.7491519093752,1.5020708264417344,4,0.0937418186786069,0.6559973401605627
NP0328301,Bagmati,Nuwakot,Bidur,1,129.99958996726764,85.13594563981128,27.92578666388338,113.21162266591016,536.7677437918527,15396.780682563782,1283.065056880315,1680.7691076483045,1130.9374002233728,1410.903018406459,1547.9486933435712,128.9957244452976,861.7239257899422,438.5,1911.6544189453125,1473.1544189453125,281.71162462268825,22.540007719003228,69.27911866585121,150.69276025106058,0.0802963346038997,-0.1430440306546259,0.0520670873397021,62.71230160962956,0.4824038416230372,21,1317.8,1317.8,130.1,4781.3,1,71.63789796701188,0.0,8.039892596854623,16.187188339087072,2.0406597621787497,0.2685078634445723,0.0,1.825853471423092,0.0,0.0,71.63789796701188,3,35596.7830324173,273.82227160393467,37.19622051454263,242.81295776367188,708.6264453707212,53.95584341172271,1861,5.450989849653718,0.4150462584174931,22297,1.491778625151348,171.51592559341242,1.1475256387554456,24,0.1846159669122257,2.9724379922447537
NP0328302,Bagmati,Nuwakot,Belkotgadhi,1,155.5917637107265,85.1227425869965,27.8248934275005,121.7712095422404,585.9254760742188,16560.884497744697,1380.0737081453915,1744.8724920409063,1203.3869270225623,1457.0018419538226,1650.4654811450414,137.53879009542013,1072.294628068454,408.0,2070.115234375,1662.115234375,382.3968763107091,23.651157757775557,62.645001090719646,299.3871815826225,-0.1005684781742736,0.0566377857493641,1.4892616295308467,55.68532839547274,0.3578938053495038,28,1302.6,1302.6,164.2,164.3,1,67.88984950368236,0.0,11.290425872558435,19.391610630803715,0.3650336215177714,0.3586295228946525,0.0,0.7044508485430675,0.0,0.0,67.88984950368236,3,30114.2638964653,193.54664526107703,30.85477858244396,357.2655029296875,847.0739106271988,40.94262701415506,2014,5.4442079093727855,0.2631413516866797,15923,1.012868445414815,102.33832190246116,0.6509781888570415,32,0.2056664134195036,1.1099882152516345
NP0328401,Bagmati,Nuwakot,Myagang,0,97.839606089319,85.05618217944462,27.98852302570261,128.41232512891293,590.7507019042969,17464.076217532158,1455.3396847943466,1920.2543511390688,1259.521162553267,1578.2182159423828,1717.8736069202423,143.1561339100202,1666.1183446620971,726.335205078125,3220.43603515625,2494.100830078125,409.7560777919602,28.10597548697081,69.37377189750895,263.60376284832785,-0.1499071456026839,-0.0168048117130208,1.837869360274645,15.14967991391211,0.1548419961961189,5,1317.8,1317.8,130.1,4781.3,1,88.25803825803827,0.0,7.773707773707773,3.551078551078551,0.3968253968253968,0.0203500203500203,0.0,0.0,0.0,0.0,88.25803825803827,2,9231.626447677612,94.35469761856916,51.28681359820896,294.55389404296875,320.96671673398663,8.029290878750556,731,3.2805397482996006,0.0820658545111119,8380,0.3963659953669712,85.650385717516,0.4051181430607188,4,0.0408832390059742,0.875355080098701
NP0328402,Bagmati,Nuwakot,Kispang,0,82.56838442296443,85.1252733547983,28.03158039074472,132.85753411463662,637.0225830078125,18068.62463959058,1505.7187199658815,2000.186659971873,1303.832651311701,1650.9462941487632,1780.8777373631794,148.4064781135983,1970.6189244874904,614.5,3637.435791015625,3022.935791015625,716.9792992162767,28.00278604163216,73.45751712360168,163.70713501335214,0.0910776809924914,-0.3116054203823549,1.772906871982543,22.718098740940032,0.2751428273631273,7,1334.4,1334.4,158.9,4500.2,1,78.26506024096386,0.0,18.831325301204817,1.8674698795180724,0.7228915662650602,0.180722891566265,0.0,0.1204819277108433,0.0,0.0120481927710843,78.26506024096386,2,9789.283411026,118.55970635055014,91.4886300095888,368.4611206054688,272.810586332934,0.0,765,3.304056246703772,0.0,11556,0.4639689693082916,139.9567168567001,0.561920852092208,43,0.520780445209251,1.4606385240788815
NP0328403,Bagmati,Nuwakot,Tarakeshwor,0,72.62948763449013,85.0391432688572,27.889588490951883,123.4994486658012,546.0814208984375,16795.925018548965,1399.6604182124138,1772.0731835365295,1204.03267288208,1448.4794998168943,1656.5131220817566,138.0427601734797,1038.270039335417,411.5,2021.259033203125,1609.759033203125,357.4438186546888,26.51783326586258,62.442080803248246,180.2325642350903,-0.0015547649737851,-0.3830381824388865,0.3387234501516671,25.17917892495712,0.3466798368683532,9,1302.6,1302.6,156.1,5610.3,1,71.20882112714403,0.0,15.763680914783556,12.142662673563844,0.3811598148652327,0.1497413558399128,0.0,0.3539341138034305,0.0,0.0,71.20882112714403,3,10428.098395347595,143.57940190666474,47.61688764998902,181.62124633789065,319.3513305832131,0.0,655,4.396992750249835,0.0,7053,0.3282126474068493,97.1093178502706,0.4518999900682053,32,0.4405923963148531,0.6658962242160934
NP0328404,Bagmati,Nuwakot,Suryagadhi,1,49.08169391414354,85.25247575286605,27.94530557453648,117.65599745687317,590.061767578125,16001.21565413475,1333.4346378445623,1772.8593673706057,1190.1651028719816,1514.1719131469729,1605.427649021149,133.78563741842905,1100.9020667576535,550.7667846679688,2402.15380859375,1851.3870239257808,334.70760023321515,26.93332791118202,64.4073003724776,167.98773256379246,0.0356345819554873,-0.167471204685008,0.1766531659458256,7.34250003787194,0.1495975271496508,6,1333.3,1333.3,355.0,355.0,1,71.46008824709186,0.0,20.45728038507822,6.758924989971922,0.681909346169274,0.3610108303249097,0.0,0.2807862013638187,0.0,0.0,71.46008824709186,3,12864.653170585632,262.1069515874739,50.252551447600126,209.0105438232422,194.47687499975493,20.25891244703267,345,3.962309763390498,0.4127590315540189,5445,0.3026822692638996,110.9374914713559,0.6166907560145917,5,0.1018709747211716,2.2668574236053503
NP0328405,Bagmati,Nuwakot,Tadi,1,69.77163620254123,85.32957704639684,27.956138877338347,123.10089205994323,631.760498046875,16741.721320152283,1395.1434433460236,1891.3085516293845,1248.2319044633346,1613.3476181030271,1652.7529114087422,137.72940928406186,1542.9985342149378,595.2933959960938,3844.67431640625,3249.380920410156,643.586868924409,27.96461888488584,62.67519458267437,192.9812009567873,-0.098283810056548,-0.4263521225516377,0.191654962318192,26.370945153514885,0.3779608246101931,13,1333.3,1333.3,355.0,355.0,1,67.33209753315272,0.0,26.835876229858837,5.004990731498645,0.4277769855981748,0.0855553971196349,0.0,0.2424069585056324,0.0,0.0712961642663624,67.33209753315272,3,15607.25019645691,223.69047145677317,44.21317336106773,158.48104858398438,261.8314561722864,19.07505790600545,614,3.752691930746923,0.2733927272485363,8706,0.4227885043169146,124.77849845354363,0.6059604265114192,7,0.100327301766001,2.0640368856487736
NP0328406,Bagmati,Nuwakot,Likhu,0,47.87515110513056,85.22414464516565,27.89291215165139,0.0,0.0,0.0,0.0,0.0,0.0,0.0,0.0,0.0,699.8185466067574,505.0,1291.3604736328125,786.3604736328125,142.9826678621926,18.70095748506093,60.36817417835905,197.19264730437345,-0.010112849809631,-0.0326841866692833,0.7678879724232737,27.283803737732217,0.5698948850901556,10,1318.0,1318.0,142.1,672.8,1,64.51879388682362,0.0,5.287071458075176,25.526641883519208,1.2391573729863694,1.569599339116068,0.0,1.858736059479554,0.0,0.0,64.51879388682362,3,10873.57239240408,227.12351066060256,8.325859412254273,119.5713119506836,215.78404654695268,17.54257414416754,409,4.507224344276338,0.3664233686833749,7304,0.4586607989797176,152.56348714097874,0.9580351986201148,5,0.1044383126649635,1.8788140369370387
NP0328407,Bagmati,Nuwakot,Panchakanya,1,53.455630539921096,85.31463556466514,27.89400524367405,126.71805381862556,621.0650634765625,17233.655319333076,1436.1379432777564,1851.116189479828,1273.1418311379173,1561.2676391601562,1734.3017399311066,144.52514499425888,1076.9961960412645,581.5,2025.853759765625,1444.353759765625,317.6125864663425,22.64317384012591,66.10328018032898,323.5608558988572,-0.1330240532457332,0.1801715973612609,1.8173054249498957,13.22201539375287,0.2473456071924651,7,1333.3,1333.3,175.7,175.7,1,72.11377579475739,0.0,13.627068228295222,13.18088864101134,0.3904071388733965,0.2602714259155977,0.0,0.4275887711470533,0.0,0.0,72.11377579475739,3,14722.890455245972,275.42263193866546,30.672688448429103,434.7380981445313,258.0752367858665,2.142159140186128,441,4.8278401017669,0.0400735922212412,7367,0.3625785399384911,137.81522966974012,0.6782794184191964,4,0.0748284130146546,0.552635398051288
NP0328408,Bagmati,Nuwakot,Dupcheshwor,1,131.55606239567024,85.42616785209135,27.937944214207324,135.57094238330336,698.8981689453125,18437.648164129256,1536.4706803441047,2041.1744793891903,1360.3231259432707,1727.2409088134766,1804.3454060554504,150.36211717128754,1846.861914658241,821.6299438476562,3342.52294921875,2520.8930053710938,473.5546733874517,30.13510609053994,68.1705495752929,273.77052644990505,-0.0804440252068038,0.0053015238669517,1.5273691421711224,48.29104761198044,0.367075805801632,27,1333.3,1333.3,355.0,355.0,1,78.66004962779157,0.0,19.948868335965116,0.7744943228814196,0.2782164072486653,0.3233325813970975,0.0,0.015038724716144,0.0,0.0,78.66004962779157,2,13094.54390335083,99.53584551632032,65.47271951675415,1038.8792724609375,431.8041123849032,31.380135385246888,847,3.282282127646857,0.2385305155369234,11451,0.5683389908122081,87.04273897739337,0.4320127711810514,60,0.4560793239580475,1.6688548446912512
NP0328409,Bagmati,Nuwakot,Kakani,1,87.94785069985136,85.2310798183949,27.81840199716534,126.91282723318128,625.1916656494141,17260.144503712654,1438.345375309388,1833.5556333065035,1278.0639551336114,1549.8808708190918,1734.986232638359,144.58218605319658,1365.620591341124,552.3743896484375,2153.1748046875,1600.8004150390625,349.9443819750077,24.655440798749847,60.18226658111575,315.47872684729725,-0.0192323688042083,0.0195564710558164,1.7025008396664485,32.187827560037526,0.3659876540916073,12,1333.3,1333.3,175.7,175.7,1,78.8852680076413,0.0,11.911450724800538,8.573997078323407,0.4382514889313406,0.1910327003034048,0.0,0.0,0.0,0.0,78.8852680076413,3,13331.619068145752,151.58550165874928,74.06455037858751,274.5923156738281,535.6244847280925,42.5938842789588,895,6.090250989260364,0.4843084161808947,14525,0.8376206355014358,165.1546897896454,0.9524060324794856,22,0.2501482392683097,0.4979253183120061
NP0328410,Bagmati,Nuwakot,Shivapuri,0,101.4619761059201,85.37487185186184,27.852578219673077,138.93269305325606,737.0999755859375,18894.846255242825,1574.5705212702353,2069.147262096405,1390.294253956188,1744.024227142334,1861.9717742204664,155.1643145183722,1404.8769530343284,617.3539428710938,2515.71435546875,1898.360412597656,387.2774498508423,27.619642336039416,65.0831828437675,321.8218027784604,-0.0792467835931796,0.1007835902278058,0.8132753518637115,40.10388018222724,0.3952601922552862,23,1333.3,1333.3,175.7,175.7,1,80.64200430612645,0.0,15.482481894695637,3.5917009199451946,0.2055196711685261,0.0782932080642004,0.0,0.0,0.0,0.0,80.64200430612645,2,12927.43723487854,127.41164454931456,76.49371144898545,256.7458190917969,464.3304410189508,41.78637541720335,905,4.576398556777744,0.4118427121267669,10898,0.548741822846282,107.40969591034926,0.5408349451753524,12,0.1182709075907681,0.6927308177232568
NP0328596,Bagmati,Nuwakot,Shivapuri,0,24.633629878706117,85.36525580609651,27.818551997166274,137.25779900656028,733.410400390625,18667.0606648922,1555.5883887410164,2042.7997550964355,1366.102817882191,1716.7601013183594,1824.48148727417,152.04012393951416,2073.5833586201907,1494.8900146484375,2730.3544921875,1235.4644775390625,218.6620322739956,31.19959929018149,60.46308494987587,350.4327323661382,-0.0827633299861873,0.4910320081423368,1.2981993627256476,0.0,0.0,0,1333.3,1333.3,175.7,175.7,1,99.6816553919618,0.0,0.3183446080382013,0.0,0.0,0.0,0.0,0.0,0.0,0.0,99.6816553919618,1,119.51151847839355,4.851559395300573,19.918586413065597,21.18045425415039,45.63290980107587,2.6141819433705806,50,1.852463888828744,0.106122481998901,53,0.0047262528813368,2.151530256034838,0.0191861812676757,0,0.0,2.506137196747153
NP0328597,Bagmati,Nuwakot,Langtang,0,88.5024937322768,85.43854970820153,28.02340002687456,139.4484885212253,691.6205240885416,18964.99443888664,1580.4162032405536,2095.289141019185,1389.1877954656427,1774.703089396159,1841.0402323404949,153.42001936170792,3326.0446466021776,1714.0360107421875,5073.2861328125,3359.2501220703125,719.0234905703828,35.19877901139534,71.03308776685186,174.0702425390327,0.0374001911987773,-0.36008503009026,0.6534197477896776,24.694301525426965,0.2790237933874282,8,1333.3,1333.3,355.0,355.0,1,57.61321496797392,0.0,15.260141588942576,0.0,0.0,5.517473873468929,0.0,0.067423305989437,0.0,21.54174626362513,57.61321496797392,4,0.0,0.0,0.0,0.0,53.67510393105816,0.0,89,0.6064812602165456,0.0,389,0.017672836885277,4.395356374665994,0.0199687445403945,9,0.1016920497994702,1.8738681572810052
NP0329401,Bagmati,Rasuwa,Aamachhodingmo,1,246.57458185536757,85.2508225311252,28.215405810829317,92.91312664858798,438.4980357776989,12636.185224207964,1053.0154353506637,1400.4274477741935,862.1114366389503,1121.6985043612394,1262.3584254871716,105.1965354572643,3396.9306465389363,1056.4774169921875,6662.89697265625,5606.419555664063,1030.4674975945163,32.41274653412924,74.65054522648185,114.66158543631649,0.2305767932406713,-0.1058662361993647,1.294102639190167,89.37238772717464,0.3624558016267772,39,1366.3,1366.3,134.3,274.9,1,43.29101719427928,0.0,26.53061224489796,0.0843644544431946,0.1124859392575928,6.363490278000965,4.386951631046119,0.1285553591515346,0.0,19.10252289892335,43.29101719427928,4,4439.885614395142,18.006258313354582,54.14494651701392,145.08056640625,238.96225532411103,31.71444952877107,374,0.9691276916137218,0.1286201087319443,3718,0.1832525682900099,15.078602068484315,0.0743193263924907,28,0.1135559058411944,3.006061381232211
NP0329402,Bagmati,Rasuwa,Gosaikunda,1,976.6996693041034,85.5071357314065,28.212228654077503,98.74112290157808,536.8848587839227,13428.792714614618,1119.066059551218,1572.8341636030298,966.1692743438282,1330.2266325699654,1367.596230839428,113.96635256995232,4214.675017981035,1006.3230590820312,7216.1572265625,6209.834167480469,1201.3150176497395,33.2978207275463,84.30140135747347,316.3922070432329,-0.1110596282096741,0.1165923405235598,0.260923845571591,302.7137551380055,0.3099353513180653,136,1378.2,1378.2,148.8,445.0,1,26.403842631225448,0.0,20.122931634542976,0.0,0.0630940508415932,18.69110373883133,26.02222538823194,0.5362994321535425,0.0,8.160503124173163,26.403842631225448,5,4541.413655042648,4.649754471892467,30.893970442466998,100.66221618652344,404.5853660379976,50.81921194936949,585,0.4142372304950855,0.0520315646114409,4759,0.2934993739034281,4.8725315975491,0.0300501150074665,38,0.038906535134874,0.4306008598579644
NP0329403,Bagmati,Rasuwa,Uttargaya,1,118.43338989253796,85.1838152650848,28.0872957982416,129.6606371005376,627.9852294921875,17633.846645673115,1469.4872204727596,1946.5785668691,1274.2738261367335,1607.3805541992188,1753.941137631734,146.1617614693112,2408.209506615921,601.0,4035.591064453125,3434.591064453125,871.8642831152104,33.05118216088601,71.99851339530296,142.06195504359997,0.2118225798868996,-0.2717256620965629,0.2082303537047625,44.49035151162658,0.3756571651963644,24,1346.6,1346.6,110.8,110.8,1,77.06476030277544,0.0,20.992430613961314,0.5719091673675357,0.3111858704793944,0.2607232968881413,0.0,0.5046257359125316,0.0,0.2943650126156434,77.06476030277544,2,6547.952939987183,55.28806484327224,40.17149042936922,165.73025512695312,151.717150114622,14.872221664551851,260,1.2810335856491524,0.1255745670882709,5701,0.2394102030813843,48.136762826537975,0.2021475559372371,14,0.118209906958697,2.278635875617533
NP0329404,Bagmati,Rasuwa,Kalika,1,42.49357924566917,85.22192249840641,28.02710150027228,118.21457099388628,635.1779378255209,16077.181655168532,1339.765137930711,1831.657380580902,1234.3332861698034,1602.4396667480469,1608.8462365468345,134.0705197122362,1708.0221086843924,641.17578125,3313.81787109375,2672.64208984375,605.3620107824931,30.586744977687637,71.64836360107942,255.7970144766914,-0.4964128555463146,-0.1256392866529198,1.356448318584538,10.500089500202956,0.2470982601747556,4,1334.4,1334.4,158.9,4500.2,1,82.34748318255625,0.0,15.402458826258409,0.5103224309904895,0.6495012758060774,0.5103224309904895,0.0,0.5799118533982834,0.0,0.0,82.34748318255625,2,6861.627166748047,161.4744459881516,50.08486983027771,166.97268676757812,113.41772249782515,18.98409098106956,210,2.6690555258271025,0.4467519874312392,5349,0.2427446774251294,125.87784072214052,0.5712502494123728,6,0.1411978022682451,0.6602115381234802
NP0329405,Bagmati,Rasuwa,Naukunda,1,116.32139110427734,85.30454746896832,28.025060668374287,125.78890759760844,669.2009429931641,17107.291433274746,1425.607619439562,1960.4246757030487,1288.0113929401743,1695.16499710083,1698.344164967537,141.5286804139614,2357.52192586238,787.8062133789062,4564.8427734375,3777.0365600585938,803.1116802813108,31.768992966208543,72.80042652289235,200.89151327092583,-0.0959383695256395,-0.2513494618393467,0.3300755356800602,41.37782885985503,0.3557198591509408,19,1334.4,1334.4,151.2,151.2,1,68.36235738183066,0.0,26.499099253667325,0.4889765805953504,0.2144634125418203,0.3259843870635669,0.0,0.042892682508364,0.0,4.0662263017929146,68.36235738183066,2,8225.103086471558,70.71015062997391,130.55719184875488,481.6095886230469,232.9588055285012,6.439649557949995,378,2.002716811731242,0.0553608368745961,5883,0.275675513165622,50.5753924033296,0.2369946839085601,21,0.1805342921077548,0.8077159538340928
NP0330301,Bagmati,Dhading,Nilkhantha,0,199.96143277990475,84.91944761387168,27.918781922674047,141.03311442377185,606.3712681361607,19180.503561632973,1598.3752968027477,2026.3686069079808,1380.909713546951,1670.9685974121094,1864.8716483797343,155.40597069831122,1003.0380287608424,437.5225830078125,1911.9630126953125,1474.4404296875,263.56045291457406,24.738674219516252,66.5979663780614,272.549446136012,-0.0633148139931572,0.0028191312654875,0.355687341723879,75.00789503093695,0.3751118102534166,32,1279.0,1279.0,249.6,249.6,1,74.27988657280731,0.0,11.685985771852144,13.103825680314412,0.6218596089746778,0.2039699517436943,0.0,0.1044724143077458,0.0,0.0,74.27988657280731,3,40806.37986755371,204.07125164215452,119.66680313065604,441.5893859863281,797.0662821558158,106.44651001480608,1414,3.986100074773607,0.5323352035188232,27030,1.3762412891774285,135.17606682560438,0.6882533646836996,126,0.6301215101748484,0.6348302084240143
NP0330302,Bagmati,Dhading,Dhunibenshi,1,98.6319205151094,85.17969558235632,27.729636499650447,148.44988892884817,770.1778869628906,20189.18489432335,1682.4320745269458,2143.5901079177856,1512.6224538629706,1843.5634689331052,1978.066078901291,164.83883990844092,1317.1209831176486,741.33984375,2409.197998046875,1667.858154296875,363.3352456071568,26.28586594966541,67.53127898743956,343.0392924280478,-0.0737465216174262,0.2418069729248239,0.1788014004334313,39.30690528187581,0.398521138761101,20,1309.7,1309.7,115.3,115.3,1,78.90861408109744,0.0,6.304216259834577,13.576760137179749,1.059108331652209,0.1513011902360298,0.0,0.0,0.0,0.0,78.90861408109744,3,22355.315032958984,226.6539566116872,75.27042098639389,297.8995361328125,506.1627076882632,55.27878245711691,1207,5.13183465398227,0.5604552985323729,9803,0.7052571807502476,99.38973051323968,0.715039489312397,6,0.0608322333040332,2.3447738599695014
NP0330401,Bagmati,Dhading,Rubi Valley,1,424.5128427368923,85.09107211864962,28.22204265731062,119.2371300130206,557.6478500366211,16216.249681770802,1351.3541401475668,1780.8652970194817,1162.7384661327708,1481.0583925247192,1616.3117738366127,134.6926478197177,3380.1470206813697,937.1638793945312,7054.544921875,6117.381042480469,1128.3361207783544,33.424588066264214,74.54708475394303,198.7482665958596,-0.0343039934754994,-0.1010663513387484,1.4315445596177403,150.39020473215774,0.3542653827916525,79,1341.6,1341.6,141.5,141.6,1,49.36146325490013,0.0,20.10338213968284,0.1496935959208495,0.0701688730878982,6.56546755859101,7.585255180801796,0.1075922720681105,0.0,16.056977124947373,49.36146325490013,5,2769.411758422852,6.523740814454695,153.85620880126953,211.6272735595703,199.27715758482205,0.0,237,0.469425509720872,0.0,4751,0.1849946543762563,11.191651987180538,0.0435781054781689,32,0.0753805227509529,1.2665028860889038
NP0330402,Bagmati,Dhading,Ganga Jamuna,1,143.67346394106283,84.92971765052371,28.08636748549548,132.56301129109718,586.9656860351563,18028.569535589217,1502.3807946324348,1925.4967957496644,1297.6445650967685,1584.6754333496094,1735.895197200775,144.65793310006458,1551.6405026322216,498.0,3208.982177734375,2710.982177734375,649.0351580981295,28.418481402587947,73.28288413042064,181.59691689270565,-0.0078203593598579,-0.2805140065424424,1.0331498272454265,54.98048663242246,0.3826766970341603,22,1295.0,1295.0,486.1,773.2,1,79.98892503633972,0.0,15.504949124385686,3.834706167370389,0.1661244549041323,0.2630303869315428,0.0,0.2422648300685263,0.0,0.0,79.98892503633972,2,14503.491172790527,100.94759863756116,111.56531671377329,870.3821411132812,257.9293256882417,20.117286844238635,487,1.795246795149649,0.1400208938547696,7632,0.3552909084854598,53.12045655926253,0.2472905564740931,52,0.3619318319027321,1.756704933412838
NP0330403,Bagmati,Dhading,Khaniyabas,1,105.2002270414944,85.04243712237177,28.08225690068912,134.4480255640605,584.9799957275391,18284.931476712227,1523.744289726019,1967.5753518342967,1300.5158133073287,1600.5298385620115,1794.116027355194,149.50966894626615,1949.479326591705,602.907470703125,4039.32861328125,3436.421142578125,724.8035383008435,31.765924066881283,74.44851685150482,271.3192001334023,-0.3992895968593642,0.0091950226186524,0.1290468405498514,32.425957010672214,0.3082308652992009,15,1295.0,1295.0,486.1,773.2,1,81.19313385235907,0.0,16.07729106087609,2.072976268642716,0.1969796454366382,0.3189194259450333,0.0,0.0750398649282431,0.0,0.0656598818122127,81.19313385235907,2,9433.14484024048,89.66848366705273,98.26192541917165,201.6548309326172,146.82818769548678,0.0,249,1.3957021940415866,0.0,3880,0.1836214862032976,36.88204967912856,0.1745447622759134,33,0.3136875359307325,1.6659297906483974
NP0330404,Bagmati,Dhading,Tripurasundari,1,84.38860052518406,84.85791972128621,28.0217295603937,162.09269028551438,700.8309733072916,22044.60587882996,1837.0504899024963,2284.17626285553,1565.6071666370738,1880.12163289388,2077.3188530604048,173.1099044217004,783.5482747509197,398.0,1504.3382568359375,1106.3382568359375,220.10285808589268,21.04473697455283,67.58198922737556,256.66404225972514,-0.1788679596597897,-0.0424011384560752,1.4938413435213354,49.10022110251269,0.5818347596350969,20,1295.0,1295.0,486.1,773.2,1,73.27647476901208,0.0,6.313669746505568,17.51954513148543,0.3790570954750059,1.0305614783226724,0.0,1.4806917791992418,0.0,0.0,73.27647476901208,3,16993.98628807068,201.3777474956368,63.17467021587613,1389.7445068359375,214.84670502907815,12.406347934385304,291,2.545920938278406,0.1470145002663349,7765,0.3268852017149871,92.01479763469584,0.3873570596984066,12,0.1421993009164649,0.7893608107134049
NP0330405,Bagmati,Dhading,Netrawati Dabjong,1,70.51106959148964,84.97148568123288,27.98661086672065,130.92897523238378,581.5618896484375,17806.340631604195,1483.8617193003497,1908.1332223415372,1288.689551266757,1569.539478302002,1725.8387693166733,143.8198974430561,1253.9681849102017,539.3780517578125,2232.291259765625,1692.9132080078125,339.9925361192664,26.302839328985986,67.48420401988699,228.49201425496784,-0.1992583933046595,-0.1763384513188552,1.0559256315392276,21.725108401728196,0.3081091880692491,7,1295.0,1295.0,486.1,773.2,1,77.98882681564245,0.0,15.43296089385475,5.516759776536313,0.5027932960893855,0.4189944134078212,0.0,0.1396648044692737,0.0,0.0,77.98882681564245,3,10149.24866771698,143.93837345706564,57.34038795320328,155.83062744140625,197.0562838461031,0.966175766858026,358,2.794685784625892,0.0137024693066723,4823,0.2690605312935663,68.40060756335646,0.3815862287331416,6,0.0850930220568398,1.401526639106417
NP0330406,Bagmati,Dhading,Jwalamukhi,0,112.94459574748744,84.79181543830241,27.92332304446621,151.01398302527036,626.2161407470703,20537.901691436768,1711.4918076197307,2120.6439467668533,1421.4913593639028,1694.664581298828,1942.2882843017576,161.85735702514648,821.8918001864262,336.5,1352.8468017578125,1016.3468017578124,209.89641786930332,21.72273307683969,59.57272470994071,240.03677020546752,-0.0894953647455373,-0.0515936217491918,0.1904566545037887,36.72915038945162,0.3251961738086852,16,1272.7,1272.7,247.3,5009.5,1,75.76342576342576,0.0,5.975780975780976,16.953316953316953,0.1755001755001755,0.1228501228501228,0.0,1.009126009126009,0.0,0.0,75.76342576342576,3,12357.847915649414,109.41513256002185,686.5471064249674,2279.065673828125,270.5638176550132,13.032922219905911,307,2.3955446107392184,0.1153921720083348,4713,0.2636922468141574,41.72842417831971,0.2334704419179999,29,0.2567630598708406,1.8642772993533143
NP0330407,Bagmati,Dhading,Siddhalek,1,106.39557460801824,84.84523917922525,27.842484258232982,138.36704371168332,533.6032104492188,18817.917944788933,1568.1598287324111,1974.2173000574112,1276.6964196291838,1523.3537521362305,1794.7251662015915,149.5604305167993,777.0604720766731,311.2314453125,1557.0980224609375,1245.8665771484375,259.1562296976581,25.89882253622065,64.88137029214325,187.09630674235692,-0.011466107054763,-0.0921038108022475,0.1039493985510295,40.79592126545467,0.3834362605376651,20,1279.0,1279.0,249.6,249.6,1,76.15066691715198,0.0,7.091865489385684,14.907007326695473,0.2254367837685515,0.2254367837685515,0.0,1.3995866992297576,0.0,0.0,76.15066691715198,3,16401.68674659729,154.15760295505012,133.34704672030318,805.3331298828125,333.9574845604956,11.833121846466277,399,3.1388287134202635,0.1112181769783355,3232,0.1845637198702441,30.37720329917207,0.1734693576779037,6,0.0563933229563837,2.833871182215365
NP0330408,Bagmati,Dhading,Benighat Rorang,1,206.62125244835897,84.76637974892239,27.756325947379803,139.06510417927214,571.0079607282366,18912.85416838101,1576.0711806984175,1964.8813202721733,1306.8506231927254,1519.425031389509,1758.5537719726562,146.54614766438803,980.5761569513978,269.0951843261719,2250.402587890625,1981.307403564453,384.30954573377767,31.076510157301467,74.16171726936213,10.699150227738048,0.0294599209491635,0.1559249019350215,0.4702194856913282,66.81761706427926,0.3233821123070534,25,1261.3,1261.3,146.3,11791.1,1,89.95400629387558,0.0871459694989106,4.241103848946985,4.342774146695716,0.3437424352457032,0.5180343742435246,0.0,0.5131929314935851,0.0,0.0,89.95400629387558,1,20851.51541519165,100.91660547069372,114.56876601753656,5114.83935546875,486.0620008470419,33.40697591934888,696,2.352429844885021,0.1616821867232574,12840,0.5336750412276174,62.14268787867847,0.2582866161654882,10,0.0483977319927402,3.65056426210441
NP0330409,Bagmati,Dhading,Gajuri,1,139.34076719106716,84.90310265836119,27.749489610308707,141.1148467425038,640.9166381835937,19191.61915698052,1599.301596415043,2029.3530379772185,1348.38449901234,1588.5165954589845,1823.0047857284544,151.9170654773712,1099.0908189347967,347.3753662109375,2344.464111328125,1997.0887451171875,497.3333340204748,25.933246362712488,56.55739706389933,0.0319755566153623,0.0001559022093117,0.2793551896664115,0.0407800036228237,56.5319523195564,0.4057100693441606,23,1279.0,1279.0,305.0,6358.0,1,77.93232004588472,0.0,7.456266131344996,13.363923143102957,0.3799827932320045,0.2867794665901921,0.0,0.5807284198451391,0.0,0.0,77.93232004588472,3,20938.47476387024,150.26811740715434,96.93738316606591,258.98699951171875,329.59784979663755,19.534398141380137,595,2.3654086053989185,0.1401915500766128,5654,0.3078521480518976,40.576782473481785,0.220934730199787,6,0.043059903579924,3.811544878567057
NP0330410,Bagmati,Dhading,Galchhi,1,118.87562828275873,84.98752209369812,27.792887115115647,133.74465264379978,615.1972351074219,18189.27275955677,1515.7727299630642,1894.452465415001,1292.7311699607155,1515.8258628845217,1765.2342913150787,147.1028576095899,883.6231086249185,380.1448059082031,2165.305908203125,1785.161102294922,320.46525508316927,27.29954135200571,66.07229775724527,35.09181182567891,0.0481191544199059,0.0684874343630207,0.6138074900646318,47.3380433821455,0.3982148743689225,17,1279.0,1279.0,305.0,6358.0,1,76.42833277647844,0.0,9.488807216839293,12.42064817908453,0.4343468092215168,0.2505846976277982,0.0,0.9772803207484128,0.0,0.0,76.42833277647844,3,14537.433141708374,122.29111510670208,67.93193056873072,190.43409729003903,451.9562668373202,16.67429738196928,1028,3.801925368270548,0.1402667445198071,8090,0.4147795540333617,68.05431960163482,0.3489189163709513,6,0.0504729193584436,0.8727982199411237
NP0330411,Bagmati,Dhading,Thakre,1,96.028022549987,85.06443070441547,27.73822994528724,130.12465979188096,663.0704956054688,17696.953731695812,1474.7461443079844,1861.4858050346372,1256.1392748283615,1530.2696177164714,1707.2961775461831,142.27468146218192,1017.875126309654,476.4830627441406,2269.195556640625,1792.7124938964844,296.02783571457326,26.53283462780547,61.91669002008285,30.157286971073518,0.0612848024044064,0.1054786242558147,0.3957976893828432,36.44020425514553,0.3794746917357037,16,1309.8,1309.8,104.6,104.6,1,73.67391080440828,0.0,9.784735812133071,14.903697600164795,1.0814708002883922,0.5458852610979503,0.0,0.0102997219075084,0.0,0.0,73.67391080440828,3,24691.431434631348,257.1273549007876,73.92644142105193,915.9967041015624,452.3198121219686,46.33412831889516,934,4.710289768661177,0.4825063256381866,8456,0.5282625817704825,88.05762917379937,0.5501129438497991,8,0.0833090153016077,1.384105814138247
NP0331201,Bagmati,Makwanpur,Hetauda,0,261.6203972088601,85.02713783714343,27.415853851743982,151.3249476277653,728.5828247070312,20580.19287737608,1715.0160731146734,2261.695857894421,1508.2493351329458,1840.9851684570312,1842.2960783720016,153.5246731976668,591.9998745987376,343.0,1828.57666015625,1485.57666015625,195.21982336524235,12.692182998937724,62.163577924191685,3.000208786744812,0.0059215084796687,0.112981235312176,0.1407823319630972,73.2670902550757,0.2800511391188822,32,1243.6,1243.6,244.1,671.2,1,61.76132884262094,0.0382731169626454,2.2083588487446417,28.91533986527863,4.596601347213717,2.166258420085732,0.0,0.3138395590936926,0.0,0.0,61.76132884262094,2,116874.44653224944,446.732929768258,34.66027477231597,137.69435119628906,1220.9476103751338,98.51681360291268,4688,4.666867046304541,0.3765639631082109,42648,3.2818319903734863,163.01481251078718,1.2544251233413934,20,0.0764466387688928,1.6166575941158474
NP0331301,Bagmati,Makwanpur,Thaha,1,191.1211750701864,85.08597355329557,27.651489982710736,138.52222638395654,710.6323939732143,18839.022788218088,1569.9185656848406,1981.675326858248,1340.8008422851562,1598.1946759905134,1779.3942106791906,148.28285088993255,1846.0578802172515,835.14208984375,2590.27294921875,1755.130859375,319.6407687805017,25.562492146473605,70.15851596044993,25.42622684575895,0.0502556792087884,0.1057133018052772,1.7820633837966435,54.63729334650072,0.2858777596278172,28,995.6,995.6,201.1,201.1,1,78.35844318895167,0.0,4.85980330613099,16.30571249215317,0.2667922159447583,0.183092697216991,0.0,0.0261560996024272,0.0,0.0,78.35844318895167,2,34503.62843513489,180.53273491262252,94.27220883916635,1290.559326171875,740.4494932925511,91.6377607508089,2114,3.874241004538781,0.4794746616493766,12786,0.7998310841023971,66.89996540312465,0.4184942269262791,44,0.2302204346736653,1.9390721904265504
NP0331401,Bagmati,Makwanpur,Manahari,0,199.59386846112207,84.85131208294634,27.47247497030744,152.22688765930974,735.1978963216146,20702.856721666125,1725.2380601388438,2299.794532193078,1482.9979476158064,1819.016621907552,1850.748908334308,154.22907569452568,527.0683936084865,241.9615478515625,1034.50537109375,792.5438232421875,144.4341158522605,15.29793362871832,57.39824905943775,346.1557894507821,-0.0226499158551823,0.0919077362685186,1.1594128412271916,73.41982312940512,0.3678460851301462,25,1243.6,1243.6,244.1,671.2,1,84.34904433103172,0.125087561292905,1.5410787551285898,10.922645852096467,0.7805463824677273,2.006404483138197,0.0,0.2751926348443911,0.0,0.0,84.34904433103172,2,29738.143535614014,148.9932720122941,39.59806063330761,144.8939208984375,506.5159238767188,30.13779318934894,2055,2.5377328861952524,0.1509955862958752,13794,0.6353503869242552,69.1103394425509,0.3183215956596442,57,0.2855799150518632,2.422632261758229
NP0331402,Bagmati,Makwanpur,Raksirang,1,226.7840704133506,84.83782206820514,27.59858491764949,147.90505606089445,671.9489135742188,20115.087624281645,1676.2573020234704,2144.1577407717705,1421.908875465393,1657.7370109558103,1848.1465455889704,154.0122121324142,931.825091678383,300.0379943847656,2084.825439453125,1784.7874450683594,362.1998905665236,29.524273067771134,67.78376107949651,203.356007084744,-0.0426266428062784,-0.0987122373283224,1.3651604000464956,80.25785805365766,0.353895482638506,35,1243.4,1243.4,112.1,434.1,1,87.71573604060914,0.163319355550651,5.742661664091812,5.451335246082543,0.0088280732730081,0.8872213639373208,0.0,0.0308982564555285,0.0,0.0,87.71573604060914,3,19913.608810424805,87.80867533653945,152.0122809956092,1838.3001708984373,867.985644684266,1.6480971309598922,2374,3.827366018707672,0.0072672526247366,10818,0.400659553965354,47.70176309245375,0.1766700603067434,13,0.057323250157321,2.7111381968116293
NP0331403,Bagmati,Makwanpur,Kailash,1,204.53980303279144,84.94920365528893,27.60943826506751,144.6068129817791,682.2226104736328,19666.526565521955,1638.8772137934964,2085.180177539587,1401.579384543679,1657.4535484313965,1831.108501970768,152.59237516423067,1256.4380782379983,396.2952270507813,2589.429443359375,2193.1342163085938,428.3775174159222,30.40853824229504,72.7889744373632,227.3676645573569,-0.0985559486048642,-0.0907295461064136,0.35333332229856,71.36590733256341,0.3489096316432952,31,1260.7,1260.7,212.1,212.1,1,90.39660884817772,0.0146170337166244,4.297407912687586,4.955174429935686,0.0146170337166244,0.3118300526213213,0.0,0.0097446891444162,0.0,0.0,90.39660884817772,1,17154.081853866577,83.866717379778,108.57013831561125,2083.4677734375,810.7396540748167,19.19780284773509,2151,3.963725602810131,0.0938585183083281,10236,0.4093976583034939,50.04404936460696,0.2001554965015097,7,0.0342231677952568,3.702154150969224
NP0331404,Bagmati,Makwanpur,Bhimphedi,1,245.27020400762007,85.10433126343057,27.52774714840988,142.08495505008045,692.3072306315104,19323.55388681094,1610.296157234245,2062.112746079763,1363.5212511004822,1614.2848815917969,1787.7883047527737,148.98235872939782,1397.332872013907,463.39654541015625,2583.508544921875,2120.1119995117188,438.9109977884757,31.68923816433349,68.99622585232494,166.56126553438204,0.0146729832294797,-0.0614065616911499,0.3881776525489598,85.63999861671957,0.3491659289118497,40,1276.0,1276.0,179.5,179.5,1,89.83485193621867,0.0,5.772046859746176,3.5266840221282134,0.2440611780019524,0.6182883176049463,0.0,0.0040676863000325,0.0,0.0,89.83485193621867,2,17384.58355116844,70.87931296631666,53.82224009649672,326.31494140625,592.7498730123821,94.95930591288976,1259,2.416721898245603,0.3871620130015448,7330,0.4385106344674296,29.885407522930382,0.1787867532632728,35,0.1426997630699268,0.5793513788525066
NP0331405,Bagmati,Makwanpur,Indrasarowar,1,97.32593554670804,85.19583619564368,27.59353996195673,138.9633873639738,743.05322265625,18899.020681500435,1574.9183901250362,2002.107092142105,1347.375496604226,1626.7411346435547,1746.0832595825195,145.5069382985433,1764.6360647987208,1028.362060546875,2551.11328125,1522.751220703125,288.90544230962354,29.296605541946874,65.0231862557864,133.01014934150314,0.0543509549338704,-0.0507010881877224,1.0907021495854714,43.88823130863411,0.450940759645424,15,995.6,995.6,201.1,201.1,1,76.0660106601066,0.0,11.531365313653136,9.778597785977858,0.2972529725297253,0.5842558425584256,0.0,1.7425174251742517,0.0,0.0,76.0660106601066,3,9865.55854988098,101.36618255414936,17.307997455931545,495.56341552734375,400.9850474267142,44.68868299518606,907,4.120022532270198,0.4591652034389061,4726,0.3049454637485296,48.55848519156466,0.3133239480674523,5,0.0513737676592939,3.066703816908745
NP0331406,Bagmati,Makwanpur,Makawanpurgadhi,1,148.71256073212234,85.13679599202416,27.445172886984373,152.4370170665138,751.3038126627604,20731.43432104588,1727.619526753823,2256.8170659542084,1492.8882464784565,1807.6407368977864,1871.1149869362516,155.9262489113543,1030.7994835362658,299.30718994140625,2496.912109375,2197.6049194335938,436.8848876983597,25.96423021403277,71.5797380201138,217.29474022774016,-0.1012242623661935,-0.1329011454139983,0.1363633883486189,40.40854581143402,0.271722480014465,14,1276.0,1276.0,115.4,115.4,1,83.62173038229376,0.0,4.842387659289068,10.375586854460094,0.0938967136150234,1.0663983903420522,0.0,0.0,0.0,0.0,83.62173038229376,2,18420.741297721863,123.8680929642746,30.95922907180145,121.69759368896484,582.1875543289693,15.049406398647784,1494,3.914851250377368,0.1011979507619161,8048,0.3947967493638417,54.11782273386413,0.2654763978377009,3,0.0201731446572555,3.798479323261876
NP0331407,Bagmati,Makwanpur,Bakaiya,1,393.6643159922793,85.2527077209372,27.33237140240396,149.60521883605156,726.2725486755371,20346.30976170301,1695.5258134752512,2326.046661168337,1462.916824167425,1855.53275680542,1820.8950562775133,151.74125468979278,567.4080038991893,194.3975982666016,2125.718994140625,1931.3213958740237,272.9220530357933,20.120788642147733,65.69992220717133,23.853509165428505,0.0067030606477552,0.0151595132145968,0.1786822475689742,137.97189127111275,0.3504810714766911,49,936.1,936.1,205.6,205.7,1,87.0593915982617,0.0228722458004015,1.3215075351343109,9.951968283819156,0.088947622557117,1.4943200589595669,0.0,0.0609926554677374,0.0,0.0,87.0593915982617,2,30398.71136665344,77.21988031866631,38.09362326648301,289.74951171875,539.5913824189985,44.06427463290732,1300,1.3706890883896654,0.1119336268054621,10774,0.9814611505874716,27.36849534569271,0.2493142280660054,11,0.0279425885281807,3.1929127147853564
NP0331408,Bagmati,Makwanpur,Bagmati,1,311.6482825408117,85.39781000281693,27.30470949926213,155.0446983524982,720.938134765625,21086.078975939752,1757.1732479949794,2351.700009274483,1522.098038552024,1865.421450805664,1912.979675245285,159.41497293710708,426.85082568107816,138.5,1268.431396484375,1129.931396484375,175.7218645927313,16.915034822198905,66.83119791885609,67.60610391884305,0.1426192003910429,0.0587656183745154,0.7492224631767617,105.80523600723764,0.3395020667036147,45,945.6,945.6,120.0,120.0,1,79.81398332264273,0.1731879409878127,2.973059653624118,13.646568313021168,0.0801796023091725,2.924951892238614,0.0,0.3880692751763951,0.0,0.0,79.81398332264273,2,21365.54032230377,68.55657970618162,31.55914375524929,1439.8441162109375,424.2494142299949,34.42807902503401,1104,1.3613083658641292,0.1104709409734208,9324,0.5086169943747334,29.91834231840819,0.1632022452452077,29,0.0930536172494463,1.7256255437167531
NP0331595,Bagmati,Makwanpur,Parsa,0,98.21382424929767,84.77119088310796,27.49514622048205,150.78984407116386,719.0649108886719,20507.418793678284,1708.951566139857,2324.974363923073,1454.4830460981889,1833.8824920654297,1817.6227917671204,151.46856598059335,411.4696277829756,240.9515380859375,768.5645141601562,527.6129760742188,134.10300288176137,9.332873155522044,47.352348307488754,347.1589201461172,-0.0520023161194577,0.2281318276290802,0.9991560166957112,63.29461716298013,0.6444573118578341,26,1231.9,1231.9,108.8,1214.1,1,80.03438859107919,0.5765146151512086,2.2453727116415494,12.602407201375543,0.0202285829877617,3.226458986547992,0.0,1.2946293112167493,0.0,0.0,80.03438859107919,2,387.5520000457764,3.946002540966607,2.029068063066892,35.09102249145508,160.45007860244232,5.243068243530718,499,1.633681203525579,0.053384218399053,2099,0.0779279112338771,21.37173677986589,0.0793451551546058,4,0.0407274640874052,5.274120709190794
NP0331597,Bagmati,Makwanpur,Chitawan,0,65.19690508804662,84.70613089060178,27.49253129163384,152.65036372226828,741.6602783203125,20760.449466228485,1730.0374555190403,2367.233405828476,1484.3695650967684,1882.5221405029297,1824.2657940387728,152.02214950323105,410.1279945966514,230.2979888916016,676.0076293945312,445.7096405029297,119.06343176361776,10.167090476969957,46.90422520838076,346.71972861932994,-0.0466495905783389,0.1976456119990862,1.2237548315283702,33.999028978471955,0.5214822533762485,9,1205.6,1205.6,291.1,1691.7,1,95.60608388385312,0.0460900291903518,0.7835304962359809,1.9204178829313256,0.0,1.1983407589491473,0.0,0.4455369488400675,0.0,0.0,95.60608388385312,1,0.0,0.0,0.0,0.0,7.822381342628911,0.0,12,0.1199808692155709,0.0,10,0.0005045357221629,0.1533815138386596,0.0007738645285103,0,0.0,6.858645803125272
NP0335101,Bagmati,Chitawan,Bharatpur,1,433.3961910615063,84.38395162500176,27.652804416938448,142.65039125724235,657.0037123736213,19400.45321098496,1616.7044342487468,2165.393262610716,1420.136668730547,1766.466744815602,1625.9472023108426,135.4956001925702,239.12530524068453,141.0,1184.424560546875,1043.424560546875,157.01834025443233,5.779048537131034,62.48729316126067,234.0363604135342,-0.0769316394522016,-0.0558195495546587,1.62098219423009,165.28866084731163,0.3813800496088217,59,1183.3,1183.3,210.0,31855.4,1,51.27594655818039,0.3675280846932643,0.8413850492348943,39.49886736627988,5.871203365540198,0.4646109749895983,0.0,1.678147103693773,0.0023114973880079,0.0,51.27594655818039,3,239832.27850961685,553.3788331692573,29.119994962313847,268.25128173828125,2490.867465015945,226.93383165213828,9387,5.747322003257867,0.5236175036432946,124850,10.402364349102712,288.07359772638534,2.400197455271692,116,0.267653482869529,1.1522566233795604
NP0335301,Bagmati,Chitawan,Kalika,1,149.18997182048216,84.58609485542394,27.70970217525444,148.22332048170708,636.2060424804688,20158.371585512163,1679.8642987926803,2188.7445674419405,1433.41561015736,1700.9534484863282,1800.721376514435,150.06011470953624,562.781696820316,196.53765869140625,1907.40185546875,1710.8641967773438,358.3031939922497,18.680999290835008,70.8726151374642,231.0964998418303,-0.2012133080584688,-0.1623789682005258,0.4097252134415149,75.7301641635224,0.5076089447529842,26,1205.9,1205.9,199.6,199.6,1,83.37674480731985,0.2471114673078207,1.736458959460362,13.15701596206505,1.2489147131503373,0.2337540906965871,0.0,0.0,0.0,0.0,83.37674480731985,2,21057.618155002598,141.1463377735662,36.1814744931316,143.17263793945312,544.9093270879814,23.52655266681569,1326,3.652452778419061,0.1576952685206268,20367,1.039206916668469,136.5172186271828,0.6965661994486665,4,0.0268114535527437,5.224263109215031
NP0335302,Bagmati,Chitawan,Ratnanagar,0,68.73261568745693,84.51381788911377,27.6190681176324,129.8487626042436,568.4959716796875,17659.43171417713,1471.619309514761,1945.2256577014923,1291.2869134382768,1582.5914154052734,1545.5594528913498,128.79662107427916,197.39959853868592,176.0,248.9991912841797,72.99919128417969,12.8849719914423,1.6115584817292712,23.37754667941401,222.03068538351732,-0.1228338895197123,-0.1362740140123435,0.0755796730652187,36.26267832060774,0.5275905471938171,20,1205.9,1205.9,199.6,199.6,1,33.71387283236994,0.0722543352601156,0.7514450867052023,56.82080924855492,7.341040462427746,0.4190751445086705,0.0,0.8815028901734104,0.0,0.0,56.82080924855492,3,59968.20064544678,872.4853556881354,48.51796168725468,248.8435211181641,456.7847641925652,44.942621552887125,1511,6.645822505426986,0.6538761998706931,29718,2.060884258065742,432.37114872995096,2.998408015543972,15,0.2182370021855193,0.3281362317279491
NP0335303,Bagmati,Chitawan,Khairahani,0,85.61932953520048,84.57106508829024,27.605672273692537,137.83520295830334,611.9639770507813,18745.58760232925,1562.1323001941046,2086.172398853302,1347.8497081409805,1669.4408813476564,1679.8064615249634,139.98387179374694,221.94417490724476,183.2199859619141,689.6902465820312,506.4702606201172,66.43341913197995,3.53155680484481,41.10416140016309,234.9228751440668,-0.1506296635401088,-0.1057744824393508,0.5259094027086667,51.395004841278585,0.6002733859314873,13,1205.9,1205.9,199.6,199.6,1,37.40350877192982,0.1052631578947368,1.0409356725146195,55.91812865497076,4.292397660818714,0.6549707602339181,0.0,0.5730994152046783,0.0116959064327485,0.0,55.91812865497076,2,50447.09834575653,589.2022119259452,55.74265010580832,366.6500854492188,432.3276655722344,31.455899989746825,1349,5.049416620279566,0.3673925054133299,23996,1.56955446058112,280.26381577929294,1.833177705433716,9,0.1051164503256224,0.5711953830839076
NP0335304,Bagmati,Chitawan,Rapti,1,212.4284267151716,84.68952300383872,27.64932119924884,144.68324184899822,608.3418197631836,19676.92089146376,1639.7434076219797,2133.590676099062,1392.476184238087,1655.8261451721191,1824.5735611915588,152.04779676596323,619.988840242052,202.6090545654297,1929.68701171875,1727.0779571533203,389.8591576441324,20.068685748727123,66.68664501517434,209.1044534694295,-0.0993880482153777,-0.1785324223234726,1.4828242384962966,95.06662878648594,0.4475231034589981,41,1205.4,1205.4,127.8,127.8,1,78.76786640879287,0.1320817019670739,1.7500825510637297,17.892353412896835,1.0991084485117222,0.3254870512760036,0.0,0.0283032218500872,0.0047172036416812,0.0,78.76786640879287,2,46799.22093772888,220.305830351407,70.90791051171043,3058.93408203125,629.3163395394407,60.21398459938681,1653,2.962486467892741,0.2834553996867988,20938,1.1925703198588182,98.56496290900888,0.5613986500299422,9,0.0423672111080848,5.299430563862368
NP0335305,Bagmati,Chitawan,Madi,1,218.4729536484251,84.37108413222452,27.420568432826403,146.42600054688313,768.9114990234375,19913.936074376103,1659.4946728646755,2331.020033419132,1457.0814537568526,1924.2288608551023,1674.82164144516,139.56847012043,322.9320989765599,156.0,880.3646240234375,724.3646240234375,129.55533877195182,10.714762665108823,58.81736345708003,356.1038962849031,-0.0169867634361546,0.2494207892778245,0.2309060991250958,94.47368421293147,0.4324273674853232,42,1182.1,1182.1,173.6,336.1,1,71.46458858583543,0.275040110016044,2.3790969516387808,22.73664909465964,0.7609443043777218,1.9894567957827185,0.0,0.3758881503552601,0.0183360073344029,0.0,71.46458858583543,2,32899.01107406616,150.58619625296268,247.36098551929445,963.3779907226562,383.8402356439979,27.991290024193137,1015,1.7569233593174562,0.1281224497437691,12423,0.6468254229750944,56.86287383650957,0.2960665895587195,5,0.0228861280835987,1.7242756208308614
NP0335401,Bagmati,Chitawan,Ichchha Kamana,1,166.85058605682966,84.59112698104313,27.80258320710369,134.1347116968211,519.9664916992188,18242.32079076767,1520.1933992306392,1964.556440625872,1245.7622732187249,1468.028309413365,1618.7704879896985,134.89754066580818,979.6174168706624,212.0,1920.0025634765625,1708.0025634765625,405.7375443742873,31.26715276028177,69.62585509451166,351.99966091554074,-0.0129784530921061,0.0923425268453772,0.0554083582382605,60.3511049276812,0.3617074794518581,24,1227.4,1227.4,112.6,16846.6,1,91.42874208577231,0.4897861665272966,4.312507466252539,2.4668498387289453,0.3105961056026759,0.2747580934177517,0.0,0.7167602436984829,0.0,0.0,91.42874208577231,1,12531.603121519089,75.10673721727773,23.86972023146493,589.748046875,400.4344228612255,27.418024375393063,978,2.399958144137634,0.1643268089334395,8286,0.3235734732407209,49.66119805643218,0.1939300789333225,9,0.0539404758035107,3.6773827145278535
NP0335597,Bagmati,Chitawan,Chitawan,0,907.1183898996572,84.34101858087641,27.511623346406022,146.85061437236516,746.7238306845388,19971.683554641662,1664.3069628868052,2293.175677584064,1465.2525279249264,1897.554482244676,1666.333015872586,138.86108465604883,298.61986407038466,110.0,746.7330932617188,636.7330932617188,140.7665414135588,9.522237272613896,65.4117600031623,329.6621322416243,-0.0528674104251649,0.0903346183329589,1.97180058022855,419.4101255418797,0.4623543411883355,151,1187.6,1187.6,202.1,2382.6,2,91.60134254863426,0.1556738136772142,0.7342062843641664,3.2128425375935703,0.0011040696005476,1.3867114182878089,0.0,2.8981827014374986,0.0099366264049285,0.0,91.60134254863426,1,11462.835876464844,12.63653785889274,60.014847520758345,120.77582550048828,289.224964711247,16.85482105140277,404,0.3188392694180086,0.0185806188465291,377,0.0287883543520238,0.4156017606937752,0.0031736049751133,4,0.0044095677527191,4.367461700494115
NP0436301,Gandaki,Gorkha,Palungtar,1,158.75166031344656,84.50603965027928,28.01024307513163,134.92976537872764,547.6972307477679,18350.44809150696,1529.2040076255798,1940.21169090271,1240.0944361500924,1496.2481820242745,1614.615506717137,134.55129222642807,631.524033174398,337.0,1435.801513671875,1098.801513671875,183.76845536337,17.689313159117873,56.01036948112363,204.14307661570345,-0.0612989682469799,-0.1367596169008967,1.5975611775888137,72.40915010301578,0.4561158602061095,35,1258.5,1258.5,155.9,471.3,1,73.84894108827388,0.0,9.08352595739364,15.711876054226275,0.3560942087836571,0.1561816705191478,0.0,0.8433810208033986,0.0,0.0,73.84894108827388,3,11128.228343963625,70.0983430471942,445.1291337585449,1533.132080078125,991.3398011633578,34.85373317734698,3182,6.244594854668046,0.2195487789452417,23115,1.2700317946748316,145.60477638067334,0.8000116610857628,23,0.1448803745081326,1.303014214461745
NP0436302,Gandaki,Gorkha,Gorkha,1,131.95744716557968,84.5991996161277,27.982853980155955,135.74774854323442,545.103857421875,18461.693801879883,1538.4744834899902,1924.673284816742,1247.639411510121,1483.62978515625,1656.4272418022156,138.03560348351797,725.2886575260784,268.3476867675781,1520.7249755859375,1252.3772888183594,242.55233744698643,21.17026601292533,62.28948832470024,248.92955455172307,-0.1190182466433143,-0.0458547997728579,0.1778014800014881,59.2730517909718,0.4491830742723918,30,1247.4,1247.4,147.8,619.4,1,83.11131180853467,0.0075261533830059,4.997365846315948,9.1141717468202,1.2643937683449988,0.5795138104914578,0.0,0.9257168661097314,0.0,0.0,83.11131180853467,2,5281.057372093201,40.02091193433404,62.86973062015715,803.6748657226562,674.0974473418519,65.78481130209913,1890,5.10844565290807,0.4985304938458881,21167,1.1198302782114715,160.40777125249878,0.8486298441393102,16,0.121251208959228,1.514316061265723
NP0436401,Gandaki,Gorkha,Chumanubri,1,1649.2471969380756,84.83053230523595,28.53373224027236,83.02987102037022,371.89962553977966,11292.06245877035,941.0052048975292,1265.855807609856,795.8173161474141,1055.415449500084,1075.337551996112,89.61146266634266,4404.775845482151,1254.06640625,8043.81494140625,6789.74853515625,1071.577463433299,34.56468441056581,88.29059559936432,101.42184496314826,0.0796164121904095,-0.0160850763244251,0.070254002136585,567.1734684214643,0.3438983976898401,276,1355.6,1355.6,219.5,2195.5,1,14.661292263265551,0.0,24.78341956443268,0.025267717482854,0.0114306340993863,23.341354830946937,25.35615449404404,0.4229334616772952,0.0,11.398147034051258,25.35615449404404,5,5170.73459815979,3.1352089654962354,191.50868882073297,410.5592041015625,392.7676912443678,0.0,467,0.2381496794255974,0.0,3059,0.1993039656482486,1.8547856292732912,0.0120845417241434,48,0.0291041877100745,0.4150231428803462
NP0436402,Gandaki,Gorkha,Ajirkot,1,198.16541905016305,84.68139425813978,28.23696462460045,130.7521660994081,529.2786979675293,17782.2945895195,1481.8578824599583,1793.0834960341454,1268.759741262956,1467.7582817077637,1652.7464028000832,137.72886690000692,2490.843055082343,579.766845703125,5773.9423828125,5194.175537109375,1185.5890608838786,29.620378249416174,70.1451007751256,170.22685357751266,0.0415380002885693,-0.2411531827757552,1.8859454930483932,90.73469626950794,0.4578735114552938,56,1288.8,1288.8,178.8,178.9,1,66.95425361155698,0.0,15.11336276083467,2.207062600321027,0.1454654895666131,4.088081861958266,1.2991573033707866,0.0300963081861958,0.0,10.162520064205458,66.95425361155698,3,4215.708557128906,21.27368426507227,468.4120619032118,1706.1317138671875,330.78279863769467,13.388663792510012,693,1.669225640998247,0.0675630685549674,7412,0.3708508700947577,37.4030950280167,0.1871420714432933,15,0.0756943369428292,4.743506831259661
NP0436403,Gandaki,Gorkha,Barpak Sulikot,1,200.73372195263468,84.73341098552443,28.16249458137968,137.9975838012555,576.9678431919643,18767.67139697075,1563.9726164142292,1922.201073374067,1335.1487426757812,1561.6513017926898,1760.2998222623553,146.69165185519628,1782.900645473583,475.8257751464844,5434.85302734375,4959.027252197266,867.5540217445198,29.479728517710665,71.16641102213372,261.2627885112689,-0.3770417165178998,-0.0579461236172866,1.5369257500399298,78.22234171705317,0.3896821169664287,43,1288.8,1288.8,178.8,178.9,1,84.17721518987342,0.0,8.915150316455696,2.6750395569620253,0.3214003164556962,0.8949762658227849,0.1384493670886075,0.0,0.0,2.8777689873417724,84.17721518987342,2,24355.61842727661,121.33296882236652,347.9374061039516,1456.213623046875,349.2275789513735,13.392311127811864,673,1.7397554110702813,0.0667167977434898,11464,0.5056937980819471,57.110483921107466,0.2519226929899059,15,0.0747258599805139,1.614395999183459
NP0436404,Gandaki,Gorkha,Dharche,1,651.6665640494288,84.92481124203033,28.304597720116178,96.4093735393356,399.5861192183061,13111.67480134964,1092.6395667791369,1393.7134826074948,951.092538234616,1163.462491122159,1296.4969155354934,108.04140962795778,3293.712909348826,623.4200439453125,7296.173828125,6672.753784179688,1239.0990168363242,35.51047073548797,84.46267380956395,310.4438184861357,-0.0500274966970162,0.0426427519998195,0.9496810590512508,222.5242279903269,0.3414694573365414,105,1329.5,1329.5,477.1,3484.1,1,48.79077228630357,0.0,21.74012680467497,0.1237491406309678,0.071805056909327,9.507295088228554,7.391337560155832,0.2230540065693988,0.0,12.151860056527385,48.79077228630357,5,3325.9371223449707,5.103740633365837,69.29035671552022,1658.55029296875,260.72694388725165,0.0,398,0.4000925600158236,0.0,5506,0.2486339920295858,8.449106189806557,0.0381535597721301,15,0.0230179064379038,2.1169010742819165
NP0436405,Gandaki,Gorkha,Siranchowk,1,121.74499355382636,84.60103886475439,28.09117544700744,144.55735822153443,598.0736083984375,19659.80071812868,1638.3167265107234,2023.8677683472636,1368.4934064691718,1613.6341171264648,1784.8328711986542,148.73607259988785,1049.699741599782,395.28851318359375,1971.25390625,1575.9653930664062,339.7605682659224,24.751587667626268,60.74659832673427,319.4550178744672,-0.0156402451626525,0.0182832889907971,1.969630913081631,48.32764798944362,0.3969579904579551,25,1275.8,1275.8,306.6,306.6,1,82.33903830480848,0.0,12.607986960065196,4.417277913610432,0.2118989405052974,0.3259983700081499,0.0,0.0977995110024449,0.0,0.0,82.33903830480848,2,8065.720764160156,66.25094411454471,1344.2867940266926,2030.36474609375,478.5693096283406,54.84490077031039,1248,3.9309157252265465,0.4504899886997172,10031,0.5075068376644064,82.39353181751211,0.4168605400927846,20,0.1642778024474371,1.02841420878783
NP0436406,Gandaki,Gorkha,Aarughat,1,160.84920835597364,84.85002268949223,28.120596670284996,135.94602462532472,568.5596618652344,18488.659349044163,1540.721612420347,1953.0108588536584,1319.5614915327592,1601.4560139973958,1769.978893995285,147.49824116627374,1641.591750839517,475.5,3378.931884765625,2903.431884765625,752.5284666575802,28.580195284013875,73.43449567647448,281.4810036618208,-0.0661228295619819,0.0134300128706877,0.0190908845973635,66.03468060648407,0.4105378029610406,33,1295.2,1295.2,399.3,3989.2,1,85.09665863751466,0.0,11.673151750972762,2.445803224013341,0.2532271014761287,0.2408745599407078,0.0,0.2902847260823915,0.0,0.0,85.09665863751466,2,13726.592380523682,85.33826507958626,428.95601189136505,1373.641845703125,260.09470236251747,8.083921812639387,471,1.617009527251789,0.0502577656133,7089,0.3142145703123249,44.07233378675642,0.1953472904989,20,0.124340058645102,2.5262495367796816
NP0436407,Gandaki,Gorkha,Bhimsenthapa,1,101.29978510149128,84.74028506589805,28.011668552850104,164.4513244465286,707.4777425130209,22365.38012472789,1863.7816770606569,2289.806888739268,1575.2524968927555,1861.200225830078,2086.0371338526406,173.83642782105338,753.4555325074615,379.5,1243.7410888671875,864.2410888671875,175.2029878937964,21.11212047423717,57.05534681074863,165.21991179975933,0.0371488716351486,-0.1408009464132034,0.3230835941968092,36.89699900984312,0.3642357086234326,20,1295.2,1295.2,399.3,3989.2,1,83.7495084545812,0.0,6.370428627605191,8.798662996460873,0.2654345261502162,0.0983090837593393,0.0,0.7176563114431773,0.0,0.0,83.7495084545812,3,12049.639488220217,118.95029664818932,365.1405905521277,2568.713623046875,321.9052420684987,65.57983585519395,671,3.177748518873805,0.647383760878566,7845,0.3800281992568649,77.44340219616626,0.3751520290750058,19,0.1875620958224549,2.3485033150477603
NP0436408,Gandaki,Gorkha,Shahid Lakhan,1,149.06390590759096,84.63325763064393,27.926138494690072,136.53435319662094,561.6010498046875,18568.672034740448,1547.389336228371,1927.665465259552,1273.181250416149,1503.8135864257813,1667.508452129364,138.959037677447,819.2263093059395,228.0,1708.5736083984375,1480.5736083984375,268.3701260659367,25.91708562160773,60.985117192648005,158.35919611594642,0.011721778231812,-0.0295443425966023,1.4729537608638077,57.48627296948781,0.3856485083996471,25,1241.2,1241.2,138.6,11929.8,1,88.76254180602007,0.020066889632107,4.354515050167224,5.752508361204013,0.3879598662207357,0.0869565217391304,0.0,0.6354515050167224,0.0,0.0,88.76254180602007,2,11411.223571777344,76.55255980513145,543.3915986560639,4255.13330078125,626.4626740960182,49.647503000482885,1423,4.202644968154669,0.333061868318819,13552,0.5815926080853785,90.91402722535176,0.3901632689310614,20,0.1341706423042381,1.266379536938428
NP0436409,Gandaki,Gorkha,Gandaki,1,123.93221907411152,84.70742340191926,27.859240770786187,138.6368954518262,579.19501953125,18854.617781448364,1571.2181484540304,1954.9165006637568,1311.057949412953,1552.5586608886715,1724.9006658554076,143.7417221546173,809.4085976318937,252.49786376953125,1714.2010498046875,1461.7031860351562,319.9386072647323,26.85653524105894,67.5384274437748,119.96817690942478,0.0440399338966583,-0.0253938640630984,1.1666425906477311,60.91017052447262,0.4914797054351807,35,1241.2,1241.2,138.6,11929.8,1,87.06459657308342,0.0563108358136915,3.837181240447269,7.264097819966213,0.185021317673558,0.2493765586034912,0.0,1.343415654412356,0.0,0.0,87.06459657308342,2,17308.586597442627,139.66171772565522,432.7146649360657,3056.0830078125,395.5611989435577,0.1564566052978034,591,3.1917543468418974,0.0012624368906381,6005,0.2887246522434306,48.45390524645579,0.2329698075290439,26,0.2097920959879851,1.2497835903152286
NP0437301,Gandaki,Lamjung,Madhya Nepal,1,113.9915435706756,84.26183626845777,28.14951545859377,179.92511308631475,706.9372253417969,24469.815379738808,2039.1512816449008,2597.684814095497,1667.9412942366166,1986.2205352783203,2239.857050061226,186.6547541717688,777.466222660892,370.0,1513.0108642578125,1143.0108642578125,247.83693435956675,23.256589437607957,68.6055672266081,201.9223924783404,-0.0815930426355613,-0.202740076520051,0.0844529119657825,65.57123078056384,0.575228904939858,35,1283.3,1283.3,197.5,197.6,1,75.71218287297602,0.0,14.105117326175426,8.251796692354317,0.2943977833578665,1.1429561000952464,0.0,0.4935492250411291,0.0,0.0,75.71218287297602,3,11635.947784423828,102.0772894193634,179.01458129882812,2472.076416015625,313.14505008454336,37.85598703807925,523,2.747090181214987,0.3320946962579575,4802,0.2772519822320833,42.12593188566417,0.2432215351660581,7,0.0614080639732713,2.3979889742682143
NP0437302,Gandaki,Lamjung,Bensishahar,1,127.76690659732976,84.38026964438214,28.217375333054846,192.893576980689,795.3989013671875,26233.526469373704,2186.127205781142,2711.1616218090057,1852.291956676136,2163.4113647460936,2388.054871082306,199.00457259019217,1153.625717163387,547.798095703125,2580.796875,2032.998779296875,357.07952759560004,25.996930959089816,71.73709619890946,88.31974331470511,0.0667218675335005,0.0019572473698913,0.5836175792809628,50.0946131531443,0.3920781561302295,29,1290.9,1290.9,111.7,3040.0,1,83.13074645472962,0.0,9.778712794140564,4.386785102072619,1.0129343930185446,0.989558983948886,0.0,0.7012622720897616,0.0,0.0,83.13074645472962,2,18909.54182815552,148.0003103444528,93.15045235544588,1120.9918212890625,345.45923727954903,54.297866705415466,599,2.703824069000109,0.4249759828383468,9809,0.6743557543302924,76.772618679061,0.5278015820290557,22,0.1721885626403651,0.3443847408091511
NP0437303,Gandaki,Lamjung,Sundarbazar,1,72.12367624173201,84.36933708038124,28.153092215043472,181.6650554619584,714.4401041666666,24706.447542826336,2058.8706285688613,2607.118288675944,1664.6305074980764,1986.6144714355469,2259.7493850390115,188.31244875325092,901.402761113615,483.5,1625.181640625,1141.681640625,236.0010868401436,22.142098393880573,65.24399676198844,155.95021167473757,0.0911866304399766,-0.2043304868839278,0.1118164664512083,36.205876585244425,0.5019971037512794,16,1275.8,1275.8,166.2,3559.5,1,73.89993145990404,0.0,15.257025359835504,9.458533241946538,1.0418094585332418,0.1644962302947224,0.0,0.1782042494859492,0.0,0.0,73.89993145990404,3,13153.813808441162,182.378582094934,100.41079243084856,1811.843505859375,328.7317176897433,32.17819877954838,843,4.557889098552819,0.4461530589719096,10607,0.6741530413702661,147.06682399894925,0.9347180794150776,18,0.2495713049854894,2.0572593608788683
NP0437304,Gandaki,Lamjung,Rainas,1,72.03053383208284,84.495507946838,28.116580201499573,145.79892519642326,601.3717854817709,19828.65382671356,1652.3878188927968,2068.7700667381287,1368.731446699663,1631.725026448568,1785.21342420578,148.76778535048166,918.6702270814131,423.0,1673.6517333984375,1250.6517333984375,313.6032270992512,22.45592350547968,58.43225801852065,189.499202434876,-0.0252439629907295,-0.1508648753189909,1.2490812372453812,44.015433711630266,0.6110663265975341,23,1275.8,1275.8,306.6,306.6,1,79.97805814591334,0.0,9.133296763576524,9.42128359846407,0.5485463521667581,0.3291278113000548,0.0,0.589687328579265,0.0,0.0,79.97805814591334,3,6461.283393859863,89.70200622033941,201.91510605812076,398.498046875,291.6710490967187,19.70142708341172,658,4.049269574714809,0.2735149392247956,6180,0.3639371466244677,85.79694847752732,0.5052539905824881,5,0.0694150068588408,1.452119125206908
NP0437401,Gandaki,Lamjung,Kwhola Sothar,1,175.58252547126577,84.25136461774795,28.291461306708182,180.2390049993992,701.7126617431641,24512.50467991829,2042.708723326524,2506.7228161096573,1713.0536705363882,1967.0434799194336,2267.726980686188,188.97724839051563,1836.5473412674128,571.6898803710938,4658.3017578125,4086.6118774414062,825.5211417847075,29.54530540679712,68.90754186723673,200.2852115089772,-0.0772857562849047,-0.209096393849943,1.1396746112729026,74.77297936461808,0.425856611664096,45,1283.3,1283.3,197.5,197.6,1,89.0228783951313,0.0,8.542770201735603,0.6367632142454638,0.1577820353882565,0.1014313084638791,0.0,0.0281753634621886,0.0,1.5101994815733122,89.0228783951313,2,1778.975679397583,10.131849252212254,61.34398894474424,243.01715087890625,181.63150012975296,17.217081902509165,244,1.0344508922072493,0.0980569214179958,1879,0.0996001550675503,10.701520524076868,0.0567255510195119,10,0.056953275806689,2.3477654144151576
NP0437402,Gandaki,Lamjung,Marshyangdi,1,597.8174015461418,84.416100279997,28.38439579851766,149.15337513199373,611.5342261904761,20284.85901795115,1690.4049181625958,2049.4765709014164,1453.803540118329,1670.8880607968283,1834.13598610106,152.84466550842163,2903.440374489929,730.9385986328125,7484.0107421875,6753.072143554688,1182.510111483202,32.32877201860415,77.22670709130581,232.9882118387188,-0.0800173333424753,-0.0603232009450846,0.1131843174350268,246.84079460960123,0.412903327957992,148,1314.2,1314.2,116.7,2545.8,1,62.850475079179866,0.0,19.84664110685114,0.3950658443073846,0.0550091681946991,4.395732622103684,3.4839139856642776,0.1366894482413735,0.0,8.836472745457575,62.850475079179866,3,5433.254669189453,9.08848530527443,905.5424448649088,1947.4237060546875,362.8623898454294,25.195010455716517,591,0.6069786341229852,0.0421449934219953,5354,0.2749964239725566,8.955911932561499,0.0460000701320052,26,0.0434915409500558,1.3227607308228166
NP0437403,Gandaki,Lamjung,Dordi,1,351.2032485751003,84.54592730738503,28.29262591789282,147.74736647696054,597.9638126918247,20093.641840866632,1674.4701534055528,2033.6054519074305,1411.5878142815131,1631.929830278669,1824.7502511569432,152.06252092974526,2903.255745109468,514.068115234375,7854.2685546875,7340.200439453125,1570.603274731056,32.01765197248514,75.12225642239592,217.48387138128703,-0.150717077761441,-0.1965328453379004,0.3697047702409822,134.83471367787044,0.3839221710645361,77,1309.4,1309.4,190.4,190.4,1,57.3620152844608,0.0,14.86272289838664,0.7670534956127937,0.0679309368808378,7.0251910557599775,9.90376450608548,0.1330314180583074,0.0,9.878290404755166,57.3620152844608,5,6862.3730545043945,19.539605861695108,1372.4746109008788,3537.408935546875,318.2503539933734,33.42080094619287,595,0.9061714414219596,0.0951608536703106,4934,0.2356455122128566,14.048844992232262,0.0670966208794811,0,0.0,9.103766803240784
NP0437404,Gandaki,Lamjung,Dudhapokhari,0,153.43822489778563,84.58612511532706,28.215998076603658,146.0666095358484,588.772265625,19865.05889687538,1655.421574739615,2027.3324361324312,1406.0310055819425,1641.0699279785158,1815.26068315506,151.271723596255,2123.551333372597,636.1405029296875,4829.0888671875,4192.9483642578125,913.9737251665696,28.089158810832,64.68533573083006,143.10598063654965,0.2236876698493648,-0.2979887807983816,0.6644540060668042,41.414128966056616,0.269907508338584,26,1275.8,1275.8,306.6,306.6,1,78.50686089614359,0.0,14.020940365480913,0.8519217012421149,0.1560772582428302,0.832412043961761,0.0,0.0,0.0,5.63178773492879,78.50686089614359,3,1819.3757934570312,11.857382960921417,202.1528659396701,231.1828765869141,272.04460763055494,33.701422775727124,644,1.7729911031738024,0.2196416362231618,4317,0.2319025135191912,28.13510129484235,0.1511373803194578,24,0.15641473965166,1.460085523410648
NP0438401,Gandaki,Manang,Ngisyang,0,695.674640423931,84.02216645837991,28.65943924400917,102.45600156054256,481.4471220793548,13934.01621223379,1161.1680176861494,1431.7464969687992,989.0616291958074,1183.3701386628327,1297.8512748612295,108.15427290510247,4853.882272800021,2708.361572265625,7881.345703125,5172.984130859375,844.0073785949292,30.75446625112623,79.15375418341804,33.12073465370367,0.0392490243073933,0.06016028088022,0.4324083169638807,243.833056664505,0.350498699386135,125,1386.5,1386.5,158.3,158.4,2,5.340484409323025,0.0,20.431917382249736,0.0028528228682281,0.0213961715117108,34.9099934385074,31.149972898182757,1.2837702907026505,0.0,6.859612586654494,34.9099934385074,5,746.6317043304443,1.0732484137634528,24.88772347768148,90.47352600097656,312.8336820078619,0.0,519,0.4496838950708724,0.0,2354,0.168539149380239,3.383765719224028,0.0242267203067132,23,0.0330614322608974,0.7457283547453651
NP0438402,Gandaki,Manang,Narpa Bhumi,1,838.5487127419045,84.23045312560996,28.76938194025647,88.734786965985,425.9881493353074,12067.93102737396,1005.66091894783,1303.4337105058855,850.6802913408475,1063.7105282199,1097.5824233178168,91.4652019431514,5235.329185110156,2870.21435546875,7089.21728515625,4219.0029296875,650.6539706334285,30.106618873445417,84.91768185390906,231.51839574571687,-0.0506168963913019,-0.0402359702262198,0.0121710593883206,255.12406003191637,0.3042447697495191,94,1368.0,1368.0,276.0,276.2,1,0.9138997780191754,0.0,12.531289850281018,0.0,0.0,46.34322013885609,36.85826288197232,0.2113540830302744,0.0,3.1419732678411187,46.34322013885609,3,0.0,0.0,0.0,0.0,145.36880446830656,0.0,209,0.1733576144824986,0.0,655,0.0335932119831239,0.7811114489202028,0.0040061133566445,11,0.0131179021956064,4.15206868859804
NP0438403,Gandaki,Manang,Chame,0,78.95160212462702,84.25318306859721,28.51777103257328,131.00412553548813,568.0501912434896,17816.561072826385,1484.713422735532,1806.529335975647,1278.5368245442708,1495.9546966552734,1658.034422556559,138.1695352130466,4156.865220597319,2280.629150390625,6970.91259765625,4690.283447265625,936.2712250543336,32.116896499453425,85.02667617401916,16.73472175571905,0.1538785070912919,0.5117767688112179,1.2987797175735518,21.01059094103381,0.2661198807323515,18,1351.6,1351.6,417.9,726.2,1,20.76441102756892,0.0,21.81704260651629,0.037593984962406,0.037593984962406,18.59649122807017,23.47117794486216,0.4636591478696741,0.0,14.812030075187971,23.47117794486216,5,639.5653953552246,8.100727257512204,53.29711627960205,77.2431640625,30.449831541875717,0.0,97,0.3856771835207336,0.0,892,0.0581343826868682,11.298060786555748,0.0736329360297232,6,0.0759959245732449,3.805599321250151
NP0438404,Gandaki,Manang,Nason,0,710.2545326801383,84.41218188141295,28.58901686735304,112.55704823220478,509.249208984375,15307.75855957985,1275.646546631654,1628.4909962081908,1099.914767705744,1352.2360583496093,1403.844835987091,116.98706966559092,4430.414939281911,1475.9979248046875,8037.6123046875,6561.6143798828125,1079.9755598207637,33.47138483180384,82.52061399110647,212.19748103774407,-0.089540260704818,-0.142201385217799,0.6427551601465891,271.6140954441675,0.38241796841371,126,1348.6,1348.6,110.6,110.6,1,15.470215710670898,0.0,26.33962897205408,0.0069899763738798,0.0027959905495519,14.430107226237576,29.603947938655967,0.4124086060589115,0.0,13.733905579399142,29.603947938655967,5,881.4559173583984,1.2410422979382243,220.3639793395996,308.169677734375,131.15320302516608,0.0,218,0.1846566223664364,0.0,1059,0.0701918102765618,1.4910147718506974,0.0098826275717936,22,0.030974811124377,0.7606165019038195
NP0439101,Gandaki,Kaski,Pokhara,0,464.9639410958446,83.98924983127684,28.21043541166693,216.4918681274661,800.4149703979492,29442.894065335397,2453.574505444616,3078.788521751761,2060.0247215791182,2445.223976135254,2761.177242100239,230.09810350835323,1036.5321054596534,494.0,2656.566650390625,2162.566650390625,344.3963860250469,19.04453155063743,69.54021036473833,153.51345175245996,0.0560744675654093,-0.1125341387724804,0.3322867587962804,218.43058286551988,0.4697796185027046,97,1312.4,1312.4,158.5,158.5,2,64.79566715903495,0.0021407317020957,11.123241924089651,13.34960289426926,7.466872176910068,0.7492560957335217,0.0,2.513219018260441,0.0,0.0,64.79566715903495,4,286988.2666070461,617.2269314705595,44.96134523061979,3957.69921875,2590.445809342544,422.1983231789805,8695,5.571283233786438,0.9080237968215932,140779,12.15268603124198,302.7740165575136,2.613683547717716,187,0.4021817252307165,0.2336749417704066
NP0439401,Gandaki,Kaski,Annapurna,1,418.4860874093403,83.8250890325613,28.4422721552966,159.40172030810825,589.302730984158,21678.633961902724,1806.5528301585605,2237.7707275946937,1496.5175971984863,1746.9901580810547,2072.434920496411,172.70291004136757,3427.557837627856,824.940673828125,7898.662109375,7073.721435546875,1605.644140544313,32.436330352019986,78.7781011924406,155.55158898486513,0.1230491138642217,-0.2706521697212966,0.6214483776107486,154.63004483779432,0.3694986511858484,75,1426.1,1426.1,147.0,301.7,1,47.41724997034049,0.0,9.830347609443589,0.5931901767706727,0.1803298137382845,5.886819314272156,23.88658203820145,0.0711828212124807,0.0,12.13429825602088,47.41724997034049,5,8835.331298351288,21.112604610219808,304.666596494872,5435.89404296875,548.2562515667239,65.43748292799786,1083,1.3100943330296413,0.1563671646364446,10901,0.6401475086215239,26.048655685265917,0.1529674528929719,212,0.5065879281970804,1.5231941389916366
NP0439402,Gandaki,Kaski,Machhapuchchhre,1,545.4563523637628,83.9609612731697,28.43598791405704,158.11814184242357,612.5759919819079,21504.067290569605,1792.0056075474674,2160.2393815140977,1527.9605915854422,1719.3534690455383,2046.8221703956,170.56851419963334,3306.82956372588,1019.7442016601562,7536.57275390625,6516.828552246094,1450.483863185535,32.82128259947713,87.68007355484656,207.7528036311348,-0.0863809149654649,-0.1641636189989529,0.8361549107890547,226.165256179808,0.4146349294489089,120,1342.5,1342.5,128.8,262.0,2,47.77184571802135,0.0,12.856831553715406,1.7451151303842525,0.1125880729280162,9.025205200842594,17.354906660855672,0.4212973051499964,0.0,10.712210358102707,47.77184571802135,5,13576.469992637634,24.89011253385044,53.03308590874076,334.33563232421875,435.5737208910355,30.99019769469715,710,0.798549176306142,0.0568151742305311,9351,0.5661645539087455,17.143443209483156,0.1037964910400699,33,0.0604997995843165,7.473268218557352
NP0439403,Gandaki,Kaski,Madi,1,563.766014423232,84.13710349521186,28.36592959628899,165.62415114236387,638.3460415926846,22524.88455536149,1877.0737129467907,2291.297424554825,1588.5013245511648,1818.826100436124,2114.7738233262844,176.23115194385704,2912.2863408350745,517.87451171875,7887.021484375,7369.14697265625,1646.0966748353608,30.231433462030893,79.51276636039464,184.7083392554353,-0.0163257907129317,-0.1982211464775848,0.3538169952812542,257.3227848292713,0.4564354328675322,120,1289.9,1289.9,488.9,488.9,1,64.47777992719344,0.0,9.874610906916624,0.812479116472926,0.0439653201554613,4.635703357191847,14.515590102527126,0.1758612806218455,0.0,5.464009988920739,64.47777992719344,4,2616.181900024414,4.6405456041917175,218.01515833536783,347.4338684082031,451.38945391573696,27.821880355463847,534,0.8006680827994512,0.0493500488565763,6108,0.3238946545357271,10.834282031436157,0.0574519652212614,35,0.0620824936313466,0.9735523678810764
NP0439404,Gandaki,Kaski,Rupa,1,94.9383155365368,84.17303999521938,28.14230567378072,178.98488021247528,703.13818359375,24341.94370889664,2028.49530907472,2564.4428839683533,1710.9195145115707,2002.0765787760413,2221.134997367859,185.09458311398825,770.4653401743168,382.6877746582031,1420.135986328125,1037.448211669922,208.0614336905694,24.1777266436006,64.32065702723686,153.61961997572013,0.0596109220678891,-0.1201887460363237,0.0971705509292352,44.68991794194661,0.4707258359218286,19,1258.2,1258.2,310.2,1132.8,1,81.26574307304786,0.0,10.768261964735515,7.178841309823677,0.0944584382871536,0.4198152812762384,0.0,0.272879932829555,0.0,0.0,81.26574307304786,3,2396.76176071167,25.245463300739537,140.98598592421587,246.8759613037109,304.44653126233084,91.68351655683313,469,3.2067825254932534,0.9657166976124504,7701,0.4058112560042907,81.11582722400723,0.4274472890222232,23,0.2422625666994113,2.901745180809398
NP0440301,Gandaki,Tanahu,Shuklagandaki,1,165.00791344302985,84.06652842905665,28.064774046663672,180.21124469298945,669.6478474934896,24508.729278246563,2042.394106520547,2635.3133159478507,1710.8522750392106,1999.1104431152344,2171.136887550354,180.9280739625295,754.143197708809,430.5,1542.427001953125,1111.927001953125,200.08077798529465,23.007908889233097,63.75401637301739,184.2271677056561,-0.0081971890438313,-0.1109044877191131,0.1291002562325138,82.26603266247925,0.4985581051594969,37,1287.2,1287.2,27.3,1169.5,2,81.97807493073124,0.0060233706782315,5.848692928562824,9.029032646669076,1.7166606432959883,0.7167811107095531,0.0,0.70473436935309,0.0,0.0,81.97807493073124,3,29030.02899456024,175.9311319610321,44.938125378576224,301.4515686035156,647.9218232847188,76.70291230714969,1642,3.92661060772954,0.4648438411629992,15622,1.019684836315495,94.67424727719866,0.6179611723091986,20,0.1212063081259744,0.7281778691659151
NP0440302,Gandaki,Tanahu,Byas,0,248.0193522842453,84.28524888949235,28.01314034009082,165.7383162979694,652.7360229492188,22540.41101652384,1878.36758471032,2447.8640316724777,1539.4355146234686,1865.112648010254,1979.5249740481377,164.96041450401148,606.7175437954799,259.5,1637.697998046875,1378.197998046875,201.89904049612855,22.113930157191977,64.45374726229936,222.51405663320824,-0.0819298810451609,-0.0893667487809096,0.7427151065739259,104.29471635266172,0.4205103972416379,45,1244.4,1244.4,180.3,2831.0,1,82.81212508997841,0.1999520115172358,5.330720627049508,8.841877949292169,0.8557946092937694,0.9317763736703192,0.0,1.0277533391985922,0.0,0.0,82.81212508997841,3,55294.70722579956,222.94513196868792,216.84198912078256,3832.19775390625,980.301214286456,113.37024937993192,2492,3.952519048444942,0.4571024330795071,26522,1.4654548049394005,106.93520386910846,0.5908630884818616,15,0.0604791515736606,4.331186104921725
NP0440303,Gandaki,Tanahu,Bhanu,1,184.4763857623497,84.39669868246446,28.054000376751503,166.4912016163854,657.5352478027344,22642.80341982841,1886.900284985701,2418.5063083171844,1529.539522113222,1846.6280670166016,2040.269174655279,170.02243122127322,720.9949796864978,353.2413024902344,1647.5711669921875,1294.3298645019531,215.3755903678832,19.07750922923866,60.6235440997173,142.51352109242185,0.0972536614437808,-0.1268053882162901,0.7646339248925736,62.74615291683058,0.3401310832144274,36,1262.2,1262.2,106.4,106.5,1,76.35903237972092,0.0,11.610365820807068,11.260169171919616,0.414848337912828,0.0161629222563439,0.0,0.3394213673832228,0.0,0.0,76.35903237972092,3,25035.767723083496,135.71258792621637,463.6253282052499,1462.580322265625,678.302507511574,73.75845987187614,1691,3.676906964045751,0.3998260241660139,16300,0.909819697251897,88.3581924734711,0.4931903308339774,5,0.0271037400225371,3.0522338268062223
NP0440304,Gandaki,Tanahu,Bhimad,1,129.489728272354,84.04279278951847,27.96550131578269,152.74289688187486,630.8067016601562,20773.03397593498,1731.0861646612484,2307.061948728561,1458.8446841153232,1740.7376068115234,1704.2127513885498,142.01772928237915,702.8518537670464,347.1932373046875,1343.9139404296875,996.720703125,176.05635657002077,24.29662148669226,64.95015737687392,91.73133712442454,0.111633213994264,-0.003374307447851,0.1687192857967143,52.62436880967635,0.4063980171384113,18,1258.2,1258.2,247.3,1517.9,2,84.57707631014404,0.1379098988660741,4.865154765553172,9.09439166411278,0.5976095617529881,0.2758197977321483,0.0,0.4520380018387986,0.0,0.0,84.57707631014404,2,12780.089298248293,98.69577663618308,216.61168302115743,1425.083984375,627.0757920506132,66.29534478122947,2065,4.84266822100123,0.5119737732539786,10098,0.541559899507941,77.98301946206121,0.4182261456050671,6,0.0463357216055028,1.0930620131951163
NP0440401,Gandaki,Tanahu,Myagde,1,115.5152203959986,84.16582247476734,28.000371760574836,170.0222977420863,692.6434692382812,23123.032492923736,1926.9193744103115,2558.3136129379272,1619.4335526899858,1954.103131103516,1964.95911064148,163.74659255345662,634.4848824020283,316.5,1081.9771728515625,765.4771728515625,144.97100964305656,23.906837680471167,64.53388241029917,164.8065276149024,0.0119963616237677,-0.0441738359866289,0.271909638018064,43.41395362094013,0.3758288602325514,21,1258.2,1258.2,247.3,1517.9,1,88.42576644850155,0.1205649328281088,3.2638649672752327,6.519118153634172,0.4736479503961419,0.2583534274888047,0.0,0.9386841198759904,0.0,0.0,88.42576644850155,2,17136.539840698242,148.34876115850656,285.6089973449707,4923.85546875,417.3551524496466,51.87381564257977,1194,3.6129884098295295,0.449064767956558,8285,0.4367572079068442,71.7221503071035,0.3780949440338629,13,0.1125392823165172,0.7637704560936855
NP0440402,Gandaki,Tanahu,Ghiring,0,126.53819075815606,84.05193959847135,27.89312575512595,166.64676187713357,746.2892150878906,22663.959615290165,1888.6633012741804,2556.619657635689,1578.2794896906073,1914.0187072753904,1823.805657863617,151.98380482196808,562.5368170092621,261.5,1140.599609375,879.099609375,163.7841020627087,22.84042174921002,62.08435180098655,160.39087566390492,0.0501470726654021,-0.1407584044994894,0.0565636956005523,53.47693658099234,0.4226149928380058,21,1258.6,1258.6,174.2,11290.7,2,88.23162652949887,0.5377601122281974,1.6600420855740003,7.442911698230848,0.1013171225937183,0.529966487413296,0.0,1.4963759644610708,0.0,0.0,88.23162652949887,2,7555.530804634094,59.709489754555385,87.8550093562104,2055.487548828125,447.8116893379943,60.78595627050789,1246,3.5389449355559908,0.480376366267825,6943,0.2850919507350549,54.86881042316852,0.2253011118832353,3,0.0237082574203522,3.935341129526907
NP0440403,Gandaki,Tanahu,Rhishing,1,215.32513446221583,84.21978729545717,27.89810653898113,164.19408918018726,658.6639404296875,22330.39612850547,1860.8663440421224,2515.6293048858643,1496.8967807076194,1830.125982284546,1861.992211997509,155.16601766645908,642.706674119666,225.0,1273.2540283203125,1048.2540283203125,202.98566034782573,27.20069342858335,73.41168152469695,184.37374448319105,-0.0056422763316558,-0.0737698416238068,1.2155265676438782,83.18587623342597,0.3863268282227545,44,1258.2,1258.2,247.3,1517.9,1,91.26244928070822,1.383253412025083,1.9503873109553669,4.00682405016599,0.1291036517890077,0.2535964588712652,0.0,1.014385835485061,0.0,0.0,91.26244928070822,1,6352.54674911499,29.502114395426997,97.73148844792291,424.23974609375,598.0431031134248,0.0,1424,2.777395702582813,0.0,10696,0.3766707210105933,49.67371796475938,0.1749311439889938,16,0.0743062348014351,1.8190197834447024
NP0440404,Gandaki,Tanahu,Bandipur,1,101.64118591727652,84.3938978573426,27.91884541243267,141.52761298418045,567.8544464111328,19247.75536584854,1603.9796138207118,2105.9772201776505,1257.0163822174072,1546.2842979431152,1646.367824435234,137.19731870293617,717.1164146276001,228.0,1628.524658203125,1400.524658203125,227.90347571224763,24.81797820251962,67.20754613342825,263.36089875959703,-0.0596701816429269,-0.0069453456369443,0.4515896476223692,44.39755149657135,0.4368067048401571,26,1227.6,1227.6,169.1,3000.1,1,82.36849838377903,0.4701733764325595,4.447056518757959,11.27436575570575,0.666078949946126,0.1567244588108531,0.0,0.6171025565677344,0.0,0.0,82.36849838377903,2,11829.37434387207,116.38367101993214,537.6988338123668,2309.022216796875,337.2863354208025,38.58319022976172,841,3.318402204548383,0.3796019288988197,7477,0.3704945017875737,73.56269933809472,0.3645121792352077,6,0.0590311884483841,2.4714486002753384
NP0440405,Gandaki,Tanahu,Aanbu Khaireni,1,128.10931280057804,84.4856239482778,27.87548210424789,140.54744467384674,577.0906860351563,19114.45247564316,1592.87103963693,2066.4293912887574,1284.719821583141,1555.27626953125,1623.704207801819,135.3086839834849,872.6902566359197,203.0,2126.50146484375,1923.50146484375,395.29534125609047,31.66747365028412,69.8379726767763,135.81140414408802,0.057324944558553,-0.0589720142723297,1.456740791171861,64.16184401836044,0.5008366887287755,32,1227.6,1227.6,169.1,3000.1,1,85.9642271342654,0.6795282355697884,7.0998984612981335,4.030305397172538,0.734202921190346,0.2265094118565961,0.0,1.265328438647192,0.0,0.0,85.9642271342654,2,11446.153335571287,89.34677023355044,187.64185796018504,420.4153747558594,334.2798414755472,17.500879023425853,779,2.609332874932406,0.1366089524706816,6907,0.4080468646738375,53.91489384344614,0.3185145995662514,1,0.0078058337691394,6.067659078510936
NP0440406,Gandaki,Tanahu,Devghat,0,159.61219422619064,84.3720356661491,27.81035276299965,149.12564808200386,631.5570190429687,20281.088139152525,1690.0906782627103,2270.2328187942503,1357.9826363303446,1686.2654022216798,1692.6154715538023,141.0512892961502,666.3573187184858,182.0,1632.3787841796875,1450.3787841796875,325.4108689436674,29.82500715961634,70.5447946474133,149.48511210386914,0.0044438309287421,-0.0075396472476162,1.1388178875863502,62.04091063045102,0.38869781178831,32,1227.6,1227.6,169.1,3000.1,1,90.77836824007504,0.3438574554548296,1.3379180994060644,4.40137542982182,0.1625507971241012,0.5564238824632698,0.0,2.419506095654892,0.0,0.0,90.77836824007504,1,12446.660123825071,77.98063414996089,144.72860609098922,730.6029052734375,341.287441448184,7.899726410764819,843,2.1382291190392166,0.0494932511207126,6646,0.2698148926776464,41.63842262942504,0.1690440345023292,3,0.0187955564081063,3.561568426281965
NP0441301,Gandaki,Syangja,Putalibazar,1,147.4598016964187,83.89281884790594,28.09838843757632,189.7877025729885,687.1531575520834,25811.12754992644,2150.927295827204,2750.7404272953668,1794.3736879753344,2128.228815714518,2302.147006591161,191.8455838825968,1063.4042431119724,553.51806640625,1928.253173828125,1374.735107421875,227.88682888687413,25.74535028868349,70.04402391550893,144.0535179305507,0.0154422146030229,-0.0212961880175661,0.4098027304371202,60.89014018315697,0.4129270450838792,28,1406.3,1406.3,170.7,170.7,2,83.45226874915848,0.0,7.082267402719807,8.206543691934833,0.3702706341726134,0.8145953951797495,0.0,0.0740541268345226,0.0,0.0,83.45226874915848,3,2742.0848846435547,18.59547383827894,58.342231588160736,177.7053985595703,408.249020369146,79.88579655068091,685,2.7685444824456247,0.5417462632639704,9820,0.5450498469719969,66.5944202218366,0.3696260544918624,19,0.1288486745636349,1.779650344626353
NP0441302,Gandaki,Syangja,Bhirkot,1,78.38193264401298,83.77245875269256,28.039690330999875,182.17611753370832,727.0267028808594,24775.95198458433,2064.662665382028,2772.228025853634,1697.377774325284,2023.3206672668457,2125.596399009228,177.133033250769,1128.9296906462505,634.759765625,1823.923828125,1189.1640625,269.4065070394756,27.305285491503103,67.4006205666051,131.6285372529131,0.01293730764166,-0.0114978072924815,0.4740063026064095,27.006368728018693,0.3445483903882984,18,1393.0,1393.0,149.5,320.1,1,81.10196326789108,0.0,8.448385053831538,9.246358454718177,0.2153261557948068,0.5573147561747942,0.0,0.4306523115896137,0.0,0.0,81.10196326789108,3,2626.726776123047,33.51189091053477,656.6816940307617,1282.654541015625,229.549290671689,32.56992692592334,279,2.928599524513288,0.415528500347728,5961,0.3315089608253008,76.05068922034697,0.4229405293320773,28,0.3572251800318261,0.2328577299038632
NP0441303,Gandaki,Syangja,Galyang,1,122.95969233761502,83.67215410738845,27.9548414499796,150.71905702761575,725.6487426757812,20497.79175575574,1708.1493129796452,2373.6636629104614,1450.3101910677824,1826.206095377604,1651.4747246106465,137.62289371755386,882.4100721872894,348.5,1811.3526611328125,1462.8526611328125,297.9915972735172,28.38116713475106,69.65305607025303,204.27455513697967,-0.0859558474459303,-0.1905967367460647,0.7618634423145552,52.571494851643415,0.4275506375479201,18,1363.5,1363.5,155.7,476.0,1,85.50243111831442,0.0972447325769854,8.743922204213938,3.4197730956239867,0.2836304700162074,0.3322528363047001,0.0,1.6207455429497568,0.0,0.0,85.50243111831442,2,24137.19477748871,196.3016848742132,754.2873367965221,3349.219482421875,457.2874806606021,57.64897747255507,980,3.719003129944492,0.4688445162522537,12456,0.5570136228853827,101.30148964425752,0.4530050557998872,20,0.162654928780118,1.4055968669432368
NP0441304,Gandaki,Syangja,Walling,1,128.6422754769025,83.76677262557406,27.98429587904297,174.42668466664412,765.3814697265625,23722.0291146636,1976.8357595553,2687.015589952469,1674.7709851698442,2050.707359313965,1931.1137995123863,160.92614995936552,1052.585359399008,527.900146484375,1817.478271484375,1289.578125,230.27597758094944,27.560694844209465,66.04933043904789,158.9666248233785,0.0307940383151722,-0.0800817521142109,0.2437297062420151,45.02217096406838,0.3499795910571562,19,1363.5,1363.5,155.7,476.0,1,77.79664942484366,0.0,12.81556396201652,8.01358758588744,0.7565814869142284,0.2238863583725778,0.0,0.3937311819655678,0.0,0.0,77.79664942484366,3,5730.649255156517,44.54716953592324,11.86469825084165,1225.0125732421875,509.1038828156709,44.2436926874778,704,3.957516150334884,0.3439280945821086,24676,1.1932676160440874,191.81874627544607,0.9275859056600227,14,0.10882892072687,0.5663492024693194
NP0441305,Gandaki,Syangja,Chapakot,0,120.79915025170202,83.85650606138567,27.91222873838159,159.1826012219284,721.1689249674479,21648.833766182262,1804.0694805151888,2439.15314745903,1522.1431068651605,1856.0797424316409,1694.999350865682,141.24994590547348,641.25582410614,307.0,1441.86572265625,1134.86572265625,217.00746808776947,23.05706306822261,68.13956170793422,178.45620011484095,0.0066855748491613,-0.2480648705056952,0.5079769952820808,68.26061168800385,0.5650752637396311,25,1287.3,1287.3,139.9,10547.0,1,81.45466513082113,0.4196149415830179,6.220174428171795,10.128352805660688,0.0987329274312983,0.255060062530854,0.0,1.4233997038012176,0.0,0.0,81.45466513082113,3,12528.79369533062,103.7159091700986,29.341437225598643,1426.9927978515625,435.600659348931,125.16362975555998,940,3.605991088855309,1.0361300513684406,6761,0.3557673545461023,55.9689367509002,0.2945114711525793,38,0.3145717492285472,2.2214731669205783
NP0441401,Gandaki,Syangja,Aandhikhola,1,69.74344838936072,83.7978446489737,28.15649998259389,156.74279847653474,582.5479507446289,21317.020592808723,1776.4183827340603,2265.6505056619644,1549.7721085981889,1848.5068283081052,1899.965999662876,158.3304999719063,1386.7762019291924,831.7456665039062,2266.046875,1434.3012084960938,325.58869113127,26.5279040934247,64.75782609062297,155.18775000311192,0.0434877345841661,-0.0940632587547642,0.6220718500325159,24.015780020676655,0.344344602615609,17,1406.3,1406.3,170.7,170.7,1,79.98023436397007,0.0,11.944091486658197,7.652124805873218,0.1411831144995058,0.2823662289990117,0.0,0.0,0.0,0.0,79.98023436397007,3,6316.0380859375,90.56102374916414,3158.01904296875,3162.831787109375,161.58213958939623,52.87491713712704,176,2.316807432395978,0.75813453963359,4776,0.297004342960987,68.47955055701796,0.4258526783804608,8,0.1147061148358759,1.2882417949188196
NP0441402,Gandaki,Syangja,Phedikhola,1,56.82577922386865,83.86795043366287,28.17187801034421,211.1738447774859,804.2652587890625,28719.642889738083,2393.30357414484,3072.1224694252014,2005.3791920055044,2352.102325439453,2655.5200724601746,221.2933393716812,1369.196970422254,811.6934814453125,2184.0078125,1372.3143310546875,268.1941146377427,23.7311187964844,63.615346979325054,192.19361490789436,-0.0340724884762874,-0.1576765696440734,1.054645005331924,19.332036298113746,0.3401983494490062,5,1406.3,1406.3,170.7,170.7,1,80.9515570934256,0.0,12.31833910034602,6.262975778546713,0.2076124567474048,0.259515570934256,0.0,0.0,0.0,0.0,80.9515570934256,3,4805.634094238281,84.5678521240543,961.1268188476564,1289.462646484375,154.17205000234443,25.343846536264387,184,2.713065304304481,0.4459920635037972,5245,0.2821082315038111,92.2996582121118,0.4964441057507164,4,0.070390587769008,2.459247418805074
NP0441403,Gandaki,Syangja,Arjun Choupari,1,57.32776302140135,83.75718912688066,28.102240903600084,152.15413294294302,565.2152099609375,20692.96208024025,1724.4135066866877,2237.4492493867874,1430.4672185724432,1712.922821044922,1811.5602416992188,150.9633534749349,1342.5201265760074,773.8491821289062,2249.12109375,1475.2719116210938,293.02289998923897,26.38352190430521,65.9312628444159,83.558483124667,0.1230572327406865,0.0138933775121121,1.3689742513003051,22.23787193771451,0.3879075471584817,15,1393.0,1393.0,149.5,320.1,1,78.55288211874677,0.0,11.58040505452657,9.572442444175175,0.207720270036351,0.0865501125151462,0.0,0.0,0.0,0.0,78.55288211874677,3,4519.030090332031,78.82795092920348,1129.7575225830078,1395.81640625,167.0884195935597,28.29453027291911,128,2.914616074085832,0.4935572012875563,5373,0.2611567975906654,93.72422220616173,0.4555503020293528,1,0.0174435552216939,3.256839444312748
NP0441404,Gandaki,Syangja,Biruwa,1,95.9547593774757,83.89724624608982,28.00946791637654,174.81826849427875,665.2958170572916,23775.284515221912,1981.273709601826,2617.86620982488,1624.5297638864229,1928.531270345052,2022.414989789327,168.5345824824439,927.9446244917056,461.6199340820313,1627.5924072265625,1165.9724731445312,232.32748702352905,27.323735537369654,65.7442189729743,185.32729885964253,-0.0103439342501295,-0.1109295595967634,0.0659888291583753,44.2059807540087,0.4606960721990571,18,1287.3,1287.3,202.3,202.4,1,82.97718591927325,0.0309693403530504,9.837927118819035,7.040363373593476,0.0619386807061009,0.0516155672550841,0.0,0.0,0.0,0.0,82.97718591927325,3,230.10536670684812,2.3980610049954727,7.4227537647370365,11.099621772766112,265.7543938819319,36.98219995492058,344,2.7695801188608344,0.385412877848368,4302,0.1795101582401169,44.83362813798944,0.1870779098449336,2,0.0208431558056668,4.333273239807104
NP0441405,Gandaki,Syangja,Harinas,1,87.61886379099532,83.95767220195354,27.983241148056894,157.64801059996378,601.0739990234375,21440.12944159508,1786.6774534662563,2347.983746290207,1491.5582366943358,1780.4348449707031,1793.8207373142243,149.485061442852,950.1236578606096,384.4709167480469,1520.563720703125,1136.092803955078,244.69078510255264,25.399728393176407,69.10409137439606,64.99876459658806,0.1769267991094364,0.0825069657908598,0.9941096100343684,23.83995119002648,0.2720869703000706,11,1279.6,1279.6,100.1,100.1,2,84.22898517931893,0.0226269940038465,7.930761398348229,7.546102500282838,0.1131349700192329,0.1470754610250028,0.0,0.0113134970019232,0.0,0.0,84.22898517931893,3,0.0,0.0,0.0,0.0,316.8214379597396,22.63734255517856,751,3.615904432582926,0.2583615168667026,4508,0.1935290283694947,51.4501079442586,0.2208759849147735,17,0.1940221461961837,0.7668648050587493
NP0441406,Gandaki,Syangja,Kaligandaki,1,73.67795001223553,83.53413090295044,27.950703106470584,138.1696429274538,727.4492797851562,18791.07143813372,1565.9226198444765,2234.901803255081,1352.3884138627486,1767.6729888916016,1494.145226597786,124.51210221648216,791.3913673296806,398.0,1450.0189208984375,1052.0189208984375,220.12624417783852,26.68196361543457,65.42259158627171,229.4874512825046,-0.0348335616123963,-0.0297638688629343,1.565715557972709,23.73664450160112,0.3221675480609765,12,1350.4,1350.4,53.8,7473.9,1,84.46549391069013,0.027063599458728,4.032476319350474,6.129905277401894,0.3653585926928281,1.5155615696887683,0.0,3.464140730717186,0.0,0.0,84.46549391069013,2,13481.404404997826,182.97746344406977,22.506518205338608,584.38720703125,324.58576758593733,40.6827107341823,804,4.405466866708888,0.5521694174094993,10203,0.5562189025936669,138.48105163492755,0.7549326528510863,8,0.1085806540311105,1.077690778360458
NP0442301,Gandaki,Parbat,Kushma,1,93.36023062267368,83.70416823908758,28.231562876112584,166.2219672056974,601.674072265625,22606.18753997485,1883.8489616645709,2411.9822154045105,1571.8122970118668,1912.4582621256511,2066.3954026699066,172.19961688915888,1279.9422845955128,671.3961181640625,2495.635009765625,1824.2388916015625,339.0377169071655,23.708365412548005,69.99614045063144,226.6342452024164,-0.1903318306336733,-0.1797724961810343,0.4274702458312374,53.94545463726793,0.5778204946311114,27,1398.5,1398.5,47.5,5795.9,1,71.41341256366724,0.0,11.332767402376913,15.227079796264857,1.220288624787776,0.2652801358234295,0.0,0.5411714770797963,0.0,0.0,71.41341256366724,3,4069.2737350463863,43.58680037427108,83.0464027560487,202.59161376953125,364.52982745885424,37.19835212618943,784,3.90455148865414,0.3984389485554179,12212,0.6944782351859232,130.80516102575015,0.7438694512149809,11,0.1178231879530995,0.3618185232955235
NP0442302,Gandaki,Parbat,Phalebas,1,85.87138594242552,83.68603998987079,28.156078403053662,166.39347771599012,619.6544799804688,22629.512969374657,1885.792747447888,2441.403564453125,1593.823110407049,1896.052673339844,2036.2012609243395,169.68343841036162,1245.940885538758,594.0,2265.766357421875,1671.766357421875,340.0085598811437,25.567768637829595,68.2774131159586,314.54415428409163,-0.2466732860134821,0.2427791163148353,0.5940546231869465,28.32114041101481,0.329808819319667,14,1368.2,1368.2,404.9,6796.0,1,77.33087472628789,0.0,7.548691944220352,14.27912873112827,0.1613460873573816,0.1037224847297453,0.0,0.5762360262763628,0.0,0.0,77.33087472628789,3,1177.3567543029783,13.710699336940538,84.09691102164132,169.7708740234375,287.9188527160118,33.305855097996854,526,3.352907951305849,0.3878574304172468,8070,0.3800492519259393,93.97775418939575,0.4425796180589798,2,0.023290645400098,2.07538994108202
NP0442401,Gandaki,Parbat,Jaljala,1,82.42995658796232,83.61747311851182,28.331330388416884,131.5150817908785,498.50086975097656,17886.051123559475,1490.504260296623,1890.8425378203392,1206.7617459730668,1445.5608673095703,1647.694722533226,137.3078935444355,1713.9308492390555,745.0,2998.843994140625,2253.843994140625,502.4105608581295,28.38052818207343,77.18644086506869,256.7616805462243,-0.4060608832102139,-0.0955272791011125,0.4711141550748275,33.0739903728291,0.4012375080840339,19,1408.6,1408.6,95.4,5631.8,1,79.34351328604063,0.0,15.883130936635808,3.2944571359865336,0.5410604785379344,0.1683299266562462,0.0,0.76950823614284,0.0,0.0,79.34351328604063,2,6986.770610809326,84.76009087004228,170.40903928803235,1587.98486328125,281.61561126957673,35.16589602108945,411,3.416423141859358,0.4266154863682763,7163,0.4487930059347675,86.89801980371357,0.5444537696145131,1,0.0121315119089366,5.199139807087015
NP0442402,Gandaki,Parbat,Modi,1,143.87632918188558,83.72496692030569,28.29964555464939,168.1276391139802,660.6557846069336,22865.358919501305,1905.4465766251087,2460.82179492712,1550.88742759011,1908.4720153808596,2159.851379454136,179.98761495451132,1884.3463310072395,762.3456420898438,3308.7412109375,2546.395568847656,614.9565658407822,26.678242504589203,69.87686926000151,82.42858835659658,0.1491333532086119,0.019822906296721,0.8158193314135896,45.34922774695615,0.3151958908377942,26,1398.7,1398.7,143.7,595.2,1,87.53539120226503,0.0,9.170637386920792,2.865824183412748,0.2209792141426697,0.1519232097230854,0.0,0.0552448035356674,0.0,0.0,87.53539120226503,2,2945.358205318451,20.47145782816705,70.12757631710598,1102.1148681640625,439.89433629860497,29.793699999717933,930,3.057447592664804,0.2070785386945293,9054,0.4342012407942233,62.929045045026925,0.3017878224049731,104,0.7228430179680584,0.1123542604888801
NP0442403,Gandaki,Parbat,Bihadi,1,44.89410200180474,83.59932743301563,28.05679134233767,0.0,0.0,0.0,0.0,0.0,0.0,0.0,0.0,0.0,1022.011252546246,524.2192993164062,2172.303466796875,1648.0841674804688,334.3135549450317,28.3942077782382,68.01060009863193,250.22309254575532,-0.1982082322367242,-0.07126912707876,1.370396466158094,21.353167600203903,0.4756341400780331,15,1368.2,1368.2,404.9,6796.0,1,76.77662165153863,0.0,11.976975868939562,9.563869825105158,0.0885543502324551,0.2435244631392517,0.0,1.3504538410449414,0.0,0.0,76.77662165153863,3,530.0374374389648,11.806393575210778,132.5093593597412,224.7078857421875,193.35060713015756,34.80293246770761,315,4.306815338958887,0.7752228225059171,4597,0.2010749767405781,102.39652415400136,0.4478872898103517,0,0.0,4.118636168842569
NP0442404,Gandaki,Parbat,Mahashila,0,49.47955718657619,83.66922566629974,28.09440612475976,137.33596402523565,531.66650390625,18677.69110743205,1556.4742589526709,2066.5051635106406,1252.789668690075,1525.158442179362,1633.0380023320515,136.08650019433762,1509.5513511786055,753.84619140625,2262.7861328125,1508.93994140625,292.93121236900686,29.57881452654897,69.70763211155817,131.80443803704122,0.1000072706987263,-0.0894307598657329,1.2452201540470913,10.073541270568612,0.2035899640852397,8,1368.2,1368.2,137.5,137.5,1,81.95928240274138,0.0,12.316065309413425,5.6843378351138885,0.0403144527313041,0.0,0.0,0.0,0.0,0.0,81.95928240274138,3,212.82711791992188,4.301314118826874,42.565423583984376,45.38209915161133,169.32609831974776,5.022812359438441,208,3.422142556394704,0.1015128801678348,3778,0.1678547086541852,76.35476578244261,0.3392405231543265,2,0.0404207336063751,4.776532820051977
NP0442405,Gandaki,Parbat,Paiyu,0,42.733232527338416,83.66579112345254,28.04444801079716,153.13665644123273,643.1013793945312,20826.58527600765,1735.5487730006378,2362.0884014368057,1425.5205202969637,1729.4918899536133,1759.131870150566,146.59432251254717,994.4471901969274,571.1464233398438,1818.2274169921875,1247.0809936523438,221.6866718052304,29.399497228151656,67.19429216592897,300.35385920657444,-0.1496948330988029,0.0876634678206312,0.0774238881716312,27.50978556434762,0.6437562509868249,12,1368.2,1368.2,137.5,137.5,1,80.8952468850946,0.0,10.959852330410708,7.891093677895708,0.1845869866174434,0.0692201199815413,0.0,0.0,0.0,0.0,80.8952468850946,3,2237.1775131225586,52.352171385381,159.79839379446847,242.2432403564453,208.5601439658542,37.23760058971164,422,4.880514101815927,0.8713967651730777,5612,0.2400140584333386,131.32636283505454,0.56165668787118,1,0.0234009912393183,3.761747731432082
NP0443301,Gandaki,Baglung,Dhorpatan,0,223.46487362429065,83.14008480225709,28.39426560057485,124.2134675813072,503.8755989074707,16893.031591057777,1407.752632588148,1857.825214534998,1173.1558596871116,1403.4029541015625,1581.3720488846302,131.78100407371917,2306.008340879037,991.3099975585938,4023.067626953125,3031.7576293945312,581.7038610929617,33.90674902415178,72.65378940752495,208.01489490973196,-0.041500459114526,-0.0780020860537367,1.3309073502782989,79.73515409131211,0.3568129200715906,32,1407.9,1407.9,146.3,146.3,1,84.56776377321516,0.0,13.379058477708991,1.656794192312831,0.1425199305215338,0.2538636262414822,0.0,0.0,0.0,0.0,84.56776377321516,2,3293.588473320008,14.738730163280543,205.8492795825005,473.2200317382813,444.78726052777273,33.15289671516872,596,1.9904124228293223,0.1483584250959655,6902,0.3166595519516419,30.88628601023115,0.1417043971232985,1,0.0044749762402537,5.366118559247456
NP0443302,Gandaki,Baglung,Galkot,1,194.861929593235,83.38968377099799,28.232970926182745,120.89511737928672,479.6011962890625,16441.735963582993,1370.144663631916,1822.0588309367497,1155.2322127602315,1414.296445210775,1514.1203264395397,126.17669386996164,1978.3112570425087,748.718505859375,3452.92529296875,2704.206787109375,552.7846482226566,32.541105273036244,75.74575150954077,279.0831420050516,-0.0639635021567537,0.0102259913654346,1.3452765482520996,76.74495022262931,0.3938427089520808,50,1385.5,1385.5,140.5,335.8,1,92.60525644297014,0.0,5.2615463128349065,1.9239601939270223,0.1990303648890023,0.0102066853789231,0.0,0.0,0.0,0.0,92.60525644297014,2,10.990159273147585,0.0563997251597016,2.747539818286896,2.82380485534668,373.7989789250461,81.58388715031755,414,1.9182760824822664,0.4186753529569374,10043,0.5037047099639077,51.5390565051074,0.2584931346083697,0,0.0,9.073837628976802
NP0443303,Gandaki,Baglung,Baglung,1,99.11553327340248,83.59592074890467,28.24626681180767,136.88836882219596,527.8489379882812,18616.81815981865,1551.4015133182209,2007.2179820537567,1299.9446346398556,1540.9244689941406,1683.3669078350067,140.28057565291724,1450.3209747974229,647.5,2680.219970703125,2032.719970703125,405.5170695508387,25.54395558681138,70.81684403911798,74.83727795762516,0.3005211835910835,0.0814398762543282,0.213239812301911,23.32720021305673,0.2353536266481104,15,1408.4,1408.4,116.6,116.6,1,71.16576684663067,0.0,16.206758648270345,10.387922415516895,1.4197160567886422,0.1199760047990401,0.0,0.6998600279944012,0.0,0.0,71.16576684663067,3,12093.575210571287,122.0149335948393,105.16152357018512,1531.7308349609375,488.4684521960936,102.50830340871906,756,4.928273460918496,1.0342304583677908,23632,1.1813975473892468,238.42882361146127,1.1919398588417558,5,0.0504461796740566,2.202218463105841
NP0443304,Gandaki,Baglung,Jaimuni,0,118.96717359568176,83.5811251252245,28.15755490014451,140.95970621073943,564.8539123535156,19170.520044660567,1597.5433370550472,2150.7794717788697,1336.360627330433,1604.9854217529296,1709.129408931732,142.42745074431102,1393.0613502296592,574.6083984375,2750.591552734375,2175.983154296875,436.26592316736026,30.19552445526877,72.52571027710239,91.54133734854582,0.1987450705773373,-0.0053478130582311,0.3174618982335692,54.17501674569856,0.4553778585159646,23,1368.2,1368.2,404.9,6796.0,1,79.6097806062636,0.0,14.294088092446827,5.4848434098141015,0.0669904538603249,0.1758499413833529,0.0,0.3684474962317869,0.0,0.0,79.6097806062636,3,18.204659461975098,0.153022543208809,3.034109910329183,3.133784294128418,367.1607766605179,41.73971336407248,660,3.0862360226220003,0.3508506767247225,10170,0.4996739763222853,85.48576630527893,0.4200099583944578,0,0.0,5.467140978462803
NP0443401,Gandaki,Baglung,Nisikhola,1,245.09133313342585,83.02051244334342,28.38261032738716,116.38385841211462,477.34954833984375,15828.204744047587,1319.0170620039655,1770.542407539156,1090.3682092994152,1314.154249403212,1462.9316669305165,121.9109722442097,2358.046324672241,1022.4669189453124,3958.3515625,2935.8846435546875,569.5969563348215,33.93742308051175,73.54057327189996,100.239930394632,0.1093000951214754,-0.019744840154767,0.0296262949841174,78.76423309882206,0.3213668639027044,31,1406.5,1406.5,239.1,239.1,1,75.87450853228486,0.0,22.05018037371813,1.9334441246807992,0.0202667099023144,0.1175469174334238,0.0,0.0,0.0,0.0040533419804628,75.87450853228486,2,5317.51134967804,21.69603992803461,55.39074322581291,141.00811767578125,319.2561592511746,36.728096443018224,358,1.3026007699642892,0.1498547336352515,7108,0.3073952387586093,29.00143350287486,0.1254206890258603,0,0.0,7.814244804739926
NP0443402,Gandaki,Baglung,Tamankhola,1,178.490374255373,83.22303280612307,28.43681384474723,123.30893123631968,480.4565353393554,16770.014648139477,1397.5012206782897,1786.7600001692772,1162.193195516413,1368.0177326202393,1609.2242072224617,134.10201726853848,2562.5970793993192,1274.8760986328125,3887.7841796875,2612.9080810546875,508.22331178912265,33.53687038261273,72.12368555751112,138.87936380806025,0.0202578075612628,-0.023205083867547,0.3073571930116636,56.29651838691506,0.3154036660059297,26,1407.9,1407.9,231.1,231.1,1,77.52946408716922,0.0,21.86457638425617,0.5281298643540138,0.0333555703802534,0.044474093840338,0.0,0.0,0.0,0.0,77.52946408716922,2,2326.1239013671875,13.032209221765164,1163.0619506835938,1508.822265625,238.58069337426528,10.728843360647716,328,1.336658597807178,0.0601088064575266,5321,0.1803974926028337,29.8111313968508,0.1010684712581375,2,0.0112050860352756,4.145610870769268
NP0443403,Gandaki,Baglung,Badigad,1,179.14608501588006,83.2411958438408,28.27140019633507,125.95715645681908,506.8673749651228,17130.173278127397,1427.5144398439495,1935.5819104058403,1192.7520723219045,1493.33910042899,1566.2286937577385,130.51905781314488,1876.0512447558224,726.5498046875,3474.907958984375,2748.358154296875,539.6512341456709,34.68508707739308,70.77115379622745,195.87601966996925,-0.0629928356029485,-0.2214898631638667,1.642902171538115,69.92214328863082,0.3903079616974756,34,1385.5,1385.5,240.8,858.6,1,84.50735498195948,0.0,13.272273105745214,1.9983347210657785,0.0499583680266444,0.1332223147377186,0.0,0.0388565084651679,0.0,0.0,84.50735498195948,2,0.0,0.0,0.0,0.0,472.2485498832984,56.249904870284425,672,2.6361086810322245,0.313989026694601,8490,0.4128952611532688,47.39149057735435,0.2304796452105936,1,0.0055820365815493,6.208926597552151
NP0443404,Gandaki,Baglung,Tarakhola,1,129.83781577368177,83.40167041737078,28.31184578893209,111.1706406206769,430.37049865722656,15119.20712441206,1259.9339270343382,1613.732936322689,1042.6154483448374,1239.9095306396484,1425.7105892896652,118.80921577413876,2366.7335146568585,1331.6192626953125,3527.962890625,2196.3436279296875,380.80305587059473,31.264794380933903,73.2001655602182,76.11367532286697,0.1019857324238179,0.025213085995361,0.8587856340769199,49.59662940027162,0.3819890923513586,23,1401.9,1401.9,195.0,195.1,1,94.45676274944567,0.0,5.023319825674745,0.5046257359125316,0.0152916889670464,0.0,0.0,0.0,0.0,0.0,94.45676274944567,2,0.0,0.0,0.0,0.0,206.40220470245345,55.083218036182735,229,1.5896925211852748,0.4242463392344601,4168,0.2100445674851918,32.1015874702111,0.1617745694762126,0,0.0,10.587542214027753
NP0443405,Gandaki,Baglung,Kathekhola,1,83.06729702671173,83.51205337566452,28.26184735701252,114.7823744457142,451.59401448567706,15610.402924617132,1300.866910384761,1669.9994602998097,1115.683743794759,1329.794687906901,1418.272546450297,118.18937887085808,1784.969816405464,995.917724609375,2826.82470703125,1830.906982421875,378.2833649114945,27.321021047815908,65.05414113339323,63.34470843569132,0.1546509078964434,0.077630161560516,0.7824698306029889,35.13517258835699,0.4229723831877985,19,1408.4,1408.4,116.6,116.6,1,85.23337710397517,0.0,11.448012414945683,3.211173451116151,0.1074370299629939,0.0,0.0,0.0,0.0,0.0,85.23337710397517,2,0.0,0.0,0.0,0.0,273.35275870564294,44.7159365141356,397,3.2907385757085805,0.5383097574458985,8786,0.4374554185598774,105.76966284547228,0.5266277274186567,1,0.0120384319195848,2.796954884281846
NP0443406,Gandaki,Baglung,Bareng,1,75.45802402984413,83.47163338623234,28.150190314525545,132.658283979285,556.6401163736979,18041.52662118276,1503.46055176523,2051.461954752604,1283.377872582638,1597.1008911132812,1602.860609372457,133.57171744770474,1897.7752118266696,980.7489624023438,2769.71484375,1788.9658813476562,351.38486542719,30.758848302793336,69.241668400638,177.80831072063725,0.008003743737727,-0.2091341364942268,0.6580976789865336,31.04485174808057,0.4114188271853254,14,1369.7,1369.7,132.1,132.1,1,88.14161621479336,0.0,8.370623848381154,3.4482758620689653,0.0394840747565148,0.0,0.0,0.0,0.0,0.0,88.14161621479336,2,5318.875065088272,70.4878657170326,12.663988250210172,2497.499755859375,124.19766075360396,6.67825141843324,171,1.6459172149072312,0.0885028663855808,3611,0.1823351310933094,47.85442034066286,0.241637829028222,2,0.0265048021825881,2.1368107838879964
NP0443598,Gandaki,Baglung,Dhorpatan,0,313.04596336705333,83.02315191780937,28.53883509314876,123.51710002319844,477.7785010704628,16798.32560315499,1399.8604669295826,1785.247674043362,1121.525627082878,1304.8353823148286,1588.4816605127774,132.3734717093981,3502.0311110928656,2460.856689453125,4683.28466796875,2222.427978515625,429.1877552045852,27.88944966151883,71.1259133036303,16.79176795385123,0.0420367647570043,0.1393048140802647,0.0230552122830206,96.75150012172698,0.3090648385338982,47,1802.3,1802.3,185.6,347.6,1,45.86659064994299,0.0,46.46838971240339,1.7768909160015205,0.0,2.369187888002027,0.0031673634866337,0.0031673634866337,0.0,3.5126061066768024,46.46838971240339,2,858.2684879302979,2.741669238277189,22.00688430590507,28.79747009277344,173.79673957053436,0.0,288,0.5551796218715455,0.0,1201,0.0746649545199458,3.83649732161472,0.0238511155732104,3,0.0095832572563231,4.895741308455076
NP0444301,Gandaki,Myagdi,Beni,1,76.74270433934518,83.53356445930667,28.352725453407626,108.50349956517124,418.6700744628906,14756.47594086329,1229.7063284052742,1576.8073196411133,1024.612342140891,1219.9909362792969,1352.7028053601582,112.72523378001318,1503.9688195972503,776.870361328125,2663.403564453125,1886.533203125,432.0654846266432,27.693973675141432,77.53548610516701,65.75718187197717,0.2326260176149914,0.104755305990819,1.181559441782985,27.68682851320947,0.3607747309865743,12,1419.4,1419.4,142.0,975.3,1,77.88609543355567,0.0,16.277578245253977,4.0020523345305286,0.8209338122113904,0.1667521806054386,0.0,0.8465879938429964,0.0,0.0,77.88609543355567,2,7166.109153747559,93.37837668659756,166.65370124994325,324.42218017578125,303.48028805724545,54.40751113200717,346,3.954516467328273,0.7089600451324337,11344,0.6185710104311772,147.8186115234937,0.8060323333094249,3,0.0390916638373132,2.6790559693628904
NP0444401,Gandaki,Myagdi,Dhawalagiri,0,860.7397691204093,83.34841656651896,28.62329417255052,97.41316512773606,362.6618203555837,13248.190457372104,1104.0158714476754,1361.187965112574,876.8229154189004,1017.8342305351706,1246.6130334068748,103.8844194505729,3975.196031286215,1118.42822265625,8135.912109375,7017.48388671875,1469.896629087267,34.20289480441589,80.42591136658491,158.42690623939714,0.0310149101790064,-0.0784423247795871,1.1987170645045884,274.9381511469408,0.3194207599213178,132,1457.7,1457.7,133.0,271.9,1,36.87265159835829,0.0,15.622868373894445,0.141048615526909,0.0057806809642175,6.931036476096884,31.659633504826868,0.1711081565408405,0.0,8.595872593791547,36.87265159835829,5,1534.474639892578,1.7827393306813963,511.4915466308594,1167.298095703125,280.19392453929066,4.32966353549736,302,0.3255268718739708,0.0050301655515718,3786,0.1955125531996623,4.398541970320387,0.0227144788952248,12,0.0139414959439631,4.344482961850455
NP0444402,Gandaki,Myagdi,Raghuganga,1,379.9737617183167,83.51763967973234,28.53280879899869,91.68919299751924,334.1818448580228,12469.730247662616,1039.144187305218,1288.9897703390857,782.1957682896328,898.2157252385066,1170.2085960461543,97.5173830038462,3097.2346551488263,866.0700073242188,8077.9189453125,7211.848937988281,1184.0012575940382,32.26721129765783,76.97445686381329,159.53823792418643,0.0493074275547647,-0.1321474932508376,0.2994451213421422,132.0109341734752,0.3474211839693761,72,1442.8,1442.8,171.9,171.9,1,58.21293969849246,0.0,16.975502512562816,0.4370812395309882,0.0785175879396985,4.928287269681742,8.364740368509214,0.0916038525963149,0.0,10.911327470686768,58.21293969849246,4,2232.374420166016,5.875075189588818,558.0936050415039,840.4056396484375,308.4117619467207,60.78686972013628,468,0.8116659438589169,0.1599764927063542,5799,0.3155144017428955,15.26158009904624,0.0830358391895474,8,0.0210540853237402,6.00173122373339
NP0444403,Gandaki,Myagdi,Annapurna,1,557.5065867493943,83.70892491263267,28.5297206524944,111.87860272912418,423.59761810302734,15215.489971160889,1267.9574975967407,1531.5476960301398,1018.7486159064553,1150.2808773040772,1427.8769465327264,118.98974554439388,3549.272853330569,927.3179931640624,7961.45556640625,7034.137573242188,1470.2817415856807,34.727958724753755,81.71195720563973,271.14420855180566,-0.1330150700881616,0.0026566916054157,0.6146560133965464,199.94455630328216,0.3586407067745722,92,1446.3,1446.3,133.0,133.0,1,41.12588098849139,0.0,21.30430903738068,0.0963511464002141,0.0624498171112498,10.30957266482291,17.584084218039074,0.4246587563564992,0.0,9.092693371397983,41.12588098849139,5,7268.69261932373,13.037859627282025,316.03011388364047,1332.4141845703125,469.0283815824678,21.52702513429808,881,0.8412965743009266,0.0386130417934859,6774,0.3527868636599783,12.150529089703818,0.0632794072832291,39,0.0699543304544506,3.3508702869437825
NP0444404,Gandaki,Myagdi,Malika,1,147.5373077449527,83.35329602680379,28.419321522252087,109.71982996983854,426.92780049641925,14921.896875898045,1243.4914063248368,1567.9218440850575,1011.7333717346193,1189.734204610189,1443.4402734835944,120.2866894569662,2091.5134702515807,1000.0,3644.5439453125,2644.5439453125,487.900781555591,31.383147764955027,72.80393416422267,58.31678585545599,0.1802573698802186,0.1112562801466518,0.1311243512601039,41.27044324931317,0.2797288623475308,23,1440.1,1440.1,138.9,833.3,1,83.60600552077021,0.0,14.468457550663166,1.346529320675958,0.0538611728270383,0.3635629165825086,0.0,0.1615835184811149,0.0,0.0,83.60600552077021,2,0.0,0.0,0.0,0.0,304.4872496707159,28.243763915839548,306,2.0637983322637425,0.1914347248674515,5304,0.2399875545509677,35.95022900356165,0.1626622840141786,1,0.0067779466447137,4.336903406040382
NP0444405,Gandaki,Myagdi,Mangala,1,89.04502442029043,83.45068756305669,28.37825519011953,104.43576358580124,398.9075520833333,14203.263847668966,1183.6053206390804,1493.774200518926,980.189224243164,1145.6668802897134,1341.8129686514535,111.81774738762114,1793.3652405472174,903.8204345703124,3042.8984375,2139.0780029296875,484.0518133092961,32.260078662641305,71.42534192500712,41.13085698971885,0.0534133250880067,0.0611623189625794,0.6289673324501146,31.18430222833813,0.3502082506165527,14,1419.4,1419.4,142.0,975.3,1,88.12264777507195,0.0,9.20965242417534,1.9592649988930704,0.0221385875581137,0.0664157626743413,0.0,0.6198804516271862,0.0,0.0,88.12264777507195,2,4981.47705078125,55.94335094197734,1660.4923502604167,2539.196533203125,188.68455374390263,30.134438015902152,181,2.1189791902725075,0.338417988114286,5174,0.2378373607945865,58.10543636417955,0.2670978668858574,1,0.0112302737464591,1.836811207709613
NP0444598,Gandaki,Myagdi,Dhorpatan,0,178.51693021447545,83.15715880545872,28.61326672554381,119.58918915075414,437.73365478515626,16264.129724502563,1355.3441437085469,1682.1413891792297,1091.944123424183,1241.7987915039062,1552.7597677230835,129.39664731025695,4223.794161250901,2965.32958984375,7304.10693359375,4338.77734375,760.802613345489,30.05358341098569,72.38071889875792,186.7973702541128,-0.0219881837412115,-0.1844704621176477,1.551581051759345,53.65478239793045,0.3005585091199363,22,1825.2,1825.2,157.8,157.8,1,21.0716068556215,0.0,39.13139941205835,0.03327971601309,0.0,12.124909867435798,13.54484441732764,0.01109323867103,0.0,14.082866492872595,39.13139941205835,5,0.0,0.0,0.0,0.0,11.412680411106471,0.0,9,0.063930521309071,0.0,16,0.0005155718466853,0.0896273534436041,0.0002888083758027,0,0.0,8.169688833468983
NP0445401,Gandaki,Mustang,Lomanthang,0,725.1325125623921,83.98591838068346,29.208267844602084,52.74609796907388,283.58794657389325,7173.469323794047,597.7891103161706,902.9962269111916,439.41340232617927,683.4125110484936,636.6995880338881,53.05829900282401,4719.558042275213,3291.17431640625,6342.62255859375,3051.4482421875,640.9380184216113,21.82140239942249,71.93651123235452,169.38748362127325,0.0259980230110571,-0.1387515650248498,1.1082220539565164,185.4225202746971,0.2557084630221196,35,1546.7,1546.7,176.6,176.6,2,0.0,0.0,35.265431427950446,0.1236144316452945,0.0013584003477504,55.820745490110845,6.131819169745707,0.0815040208650293,0.0,2.5755270593349278,55.820745490110845,3,1425.0910053253174,1.9652835594000475,21.270015004855484,396.9842834472656,235.0604746079546,40.46424635001774,412,0.3241620952525273,0.0558025542214756,1743,0.1378809783699164,2.403698592745182,0.0190145905722373,18,0.0248230491505526,0.8636501143547833
NP0445402,Gandaki,Mustang,Lo Ghekar Damodarkunda,1,1349.374239467427,83.94337771701915,29.0350570791964,62.428558862603765,301.53111267089844,8490.284005314112,707.5236671095093,994.4985056122144,557.8381812211238,785.7880330880482,759.2680277427037,63.2723356452253,4943.790602456071,2958.878662109375,6745.5888671875,3786.710205078125,849.9756474744022,24.29212491356469,74.77434783415478,357.914567501669,-0.0023227055771178,0.0637865063069798,0.361532405678406,352.8614377271503,0.2615000549190995,81,1521.9,1521.9,32.6,1422.1,2,0.0021968365553602,0.0,13.849589923843,0.0336848271821909,0.0,70.03148799062683,14.150556531927355,0.1867311072056239,0.0,1.7457527826596368,70.03148799062683,3,1067.880164146423,0.7913891735237927,24.834422422009844,270.159423828125,387.3211434501229,39.08686981941645,525,0.2870376001864326,0.0289666637143179,565,0.0668647052339822,0.4187126028306239,0.0049552380116855,19,0.0140806008031537,2.824440097686789
NP0445403,Gandaki,Mustang,Varagung Muktichhetra,0,887.444760330365,83.74882554338284,28.88971022778501,56.285514761169416,268.0462703159877,7654.830007519041,637.9025006265867,833.7000741141183,489.8233083650663,635.553825705392,685.8918055806841,57.15765046505701,4708.970689454767,2775.63818359375,6481.63671875,3705.99853515625,928.3763155825412,28.35534415442458,77.39733317804439,193.46322548574503,-0.0064621609868027,-0.0269931499218112,0.6680264304401713,271.5512625240096,0.3059922990845316,92,1499.1,1499.1,98.5,445.0,2,0.1872805306281701,0.0,12.81310963714397,0.0089181205061033,0.0011147650632629,69.20461512736192,14.945655203165934,0.5952845437823978,0.0,2.244022072348253,69.20461512736192,3,1558.669774055481,1.756356951699441,32.47228695948919,124.91741943359376,578.8470088807109,49.45435305094968,876,0.6522625798874806,0.0557266832388976,1159,0.1114940826516344,1.3059967806543185,0.0125634955138085,27,0.0304244288849582,5.503313980766019
NP0445404,Gandaki,Mustang,Gharpajhong,1,317.47572631327625,83.72608665097236,28.76158502523316,50.32495023014353,249.70878677368165,6844.19323129952,570.3494359416267,717.9274672955274,445.9976503068751,551.7859258651733,609.5493550240993,50.79577958534161,4139.424547906622,2558.459716796875,6994.72705078125,4436.267333984375,854.8852423485342,32.010544253134775,74.779393511586,324.3141773221829,-0.080819691202201,0.1125312499756745,0.0974228590572032,93.00428964701707,0.292949293248464,41,1482.1,1482.1,242.5,3197.1,1,14.225391761283662,0.0,24.328297519627164,0.0250226768008507,0.1282412186043602,45.87907791435989,8.670357511494792,1.0259297488348815,0.0,5.717681648994401,45.87907791435989,5,2192.043598175049,6.9046021994513085,27.062266644136404,163.4971923828125,248.0958895356165,16.564243099013755,468,0.7814641214201125,0.0521748333057394,1810,0.1899835172882373,5.701223274669958,0.059841903346263,11,0.0346483182438505,1.1212517688710333
NP0445405,Gandaki,Mustang,Thasang,1,290.13512248354004,83.61462178459722,28.68091072491938,50.77027269487872,201.02505340576167,6904.757086503506,575.3964238752922,696.2057219982147,420.4244602896951,508.9429817199707,633.6660760641098,52.80550633867582,3833.805313291312,1619.8240966796875,6850.13720703125,5230.3131103515625,1044.906858739775,31.67243639280389,76.08725405794148,123.826567973853,0.1311599529420012,-0.0878920375797842,0.0277475950048451,107.30122691032663,0.3698319113929892,48,1458.8,1458.8,140.0,3512.6,1,22.88447137313636,0.0,27.867792225474847,0.0646742460344475,0.1021172305807066,16.3727959697733,18.97678534958132,1.776839812104296,0.0,11.954523793314726,27.867792225474847,5,629.6215209960938,2.170097558704956,629.6215209960938,629.6215209960938,158.54035699321727,31.478876478877307,280,0.5464362798827005,0.1084972967402909,1165,0.0992765023522462,4.015370459211097,0.034217333462576,17,0.0585933886751833,0.5754461116268647
NP0447301,Gandaki,Nawalparasi East,Madhya Bindu,1,233.7270321007885,83.98012374831326,27.628072485737285,177.04288524494453,1065.771990966797,24077.832393312456,2006.486032776038,2844.242414522171,1787.9225886258212,2406.25460357666,1842.337318849564,153.5281099041303,289.3622155425556,114.46046447753906,1068.861328125,954.4008636474608,187.78512917103671,10.870189443902564,56.66484693443264,173.48710934544113,0.0152034056494193,-0.1331721881764079,0.8104243236492904,98.76689673016864,0.4225736999371902,30,1147.1,1147.1,152.5,152.5,2,71.63292160108664,0.2461904155524428,3.4084638567001995,19.72070121821809,0.878645103781994,2.8821257268984253,0.0,1.230952077762214,0.0,0.0,71.63292160108664,2,44838.67477655411,191.8420576924052,180.80110796997624,2197.22265625,439.8899949222165,64.83765008183552,794,1.8820672601213104,0.2774075788284345,11338,0.6275598479276332,48.509579307500864,0.2685011837471221,8,0.034227962115012,3.887156172608728
NP0447302,Gandaki,Nawalparasi East,Kawasoti,1,108.49518400208898,84.1215404099159,27.64167990160996,160.91132385765806,863.5536499023438,21883.94004464149,1823.6616703867912,2505.40908964475,1638.7792117956917,2105.7501017252603,1698.194697856903,141.5162248214086,223.1582627582207,132.0,1323.4073486328125,1191.4073486328125,144.19431435272563,4.998435061698153,54.95132929695411,184.6633598580082,-0.0203571189243382,-0.2495626207056014,0.4829797796966198,44.93665186630537,0.4141810742994837,14,1159.8,1159.8,163.3,32018.7,1,43.50027619222979,1.4730252255569878,3.0473209353710184,44.19075676670963,5.4686061498803165,2.0714417234395137,0.0,0.2485730068127416,0.0,0.0,44.19075676670963,3,51854.21555328369,477.9402517284572,101.674932457419,435.7750244140625,601.2254258494298,55.15561735638036,1655,5.541494135240637,0.5083692687715834,23519,1.357833732972759,216.7745989494535,1.2515152128288156,31,0.2857269682993774,0.3581504435901144
NP0447303,Gandaki,Nawalparasi East,Devchuli,0,112.85939444854375,84.20547405149046,27.7155268775402,157.83822423438815,813.4686889648438,21465.99849587679,1788.8332079897325,2462.9771031737328,1599.2327839244497,2018.174865722656,1677.6259206533432,139.80216005444527,555.9600347620964,152.35958862304688,1910.2882080078125,1757.9286193847656,385.4192691580265,18.051705668994376,60.82401659177405,173.04303524866648,0.0467692422403083,-0.3832846975793375,1.156839166495352,50.7411944703779,0.4495965508082931,21,1159.8,1159.8,163.3,32018.7,1,70.80414930401632,0.6915506693855838,2.039187871265183,22.45766468658569,3.643940065608653,0.1950527529036262,0.0,0.1684546502349499,0.0,0.0,70.80414930401632,2,34383.80562591553,304.6605539035761,42.81918508831323,180.28744506835935,469.0961026749652,21.23244205657897,1199,4.1564648203818,0.1881318091446922,15961,0.9820533445013936,141.42376075991737,0.8701564892315131,8,0.0708846617429571,3.9867301426509703
NP0447304,Gandaki,Nawalparasi East,Gaidakot,1,160.10996634420883,84.32924154284038,27.729764515337944,154.04703903348508,704.9199741908482,20950.39730855397,1745.8664423794974,2358.05561372212,1491.1904172030363,1850.141640799386,1717.0760148593358,143.08966790494466,391.3051156544325,157.5,1532.286865234375,1374.786865234375,218.9195364057591,16.390757729156043,61.43310221185898,130.2645924245896,0.0905960923288156,-0.0767348716129616,2.0124608076770656,69.87916503442162,0.4364448174587299,27,1183.3,1183.3,210.0,31855.4,1,76.19047619047619,0.2181500872600349,0.8539017701321366,15.12091747693842,4.070057342308651,0.9099975068561456,0.0,2.636499626028422,0.0,0.0,76.19047619047619,2,47171.47900390625,294.6192550093709,21.59866254757612,370.3250122070313,631.1186831421771,38.35507934928617,2232,3.941782623233964,0.2395546025337945,23439,1.8718861285091093,146.39313551293984,1.1691253025966395,8,0.0499656591195664,3.654066449430486
NP0447401,Gandaki,Nawalparasi East,Baudikali,1,92.00370974343316,84.06355463896423,27.812214964465937,163.55383579929668,829.7839558919271,22243.32166870435,1853.610139058696,2527.666807333628,1579.647397590406,2014.0395914713545,1719.543468952179,143.29528907934824,810.3542509419459,264.5,1793.1466064453125,1528.6466064453125,372.98014726573217,27.242001516964667,69.51636907893732,4.210797586722366,0.0217774321631692,0.2957890266055601,0.3109961867877866,40.81215104079586,0.4435924502893087,16,1258.6,1258.6,174.2,11290.7,2,83.1071544891977,0.3365541200738248,7.241341873846488,7.621322331994354,0.0759960916295733,0.6622516556291391,0.0,0.955379437628922,0.0,0.0,83.1071544891977,3,6779.677651882172,73.68917699936635,72.89975969765776,1158.944091796875,339.12312915732724,38.17259080294946,621,3.685972338539669,0.4149027350027487,5102,0.2063988651142569,55.45428563943488,0.2243375464857153,0,0.0,4.900777087228558
NP0447402,Gandaki,Nawalparasi East,Bulingtar,1,147.8657259468909,84.19492123468993,27.80852425799261,162.78551419442442,721.0451049804688,22138.82993044172,1844.9024942034769,2527.4427061762126,1518.1811458042691,1878.080614362444,1778.909053666251,148.24242113885427,726.5125348050943,215.33135986328125,1915.0120849609373,1699.6807250976562,350.1445987536516,28.34729179003359,66.60791762973649,9.176409806742193,0.0404377464871527,0.2503231770249069,0.2538441742033416,55.17792691027864,0.3731623847036531,18,1233.5,1233.5,162.7,11588.9,1,86.2066648750336,1.0077936038699271,4.709755442085461,5.818328406342381,0.1746842246707874,0.4971781779091642,0.0,1.585595270088686,0.0,0.0,86.2066648750336,2,12660.871482491491,85.62411202065117,33.057105698411206,1539.5594482421875,486.8334686070722,65.52117744169162,1218,3.292402383916397,0.4431126755176851,6638,0.2387200078094473,44.89208001037494,0.1614437735863067,12,0.0811547092685295,1.9640412606008093
NP0447403,Gandaki,Nawalparasi East,Hupsekot,1,189.4884931516584,84.05412654868087,27.717091040808477,170.10722131530446,957.4216613769532,23134.582098881405,1927.8818415734504,2664.180506626765,1721.2884694879706,2256.1339263916016,1772.9391587575278,147.74492989646066,675.9098328858042,175.80291748046875,1768.0302734375,1592.2273559570312,364.229770419618,22.520846091031878,69.66484819938643,185.97781351016275,-0.0207942377098545,-0.1985836343741381,0.209544273346316,75.23490783420648,0.3970420925453858,36,1147.1,1147.1,152.5,152.5,2,79.15769574121725,0.8769626634458856,10.302998477130703,8.149976369269547,0.3150764060284619,1.1920390694743477,0.0,0.0052512734338076,0.0,0.0,79.15769574121725,3,18725.849238991737,98.8231471343454,39.50601105272519,813.3633422851562,593.3562131059701,84.98250123308387,982,3.131357494257308,0.4484837037838891,9079,0.387943001484107,47.913199630193695,0.2047316937464979,2,0.0105547306157492,4.052152344309071
NP0447404,Gandaki,Nawalparasi East,Binayi Tribeni,1,288.58812523215016,83.84240228778926,27.6365268441576,160.44360927908735,944.6395950317384,21820.33086195588,1818.36090516299,2554.4392990469933,1632.4010051380503,2156.113945007324,1632.786680996418,136.0655567497015,385.0167038061821,105.0106964111328,1482.923583984375,1377.9128875732422,239.8901116645368,16.281510739968574,61.81101582580819,146.28371314737504,0.0577013070523385,-0.0864662035078734,0.6762530910701061,111.99326002585472,0.3880730017417159,50,1137.2,1137.2,138.5,338.3,1,81.53744844556891,0.752088171074065,2.3082521748171767,10.740650885523168,0.5060132395244862,3.07420372231657,0.0,1.0813433611756142,0.0,0.0,81.53744844556891,2,28116.20128583908,97.4267436098469,216.27847142953135,1999.9288330078125,364.91118105499066,37.057414816084695,639,1.2644705348199743,0.1284093542874449,4256,0.290379564399286,14.747661555985118,0.1006207598340003,13,0.0450468985497665,6.622626177900864
NP0447597,Gandaki,Nawalparasi East,Chitawan,0,94.80588182566215,84.04842421447835,27.5642017573103,151.93607017806931,847.0237833658854,20663.305544217423,1721.9421286847858,2380.439412911733,1559.8180250688033,2043.686782836914,1639.9282497564952,136.66068747970797,218.2803800732432,111.0,851.79345703125,740.79345703125,138.9736271249458,9.495722043566934,55.286486249250025,32.14648902453518,0.0853378026595911,0.1357952262095902,0.7733332771336153,55.878923060422906,0.5894035473788246,19,1147.3,1147.3,221.2,35389.8,2,75.9704641350211,0.0738396624472573,2.5316455696202533,4.736286919831223,0.010548523206751,2.932489451476793,0.0,13.744725738396625,0.0,0.0,75.9704641350211,2,0.0,0.0,0.0,0.0,47.081196789483286,0.0,102,0.4966062852098201,0.0,130,0.008175317565683,1.3712229399337907,0.0086232176825447,1,0.0105478687687214,1.112601994855234
NP0546301,Lumbini,Palpa,Tansen,1,110.04619922555987,83.52033227909692,27.86656084619236,136.41663233293036,735.606201171875,18552.66199727853,1546.0551664398774,2269.73858888944,1331.6607467188978,1823.1210428873696,1438.1778204043706,119.8481517003642,1019.892338405045,437.0319213867188,1579.7913818359375,1142.7594604492188,250.5591611646409,24.708562033841957,72.18482193412014,78.87518971882852,0.0841814639199116,0.016553605269504,1.5769398610803729,41.10605353134071,0.3735345138734534,15,1296.7,1296.7,202.8,202.9,1,78.39450370638221,0.1807991321641656,9.61851383113361,9.374435002711987,1.4102332308804917,0.4158380039775809,0.0,0.6056770927499548,0.0,0.0,78.39450370638221,3,31945.49569129944,290.2916767331626,264.0123610851193,1636.2032470703125,735.7999676461168,59.72175070371183,2141,6.686282423420729,0.5426970774456384,26057,1.4489573026926728,236.78237125292625,1.3166809148244811,16,0.1453934812160578,1.9263990768847268
NP0546302,Lumbini,Palpa,Rampur,1,123.54821731507366,83.88346792971667,27.85372960399169,156.23029827931347,779.9791137695313,21247.320565986636,1770.6100471655527,2416.1627081394195,1504.598802462491,1861.1365173339843,1623.4214154243468,135.2851179520289,614.8122286412929,295.0,1438.476318359375,1143.476318359375,235.02736885669336,21.80098073888913,63.32459309306174,14.91636073783892,0.0591478533245343,0.2220387994037786,0.2186195914954984,58.15111969810684,0.4706755059832987,28,1279.5,1279.5,43.7,10793.1,2,74.62529368873045,0.3645791136676659,4.13189662156688,17.742850198493073,0.413189662156688,0.9073969051284128,0.0,1.8147938102568255,0.0,0.0,74.62529368873045,2,24220.66733014584,196.0422242951357,133.08058972607603,1829.69482421875,407.3254116174246,57.59866854050356,910,3.2968942852381278,0.4662039630536713,6050,0.3345494136083508,48.9687357007446,0.2707844927905193,9,0.0728460531085457,1.1110152396415742
NP0546401,Lumbini,Palpa,Rainadevi Chhahara,1,176.33419800683637,83.33215522678377,27.8514144252666,128.19257946896786,764.3051452636719,17434.19080777963,1452.8492339816355,2250.9460365772247,1269.0003540732644,1863.7976150512693,1333.689932902654,111.14082774188785,1123.756006841243,317.614501953125,1954.3662109375,1636.751708984375,304.7224087488114,27.656310279859373,64.54766445601823,3.85588286085832,0.0024360150813665,0.0361428536737406,1.8334620526541592,51.38940723629525,0.2914318822846996,23,1344.9,1344.9,267.1,606.4,1,85.78801111552204,0.1190948789202064,8.319627970282992,5.546418646855328,0.0793965859468042,0.1474508024726365,0.0,0.0,0.0,0.0,85.78801111552204,3,3363.540283203125,19.074804100522368,3363.540283203125,3363.540283203125,696.9796605086696,28.67922127886628,1653,3.952606291841633,0.1626412891148568,9323,0.4931238141902066,52.87119631575126,0.2796529656550731,4,0.0226841987839756,4.654849045626106
NP0546402,Lumbini,Palpa,Tinau,1,202.4666421879552,83.4728713699417,27.7688482646725,149.297293069462,877.4569600423177,20304.43185744683,1692.0359881205693,2528.7856127023697,1494.6676157171075,2091.7442347208657,1489.576838850975,124.13140323758124,857.4415633464426,192.2410430908203,1718.309326171875,1526.0682830810547,295.3509669892559,27.48190413317412,66.40912778623849,326.2329293572898,-0.0226883981057761,0.0339336966561369,0.3177854912556437,82.8538613748749,0.4092222821473941,27,1285.7,1285.7,154.0,357.0,1,90.37157983276434,0.7174311018752165,5.818613626243135,2.246301518974816,0.1830686259957449,0.643214091336401,0.0,0.0197912028103508,0.0,0.0,90.37157983276434,2,4817.475540161133,23.79392223875053,172.0526978628976,502.8515625,597.8297516072414,77.40144838472827,1408,2.952732090317673,0.3822923497337128,7237,0.3317144491582222,35.74415973808515,0.1638365933141138,6,0.0296345113207835,1.9998537000149323
NP0546403,Lumbini,Palpa,Ribdikot,1,124.84890841590678,83.42972657760095,27.857509000062976,132.75469488153857,756.3500467936198,18054.638503889244,1504.553208657437,2276.493551532428,1301.6742921309035,1853.9712295532229,1387.3127992947898,115.60939994123248,1243.0208600600006,488.5465087890625,1893.6273193359373,1405.080810546875,227.8361815194777,28.889513031363347,65.18645406064763,121.49107201567158,0.0116175281193032,-0.0071167405475078,1.322288750600721,31.44023359848374,0.2518262594154807,16,1344.9,1344.9,267.1,606.4,1,83.04462361299592,0.039913786221761,12.101859982437936,4.558154386525106,0.1516723876426917,0.1037758441765785,0.0,0.0,0.0,0.0,83.04462361299592,2,2767.665054321289,22.1681157603831,251.6059140292081,1138.47216796875,585.8882254684634,41.98835825873968,2238,4.6927781179848616,0.3363133790394439,8944,0.4752159339182998,71.63859190666709,0.3806328304731525,6,0.0480580893828267,4.070821294672518
NP0546404,Lumbini,Palpa,Mathagadhi,1,215.9360887693928,83.65627032833743,27.756618699176883,153.369093913171,850.4809366861979,20858.19677219126,1738.1830643492715,2475.9627478255165,1523.4753612942166,2012.163396199544,1545.2768521838716,128.77307101532264,1054.1079446233962,353.24908447265625,1842.11669921875,1488.8676147460938,252.63278788282375,25.549614786484906,74.96058284291935,338.7968820165679,-0.0098939864795131,0.0255041033132032,0.4212770182322526,65.72303416168103,0.3043633629572193,27,1285.7,1285.7,154.0,357.0,1,83.35879983331019,0.3750520905681345,7.987220447284344,7.85757281103857,0.1481687271380284,0.2731860906607399,0.0,0.0,0.0,0.0,83.35879983331019,3,8374.500423431396,38.78231041025698,246.3088359832764,552.0137329101562,590.5976965573523,37.51303128356264,1459,2.7350578586614875,0.1737228431678429,8911,0.4517787781886715,41.26683988203765,0.2092187465112165,1,0.0046309998745413,9.031644505694754
NP0546405,Lumbini,Palpa,Baganaskali,1,84.34633352472308,83.59105765399228,27.886260788039124,143.98377666105242,747.8771484375,19581.79362590313,1631.8161354919275,2318.9617528915405,1399.6514304421164,1827.1767791748048,1518.202937412262,126.51691145102184,895.0647519956933,381.9534912109375,1466.7762451171875,1084.82275390625,226.42602892317163,25.65222755539977,65.3128423518589,103.58155291042812,0.0140512679126301,-0.0033945710798121,1.0571609832459772,29.140330995579607,0.3454842644350174,15,1304.8,1304.8,148.0,10407.1,1,83.63507277245297,0.1419950301739439,4.780499349189445,10.022482546444207,0.0828304342681339,0.4378180097029938,0.0,0.8993018577683115,0.0,0.0,83.63507277245297,2,8831.42898786068,104.70436139671756,18.20913193373336,1800.244140625,408.3607027878679,72.24276915991152,873,4.841475446803764,0.856501594568259,9645,0.4795848703650734,114.34996160411544,0.5685900623344824,0,0.0,4.879532883555073
NP0546406,Lumbini,Palpa,Purbakhola,1,138.30729487946002,83.77359676102863,27.814051136044128,141.3495150699335,758.9582641601562,19223.53404951096,1601.9611707925797,2238.1549295425416,1360.4173091541636,1749.2901306152344,1418.1381182193757,118.1781765182813,1104.322829952368,451.6151428222656,1850.8321533203125,1399.2170104980469,249.08020450411416,30.00979503534888,67.40960704103392,1.9894293562774064,0.0024115036509001,0.0694236515500264,0.01089726098823,36.03263746129375,0.2605259360520176,19,1279.1,1279.1,222.4,222.4,1,83.827978677424,0.518657253997983,10.618066561014263,4.876818902175479,0.0792393026941362,0.0792393026941362,0.0,0.0,0.0,0.0,83.827978677424,2,7725.317784428596,55.85618452852758,13.20567142637367,1292.8311767578125,249.8839839051879,40.202247855132335,271,1.806730325562156,0.2906733725807456,2135,0.1176007007033366,15.43664057532708,0.0850285596329752,2,0.0144605532321565,3.1205320355577446
NP0546407,Lumbini,Palpa,Rambha,1,94.31009290467284,83.69246672982193,27.869023980392203,145.44803542126627,741.2566284179687,19780.93281729221,1648.4110681076843,2297.4437602281573,1389.21350069913,1763.847653198242,1511.751649737358,125.97930414477985,964.2488790090496,350.5,1810.5374755859373,1460.0374755859375,305.1604439005505,28.2697687986884,68.73787563827187,346.7272333625537,-0.0176065246872365,0.0746392873946775,2.028900551183857,33.96093387171018,0.3600986153840115,10,1304.8,1304.8,148.0,10407.1,1,82.65113350125944,0.0209907640638119,8.648194794290513,7.325776658270361,0.1154492023509655,0.3148614609571789,0.0,0.9235936188077246,0.0,0.0,82.65113350125944,3,9167.683755159378,97.20787534825068,12.930442531959631,1643.5623779296875,286.4397222932266,37.50308902472442,577,3.037211749783296,0.3976572164193704,7412,0.362978284776515,78.59180042895231,0.384877454360487,4,0.0424132760005139,2.9913724014384813
NP0546408,Lumbini,Palpa,Nisdi,1,194.83937476507376,83.89901158046766,27.77458449605469,158.39577224689955,871.228749593099,21541.82502557834,1795.1520854648616,2471.703015585741,1558.5620262839575,2002.214090983073,1610.513097167015,134.20942476391792,921.64191805452,285.5,1816.1705322265625,1530.6705322265625,288.9356030581066,30.026080717443737,64.12419356928456,50.89560636134795,0.0202376364253902,0.0164492579860004,1.8167081109701917,69.5954602655619,0.3571940237925529,34,1279.1,1279.1,222.4,222.4,2,85.24279793276365,1.2075935117433352,8.719234508519675,3.991198894744921,0.0921045898787289,0.5782121475720207,0.0,0.1688584147776697,0.0,0.0,85.24279793276365,2,9479.72886109352,48.65407145000152,12.572584696410503,1440.7525634765625,521.551332883481,28.28806150225518,720,2.676827173728811,0.1451865750255219,2952,0.1247892526522407,15.15094165929938,0.0640472454824414,8,0.0410594624913262,9.112470750147413
NP0547301,Lumbini,Nawalparasi West,Sunawal,0,173.8799265085707,83.66549581674515,27.617893492028664,153.87512855932994,897.8341369628906,20927.01748406887,1743.918123672406,2461.638173878193,1575.1482028961182,2080.0005798339844,1578.6703763008118,131.5558646917343,263.749671232155,109.7679214477539,1146.72314453125,1036.955223083496,223.3223761820861,9.659028960138803,63.00059204832059,202.9333428275748,-0.0930745114333695,-0.2199810069425063,0.1305079248389276,59.30377902779277,0.3410616752524888,14,1239.3,1239.3,145.4,145.7,1,69.3904619110778,0.1499336831785941,2.041404763277781,24.65255752263422,2.808373219537512,0.9399688599273398,0.0,0.0173000403667608,0.0,0.0,69.3904619110778,2,44523.13749504089,256.05679959179366,122.99209252773728,519.6258544921875,528.9981558851235,48.17818172345099,1261,3.042318722506757,0.2770773066842552,22053,1.849773842835474,126.82890108602037,1.0638225354577069,4,0.0230043805533977,2.788806813936329
NP0547302,Lumbini,Nawalparasi West,Bardaghat,1,178.81310772075855,83.795687101601,27.55640286803085,148.90062862342478,862.7682495117188,20250.48549278577,1687.5404577321476,2356.9049936532974,1536.7523252313788,2025.3616739908853,1571.4296607573826,130.95247172978188,300.11885978022974,101.27554321289062,1174.7867431640625,1073.511199951172,225.3516552785862,12.347858789947724,60.925943644551445,222.93762741483823,-0.1014774657195131,-0.1090590424045846,0.1757927610558075,52.17365582914927,0.2917775799223044,16,1227.7,1227.7,287.4,287.4,1,62.51256281407035,0.0781686208821887,1.4684533780011166,33.24399776661083,2.3394751535455054,0.3517587939698492,0.0,0.0055834729201563,0.0,0.0,62.51256281407035,2,48546.80401992798,271.4946607591013,211.99477737959816,1303.6943359375,536.6470686241261,58.50012079479914,1516,3.0011618021995057,0.3271578998903994,13337,1.2248643750797688,74.58625472148034,0.6849969729246942,2,0.01118486237107,0.6545168296244457
NP0547303,Lumbini,Nawalparasi West,Ramgram,0,94.092921488619,83.64887848400882,27.526797661344887,145.1401868883301,856.4605305989584,19739.065416812897,1644.9221180677414,2354.511178771655,1496.6175513989997,2006.8284301757808,1515.2423887252808,126.27019906044006,111.1154979558986,101.57999420166016,128.81932067871094,27.23932647705078,3.797826429728972,1.0145436640764192,15.072651208701732,195.5184631848649,-0.0392279783890519,-0.1412747221160762,0.5229697708192197,24.779101634053525,0.2633471385735501,5,1222.6,1222.6,137.2,282.6,1,9.35412026726058,0.0,1.4211475235974125,84.80220596033513,3.966486371831583,0.3924064057694347,0.0,0.0636334712058542,0.0,0.0,84.80220596033513,2,46095.76036071777,489.8961540512192,111.34241633023616,685.3528442382812,270.3187282941431,44.35189615257651,587,2.8728912230325365,0.4713627279384781,5249,0.6380398177965505,55.78528030543606,0.6780954483103434,2,0.0212555840371255,1.871953549541579
NP0547401,Lumbini,Nawalparasi West,Palhinandan,1,44.76084609484178,83.67098025976411,27.46496341494301,143.2607881965883,872.9514770507812,19483.467194736004,1623.6222662280004,2336.0487829446797,1483.7722715897994,1997.5522003173828,1525.8577456474304,127.15481213728587,104.38960684161506,98.8176498413086,117.93856811523438,19.12091827392578,2.321537432837105,1.0866569982872951,14.175829398878838,192.3730346773445,-0.0237180630323913,-0.1081185344109813,0.4786297369786201,18.257479739413466,0.4078895135433431,5,1227.7,1227.7,108.4,108.5,1,9.521670783741298,0.0,0.7635302043566136,86.25645632158096,2.9193801931282284,0.5389624971929037,0.0,0.0,0.0,0.0,86.25645632158096,2,27006.92164039612,603.360391874013,134.36279423082647,540.4202270507812,131.63862445771795,25.251708302621683,231,2.940932443028326,0.564147251576008,149,0.018699051765061,3.32880213399654,0.0417754653820449,6,0.1340457235166391,0.8836959888304043
NP0547402,Lumbini,Nawalparasi West,Sarawal,0,73.33795952633221,83.73111339079684,27.50596616475851,147.53868496900097,878.9867401123047,20065.26115578413,1672.105096315344,2368.192926704884,1508.5933017730713,2014.5429039001465,1560.9445869326591,130.0787155777216,113.31160408711168,97.06938934326172,212.56982421875,115.50043487548828,13.793692957599518,1.278899729850954,16.672372590411772,194.94053293671928,-0.0406726416652114,-0.1524249946633368,0.6259715207724162,49.059886674810606,0.6689562539191659,12,1227.7,1227.7,287.4,287.4,1,19.352204681546,0.0816548720740337,1.4697876973326074,76.3745236799129,2.5313010342950464,0.190528034839412,0.0,0.0,0.0,0.0,76.3745236799129,2,32118.768211364742,437.9555746956991,128.99103699343272,424.6998291015625,181.66577495482449,13.07665769301911,337,2.477104300803417,0.1783068110631561,2000,0.2026276021191047,27.271006896256694,0.2762929367381032,8,0.1090840275850267,6.275533259243627
NP0547403,Lumbini,Nawalparasi West,Pratapapur,0,71.25573972430476,83.7905820702719,27.437630857493303,143.0557838967618,845.5574035644531,19455.5866099596,1621.2988841633005,2324.526430606842,1469.6904997392137,1968.6834411621091,1543.4770683050156,128.62308902541795,104.46582040532472,99.42839050292967,118.55516052246094,19.12677001953125,2.1910210945081325,1.1160165437553395,19.461419967098628,240.1972607951506,-0.0477502515666543,-0.0273498586103316,0.7257662226258123,23.17401428928563,0.3252231241854775,3,1227.7,1227.7,287.4,287.4,1,14.627994955863809,0.0140114894213254,2.648171500630517,78.1140535238896,3.3067115034328154,0.0980804259492784,0.0,1.1909766008126663,0.0,0.0,78.1140535238896,2,36209.19182777405,508.158247572348,203.4224259987306,1746.9888916015625,308.7207842975181,23.1827522779413,536,4.332574266886966,0.3253457527440958,7719,0.4191690673024461,108.32811545940784,0.588260074099646,4,0.056135828713257,1.447558466955872
NP0547404,Lumbini,Nawalparasi West,Susta,1,91.39291548261669,83.85705980207884,27.4226596715228,137.52697062807923,797.6792236328125,18703.66800541878,1558.639000451565,2222.8959211826323,1385.3157878528943,1838.2475982666017,1510.102925157547,125.84191042979558,122.77078778012722,98.5,821.5587158203125,723.0587158203125,79.04469884138418,2.424714508375893,51.3124493492,293.9139023569974,-0.0587204092161478,0.0260383514145817,0.5365305008431093,43.09691286249772,0.4715563852506154,15,1105.5,1105.5,155.7,36545.4,1,28.757525998905308,0.2079912424740011,4.159824849480022,50.38861521620143,1.959496442255063,4.455391351943076,0.0,10.060207991242477,0.0109469074986316,0.0,50.38861521620143,3,28296.26579284668,309.6111514051519,160.77423745935613,1018.8963012695312,287.97290554219603,29.320146222044784,527,3.1509324767844804,0.3208142126467297,7454,0.3898841672805229,81.55993230588845,0.4266021772274904,1,0.0109417671459469,4.884907202309623
NP0548201,Lumbini,Rupandehi,Butwal,1,101.8562492929917,83.43298775897134,27.68903106402176,182.80766642137485,1179.935028076172,24861.84263330698,2071.8202194422483,3146.865082502365,1934.2682210748849,2731.093376159668,1819.862646639347,151.65522055327892,256.802827464681,113.0,1062.029052734375,949.029052734375,185.4751846866826,9.950336116695231,55.61480204670771,205.186026461665,-0.1136015943827778,-0.241568582615284,0.9421070610405384,33.173180121790566,0.3256862524592595,8,1271.3,1271.3,194.9,195.0,1,59.524977917361866,0.6477573854156443,1.7960545686524685,22.24948473844342,14.10344489154971,1.4721758759446462,0.0,0.2061046226322504,0.0,0.0,59.524977917361866,3,33796.56281197071,331.8064728139966,24.38424445308132,776.9481201171875,688.6349738463355,97.99121511008724,2860,6.760851480653505,0.9620540299713316,50493,3.7150603308249255,495.7280515479791,3.647356305196821,8,0.0785420635015513,1.4897992126948574
NP0548301,Lumbini,Rupandehi,Sainamaina,0,161.62150584565714,83.30557101474851,27.7118425242099,153.04215599012142,989.4630432128906,20813.733214656517,1734.4777678880428,2671.650880495707,1582.9059748794095,2285.059326171875,1557.143426100413,129.76195217503442,259.75414405755987,110.60081481933594,985.8534545898438,875.2526397705078,174.66153258752144,11.0290919052777,56.34409785741388,186.87085610256943,-0.0293154321626459,-0.2432872021544525,0.4594318372133951,73.72472357057737,0.4561566431696404,16,1271.3,1271.3,194.9,195.0,1,69.51459898977454,0.0862387581618824,0.9855858075643712,26.265861771590487,2.815079462855735,0.3264752987556979,0.0,0.0061599112972773,0.0,0.0,69.51459898977454,2,25288.73446750641,156.4688704958377,84.57770724918531,522.0458374023438,669.4040002657172,39.21198714600614,1870,4.141800292994266,0.2426161477758548,30677,1.9569353569288788,189.80766105035212,1.2108137136141297,2,0.0123745908042085,2.7561723429029024
NP0548302,Lumbini,Rupandehi,Devdaha,1,137.2598198028553,83.55958176811767,27.65113837166969,153.09060803216462,892.4066467285156,20820.32269237439,1735.026891031199,2541.2628728548684,1568.7207216205018,2155.63894144694,1552.282250165939,129.3568541804949,269.12841268122577,106.5,1160.58056640625,1054.08056640625,212.5115441627039,10.846177890725526,60.7883269536152,193.54195677143093,-0.0664402211768357,-0.2758533818357859,0.6066144435608527,63.99199475377964,0.4662106860237074,14,1212.5,1212.5,233.9,233.9,1,65.09769739231496,0.1743299193724123,1.6706617273189512,29.272898961284238,2.963608629331009,0.8135396237379241,0.0,0.0072637466405171,0.0,0.0,65.09769739231496,2,33096.9048576355,241.1259529931789,180.8574035936366,1730.874267578125,437.1199238328853,73.75779703838695,1243,3.184616768845505,0.5373589819972402,8713,0.7410436684537934,63.47815414965852,0.539883900123245,5,0.036427266239905,2.1071376338717736
NP0548303,Lumbini,Rupandehi,Tilottama,0,126.48600769841312,83.48624982502066,27.60829025806396,140.62870827282177,873.8306884765625,19125.50432510376,1593.79202709198,2361.185898447037,1480.8315751509233,2052.208203125,1446.8483436107635,120.57069530089696,125.41435451833313,103.0,168.02552795410156,65.02552795410156,11.291451384043924,1.3467572771805405,18.98649163024504,181.72231882603444,-0.0055680836087756,-0.1851756990441498,0.2120268554280134,51.09303159736848,0.4039421634620023,16,1258.0,1258.0,174.0,699.5,1,21.08832807570978,0.1656151419558359,2.0110410094637223,64.28233438485805,11.214511041009462,1.0488958990536277,0.0,0.1892744479495268,0.0,0.0,64.28233438485805,3,97543.78668117525,771.1824292356015,92.45856557457368,531.0887451171875,1209.661374732406,135.5666076503602,5695,9.563598351658484,1.0717913397472263,31017,3.350626150556863,245.22080002679328,2.649009334333587,15,0.1185901924880516,1.8908437503405189
NP0548304,Lumbini,Rupandehi,Lumbini Sanskritik,0,112.50519684088069,83.26649372380147,27.472780768147626,120.23903950566756,810.5504150390625,16352.509372770786,1362.7091143975656,2104.971295773983,1262.8311334956777,1834.35636138916,1257.3922606408596,104.7826883867383,96.45743435988057,87.3079605102539,112.76341247558594,25.45545196533203,3.564101799285777,0.9318988416827106,17.183835084754275,214.4875076785372,-0.0547259549734512,-0.0796639631015457,1.3958915551203248,44.83955184439385,0.3985553832487553,11,1237.3,1237.3,194.4,194.5,1,6.168917129997353,0.0,0.6354249404289118,90.0626599594034,2.7446827287971054,0.2206336598711499,0.0,0.1676815815020739,0.0,0.0,90.0626599594034,2,70334.88331985474,625.1700836480592,236.81778895573984,2252.056396484375,268.02009172883066,40.54601258992098,460,2.3822907674913822,0.3603923527840795,15499,1.1758817712260363,137.76252506735915,1.045179959899203,13,0.1155502178124826,1.536228120021886
NP0548305,Lumbini,Rupandehi,Siddharthanagar,0,36.11868451975077,83.44226116484938,27.50126979062477,110.68656476280267,713.615966796875,15053.372807741163,1254.4477339784305,1866.877062559128,1188.8138615001333,1652.3954162597656,1127.832487821579,93.98604065179823,104.78016771887977,95.0,117.68948364257812,22.689483642578125,2.811852527708313,1.181699020816219,20.099315835864356,206.9008058700818,-0.0483159867628264,-0.095232692728403,1.9391965112902596,0.0,0.0,0,1247.4,1247.4,106.4,806.1,1,8.981049162318044,0.1098599285910464,3.350727822026916,64.13073331502335,22.878330129085416,0.549299642955232,0.0,0.0,0.0,0.0,64.13073331502335,3,9676.375685691832,267.9049864177778,12.850432517519035,125.30667877197266,308.59566333266594,28.076522272627763,1110,8.54393418353641,0.7773406658062169,16431,1.9241715921357512,454.916900171573,5.3273578972223,27,0.7475355306817887,0.3389263098526113
NP0548401,Lumbini,Rupandehi,Kanchan,0,58.65674975780423,83.26044383046708,27.642690893104216,137.68761179201744,898.2899475097656,18725.51520371437,1560.459600309531,2411.4895679950714,1425.4617819352584,2073.018295288086,1410.7163928747177,117.55969940622649,126.81046669777724,102.63282775878906,174.71780395507812,72.08497619628906,14.16998717237382,2.503054317389779,24.816262546131632,163.7098424629838,0.0343584199857668,-0.1175716031574101,0.409028723603,14.336589572929524,0.2444150013787978,2,1237.5,1237.5,204.4,204.5,1,35.66170176339668,0.0,2.0202020202020203,60.31501455230269,1.7120356103406948,0.2396849854476973,0.0,0.0513610683102208,0.0,0.0,60.31501455230269,2,9913.888544082642,169.01530659331507,125.492260051679,640.4262084960938,244.5993596284429,67.55533380623952,385,4.170012157823306,1.151706054037734,3612,0.2442778502240729,61.57859095354029,0.4164530957352815,0,0.0,4.4873042155966125
NP0548402,Lumbini,Rupandehi,Suddhodhan,0,57.70239649402064,83.36864733608837,27.622297089960146,149.52793225120095,965.53515625,20335.79878616333,1694.649898846944,2611.5785484313965,1576.3183760209515,2273.6575622558594,1507.960420846939,125.6633684039116,116.6288463266038,99.5,141.4570770263672,41.95707702636719,6.192449063135637,1.2326984490075992,20.460688833392524,225.6538911062803,-0.135827930507733,-0.1327624950187387,0.0381467205287869,31.17179685617334,0.5402166764322084,10,1258.4,1258.4,104.9,300.0,1,17.91508457024508,0.1725923369002416,3.382809803244736,72.04004142216085,4.124956851915775,2.019330341732827,0.0,0.3451846738004833,0.0,0.0,72.04004142216085,2,31156.13696670532,539.9452858068703,432.7241245375739,2802.572998046875,197.69917834730177,43.98504486794116,303,3.4261866119856594,0.762274143544438,4047,0.3417052493392243,70.13573518422874,0.5921855418511659,0,0.0,3.616140971271472
NP0548403,Lumbini,Rupandehi,Gaidahawa,1,97.0495839348362,83.27551154444622,27.57985972514297,131.99921831094167,891.3365478515625,17951.893690288067,1495.991140857339,2306.7950853705406,1376.1818006688898,1990.9978866577148,1347.4558452367785,112.28798710306484,109.0617298787073,95.1527862548828,136.3131561279297,41.16036987304688,5.381399157920725,1.4082237312461452,19.04183890830204,182.7440892613436,-0.006783267128772,-0.1415243217557996,1.6092533092954542,35.62888653866204,0.3671204460040241,12,1237.5,1237.5,204.4,204.5,1,18.54188210961737,0.0413650465356773,2.0579110651499484,76.60806618407446,1.861427094105481,0.5687693898655636,0.0,0.3205791106514994,0.0,0.0,76.60806618407446,2,58422.91157531738,601.9903353171031,1007.2915788847824,9549.98828125,254.43296375514268,79.81830661621186,264,2.621680108654369,0.8224487254866105,5241,0.2795783866988567,54.00332270892642,0.2880778828341801,76,0.7831048513410432,0.6006562345698229
NP0548404,Lumbini,Rupandehi,Siyari,0,66.51320403412628,83.3959078719037,27.566857592313163,129.0224951505661,861.7262573242188,17547.05934047699,1462.2549450397491,2228.016219854355,1357.505411321467,1932.7822265625,1315.4102809429169,109.61752341190974,110.5199846001948,98.0,137.3883514404297,39.38835144042969,4.875886628222522,1.2570937160771172,24.535335040716294,213.41839559842637,-0.0818061393547377,-0.123978889859204,1.2215752630927574,21.658291116761816,0.3256239333418592,4,1258.4,1258.4,104.9,300.0,1,18.869630746043708,0.0301431801055011,1.974378296910324,73.353428786737,3.8884702336096457,1.1303692539562924,0.0,0.7535795026375283,0.0,0.0,73.353428786737,2,29816.57111167908,448.28048121664585,208.5074902914621,2342.224609375,203.2212469556551,85.33859269040657,300,3.0553519396146864,1.2830323531944343,1820,0.2136525709094087,27.36298794245731,0.3212182814103932,15,0.2255191313938789,1.8444712535985373
NP0548405,Lumbini,Rupandehi,Mayadevi,0,72.6389268409996,83.36236235501885,27.51485358993049,111.15333377730612,750.153076171875,15116.853393713633,1259.7377828094693,1910.8102752367656,1185.7824323249586,1682.274805704753,1144.142054239909,95.34517118665909,102.36142947207712,93.5,118.38661193847656,24.88661193847656,2.836538791036252,1.2721290291321936,16.811380917936855,211.25824201980285,-0.0522641611984761,-0.0861007429501565,0.738964535348255,25.709441142594034,0.3539347600614998,5,1258.4,1258.4,104.9,300.0,1,14.254325734688273,0.0549299642955232,2.5542433397418294,75.63856083493545,5.190881625926943,1.4831090359791266,0.0,0.8239494644328481,0.0,0.0,75.63856083493545,3,32761.45703172684,451.0179108708319,86.21436060980747,6072.58154296875,205.161745022872,54.65627983222219,359,2.824404956752094,0.7524378760696742,6031,0.5472800401091743,83.02710767191458,0.7534252829851459,5,0.068833616043703,0.8740026744757424
NP0548406,Lumbini,Rupandehi,Om Satiya,0,48.64727886114944,83.51015364102611,27.534556177481434,123.26713085525176,786.8838500976562,16764.32979631424,1397.0274830261867,2048.9151952266693,1304.8516547463155,1797.989227294922,1284.8247718811035,107.06873099009196,110.42742160024083,101.690673828125,132.57449340820312,30.883819580078125,2.153492354498309,0.9566465778576504,22.6512307968654,198.38396286244847,-0.0452186033957576,-0.1360592754817335,0.0260098753529452,16.29214477204833,0.3349035167732582,5,1212.7,1212.7,137.8,420.5,1,6.289825282631038,0.0205549845837615,1.4182939362795477,85.85817060637204,5.632065775950668,0.698869475847893,0.0,0.0822199383350462,0.0,0.0,85.85817060637204,3,27592.398490190502,567.1930503851115,75.80329255546842,1668.329833984375,178.27076981683257,36.56535983786705,383,3.6645578949165594,0.7516424493594601,4491,0.5318299339158387,92.31759936292327,1.0932367572579014,1,0.0205561343493483,2.638996744655236
NP0548407,Lumbini,Rupandehi,Rohini,0,64.76754970546972,83.54789513566638,27.4961405783037,130.48832682447105,837.5885416666666,17746.412448128063,1478.867704010672,2181.375391681989,1375.9508122530851,1902.5533142089844,1372.3525341351826,114.36271117793189,106.17249588809094,98.86954498291016,121.36986541748048,22.500320434570312,2.10493529454554,0.901360728227196,17.880257283304232,186.28120486927435,-0.0151545692322171,-0.1376824409127897,0.1748329536423689,23.91924837483528,0.3693091445269739,8,1212.7,1212.7,137.8,420.5,1,5.781946793787482,0.1537751806858373,1.199446409349531,89.32800246040289,2.96786098723666,0.4920805781946794,0.0,0.0768875903429186,0.0,0.0,89.32800246040289,2,152394.93842697144,2352.95204342278,3386.554187266032,16594.443359375,189.96845665019535,24.65976311232937,514,2.9330808022547785,0.3807425666783688,1582,0.2540935779066563,24.42581211106706,0.3923161815788095,1,0.0154398306643913,3.174534122062158
NP0548408,Lumbini,Rupandehi,Kotahimai,0,58.395961186878864,83.3502558141617,27.447045604079968,116.92425014429232,816.6640625,15901.698019623756,1325.141501635313,2032.5350934267044,1256.696411479603,1808.6399993896484,1210.6083010435104,100.8840250869592,97.1194603140438,90.5,111.18741607666016,20.68741607666016,2.2167408572444582,1.1693243300650846,22.195128193612604,221.34218743596264,-0.0591334725054849,-0.0672103481100492,1.7701357714073505,18.088312290245117,0.3097527966422003,4,1227.1,1227.1,131.5,431.5,1,11.391319265740265,0.0,0.7548464573683308,83.9080459770115,2.401784182535598,0.5832904443300738,0.0,0.9435580717104134,0.0171556013038256,0.0,83.9080459770115,2,43971.57775115967,752.9900502954604,314.08269822256904,1259.4068603515625,142.8331397725189,21.587333995584512,216,2.445942097184153,0.3696716957273926,5576,0.2661005026611341,95.48605565641216,0.4556830596718132,10,0.1712447196133647,2.7392815559808392
NP0548409,Lumbini,Rupandehi,Sammarimai,0,50.91759934793786,83.30425261281796,27.389590249039717,115.68254227585652,795.13916015625,15732.825749516487,1311.0688124597073,2014.2730169296265,1226.5503330230713,1760.726547241211,1217.693487048149,101.47445725401242,92.36239146998804,85.78375244140625,105.29198455810548,19.50823211669922,1.9094937757786956,1.011112292207363,16.42665271520502,203.90305049526165,-0.0250967587734735,-0.0566259156234432,1.4158407672406192,1.7994568542655094,0.0353405674523103,2,1220.7,1220.7,85.4,1067.2,1,9.684418145956608,0.0,0.5325443786982248,86.05522682445759,2.42603550295858,0.1775147928994082,0.0,1.1242603550295858,0.0,0.0,86.05522682445759,2,68453.09872436523,1344.389751303889,866.4949205615852,3074.254638671875,112.75381726928924,31.178093857844388,106,2.214437025964299,0.612324505811704,5354,0.2802918386967877,105.1502833708682,0.5504812526243728,7,0.1374770234583633,3.4990554496140027
NP0548410,Lumbini,Rupandehi,Marchawari,0,48.675093597441496,83.35111548188846,27.37332686495245,117.0615466153797,802.5946044921875,15920.37033969164,1326.6975283076365,2076.2552069425583,1248.5874682339754,1824.6770248413088,1251.7286491394043,104.31072076161702,92.64614994846768,85.5,107.38541412353516,21.88541412353516,2.50003064811571,1.2497375471378112,18.17519689710609,210.9627047126273,-0.0409713328107754,-0.0682883961891442,1.7616885155548865,12.691594635452851,0.2607410422343791,6,1231.5,1231.5,176.0,982.0,1,12.453836684448092,0.0,0.1231021748050882,85.2482560525236,2.1748050882232253,0.0,0.0,0.0,0.0,0.0,85.2482560525236,2,22918.717279434204,470.8510161064976,140.60562748119145,1002.988037109375,118.8775254974458,13.009317226914533,149,2.4422659868022185,0.2672684583722781,5411,0.2712920932030764,111.16568248950256,0.5573529975037097,10,0.2054438781916513,2.503789364248023
NP0548599,Lumbini,Rupandehi,Lumbini Sanskritik,0,7.876775917698644,83.27604155473041,27.48419927013649,118.91895703094848,818.243896484375,16172.978156208992,1347.7481796840827,2047.9771835803983,1271.8293359929864,1824.0237731933596,1228.5612260103226,102.38010216752689,99.09189945089406,92.48240661621094,118.5442123413086,26.061805725097656,3.169370575912936,2.973731571451283,20.104029395844503,240.25119746086315,-0.0314480746254109,-0.017973183510195,0.4745570018578326,2.320582959624621,0.2946107625596419,2,1237.5,1237.5,204.4,204.5,1,65.37530266343826,2.3002421307506054,6.779661016949152,20.33898305084746,3.87409200968523,0.847457627118644,0.0,0.4842615012106537,0.0,0.0,65.37530266343826,3,5607.545303344727,711.90869994726,60.29618605747018,1039.3367919921875,64.0919146445815,18.778446557492224,240,8.13682086608187,2.384027012282802,273,0.1043294483794965,34.65885063285669,1.324519695235642,1,0.1269554968236509,0.2691120925310891
NP0549301,Lumbini,Kapilbastu,Shivaraj,1,284.9840612780271,82.85240175128789,27.69357588774632,129.62968750984646,857.3103230794271,17629.63750133912,1469.1364584449266,2257.8425183296204,1360.9959506699531,1970.7607599894209,1387.9684647917747,115.6640387326479,248.49022780587543,102.040283203125,1000.115478515625,898.0751953125,185.8988844140878,8.886944161706037,62.328830012201024,166.53519225056036,0.0385305293836761,-0.1609265881767272,1.870973098627382,80.7730256006064,0.2834299758322455,16,1278.8,1278.8,152.1,152.1,1,67.20496024100606,0.0805688863978701,2.073773075979963,28.0414754615196,1.4467369601008864,1.0684134935369742,0.0,0.0840718814586471,0.0,0.0,67.20496024100606,2,67374.66671693325,236.41556097835,67.17314727510792,6066.7998046875,622.1713977739003,68.02664706841692,1224,2.1831796311124823,0.2387033392792129,12638,1.1992908604438506,44.34633973326149,0.4208273455945441,6,0.0210538090203805,2.421247757000046
NP0549302,Lumbini,Kapilbastu,Buddhabhumi,1,367.7960149124826,82.99761474823985,27.685624986931508,122.08419237404811,795.6657060895648,16603.450162870544,1383.6208469058786,2194.562284009797,1301.2106507288945,1950.3513608660016,1269.7094780036382,105.80912316696984,202.54048196052105,95.5,1273.298828125,1177.798828125,193.6893190443197,6.285674883744979,61.48324079201426,175.69337471346088,0.0119553900203754,-0.1587560667864385,0.5820468386819809,156.8444756548022,0.4264441954112077,40,1278.8,1278.8,195.3,195.3,1,73.53942530300966,0.1770393572109492,2.15988015797358,22.0345907667166,0.8334468201007762,0.915157292659676,0.0,0.3295655726542285,0.0108947296745199,0.0,73.53942530300966,2,63108.35022354126,171.58519305479138,521.5566134176963,7021.8876953125,590.2792126304835,101.92354894275952,844,1.6049092124365212,0.2771197751204898,9367,0.729544865511245,25.46792140265273,0.1983558374564881,12,0.0326267809151097,2.074104250774035
NP0549303,Lumbini,Kapilbastu,Banganga,0,234.3329827463802,83.15760995837121,27.68496247718264,137.18917085743752,901.759504045759,18657.727236611503,1554.810603050959,2440.809750318527,1417.6581677523527,2106.118390764509,1413.9303621223994,117.82753017686662,150.27767960952707,107.5805892944336,494.9854431152344,387.4048538208008,43.47390227014954,3.4655921370478158,48.85333185973308,200.5901757876065,-0.0677183823107399,-0.1802556758521369,0.133859952836521,111.7778607095058,0.4770043866615377,23,1294.4,1294.4,213.8,213.8,1,58.47059827600922,0.3797900486472647,2.1379192626098837,35.97337202355552,1.9160194589058637,1.002816420585474,0.0,0.1194845096867798,0.0,0.0,58.47059827600922,2,52048.4987487793,222.11341373617756,272.5052290512005,5163.091796875,770.1243341422772,127.79523850118515,1668,3.286452999985012,0.545357452473938,30284,2.3097390924062595,129.23490174141014,0.9856653832235396,3,0.012802295113731,2.031994403307795
NP0549304,Lumbini,Kapilbastu,Krishnanagar,1,96.96459052005694,82.8153973096935,27.52965708228214,120.74251816728535,825.2244669596354,16420.98247075081,1368.4152058959007,2100.259015401204,1273.7920556501908,1845.173868815104,1264.1549946467082,105.34624955389236,102.36902444169732,93.64392852783205,119.1505355834961,25.506607055664062,3.4234475331619563,1.1747010516636194,17.285413328264653,183.77889116243944,-0.0075343736336599,-0.1140709460333353,1.2886177416289537,39.60342475704469,0.4084318259339505,6,1260.1,1260.1,106.6,289.7,1,11.93069820520801,0.0726216412490922,4.295051353874883,79.6244423695404,2.666251685859529,1.3486876231974272,0.0,0.0622471210706504,0.0,0.0,79.6244423695404,2,68995.40275192261,711.5525614234512,152.98315466058227,1480.4793701171875,186.66208072578172,35.65127064863904,234,1.925054081336744,0.3676730903253249,1304,0.1614142565374058,13.44820818616534,0.1664672182615132,7,0.0721913016128507,2.977481224181309
NP0549305,Lumbini,Kapilbastu,Maharajganj,0,112.57409650082928,82.93576698540296,27.54393005118884,118.95011061780592,815.8285522460938,16177.215044021606,1348.1012536684673,2100.6389194726944,1260.2012417966669,1855.7822265625,1247.6936179995537,103.97446816662948,101.62679926951532,91.29016876220705,121.72432708740234,30.434158325195312,4.306272899305896,1.045206059928808,21.065825215225875,169.15536705924274,0.0206250643404923,-0.1076646455268848,0.9052449085419448,50.01142659899304,0.4442534131164413,4,1249.5,1249.5,205.4,205.4,1,10.101189419492275,0.0532575892064619,2.7516421090005325,83.88070300017752,1.8728918870939109,0.7722350434936978,0.0,0.5680809515355938,0.0,0.0,83.88070300017752,2,43462.59848022461,386.0799227458552,388.0589150020055,7045.771484375,377.0755097599021,36.1416435255583,836,3.34957615899786,0.3210476001936383,9625,0.779895718288776,85.499242713701,0.6927843460711506,0,0.0,5.178370702331527
NP0549306,Lumbini,Kapilbastu,Kapilbastu,0,137.3042748721896,83.0721956404623,27.563902283334173,116.6264690265936,778.1762573242188,15861.19978761673,1321.7666489680607,2123.32276263237,1238.8812841935592,1886.779281616211,1197.855662250519,99.82130518754325,104.1921330537645,92.46485900878906,127.05183410644533,34.58697509765625,5.255362861160831,0.9055404789306694,14.21795789587706,199.7997656180877,-0.0385554828323938,-0.1070933479350772,0.9754498897930804,57.2172812677709,0.4167188626940559,11,1214.8,1214.8,350.5,350.8,1,10.031325125664749,0.1238435200699351,2.658993225030961,82.24666715232753,2.833831135717928,0.7576309463101916,0.0,0.9251839440518684,0.4225249508268376,0.0,82.24666715232753,2,40888.527294158936,297.7950055249207,111.41288091051482,2799.451416015625,406.1878088525449,90.09918791570756,708,2.9583041695580627,0.6562008939603435,22130,1.449033763867298,161.17487981055086,1.0553449739391862,8,0.0582647554669863,2.9696571455747978
NP0549401,Lumbini,Kapilbastu,Bijayanagar,0,173.75685479917226,82.76527290268814,27.65559601174943,126.80102513058512,829.436767578125,17244.93941775958,1437.0782848132983,2224.532406965892,1345.5164696086538,1946.5348765055337,1356.7813770373662,113.06511475311385,192.50737426457,100.10353088378906,893.7959594726562,793.6924285888672,148.18636897087532,5.882086261231801,54.52157513845864,175.4484302174266,0.0148669613910192,-0.1867534898853288,0.5159975351404118,67.68751958635278,0.3895530893706947,15,1267.6,1267.6,224.4,224.4,1,54.38768450184502,0.1787361623616236,2.7559963099631,40.15797970479705,0.720710332103321,1.683579335793358,0.0,0.1037822878228782,0.0115313653136531,0.0,54.38768450184502,2,31514.583862304688,181.3717444340781,643.1547727000957,3634.903564453125,341.53536331018256,36.8989384129492,483,1.9655936089826689,0.2123596128371274,9949,0.6374801039262082,57.2581727005765,0.3668805496410522,92,0.5294755139665331,0.9763605951505504
NP0549402,Lumbini,Kapilbastu,Yasodhara,0,67.7611394826392,83.02619109157528,27.482548661295752,113.19084623572871,773.6240234375,15393.955088059109,1282.8295906715923,2008.459932804108,1202.1017171686349,1775.8903350830078,1168.127839565277,97.34398663043976,95.1947767281662,83.44483947753906,110.03785705566406,26.593017578125,1.9971853860195024,0.8075696417761943,14.50870713501992,184.9777167971252,-0.0082488399475703,-0.0947088916540694,0.3240907886211344,15.3823148411634,0.2270079127743186,4,1214.8,1214.8,350.5,350.8,1,5.042886719905353,0.0147885241052942,1.4344868382135465,90.34309375924283,2.114758947057084,0.5028098195800059,0.0,0.5471753918958887,0.0,0.0,90.34309375924283,2,47529.13983917236,701.4217913402948,440.0846281404848,3023.56884765625,276.60830307570046,45.42481237180779,661,4.082108199295692,0.6703667134087362,8475,0.6931366984435656,125.07168658477688,1.0229118101255534,10,0.1475772113094712,0.5122912328255559
NP0549403,Lumbini,Kapilbastu,Mayadevi,0,88.78084264839106,83.1307183945109,27.508998063107253,120.41402336560628,801.0045928955078,16376.307177722454,1364.6922648102045,2159.667652368545,1261.2884806719694,1890.6208267211916,1242.8988301753998,103.57490251461664,99.29206611597633,90.47295379638672,122.9005889892578,32.427635192871094,4.395378512678263,0.7468269472161609,13.54761279437559,193.5442613308801,-0.0268991886137141,-0.1116631038122686,0.5559593924885384,37.58374319787904,0.4233316791858604,9,1234.0,1234.0,122.3,122.3,1,4.5582126417424496,0.0112271247333557,0.5613562366677893,92.3543280565847,2.4026046929381386,0.0336813742000673,0.0,0.0673627484001347,0.0112271247333557,0.0,92.3543280565847,1,75942.65394592285,855.394606319375,325.934137106965,13582.7109375,155.1138754678189,31.099078844726147,145,1.7471548009758608,0.3502904220890467,8906,0.534206949072728,100.31443422170987,0.6017142134913148,62,0.6983488571464196,0.5025820322491338
NP0549404,Lumbini,Kapilbastu,Shuddhodhan,0,91.94732683670456,83.19312937274118,27.51529482408221,125.69174956106671,830.4791463216146,17094.077940305073,1424.5064950254227,2238.426896174749,1297.2075160633433,1921.5565490722656,1310.3527619838717,109.19606349865596,99.90406945654556,86.34908294677734,119.65190887451172,33.302825927734375,4.99651929484312,0.8565251145363446,15.729011559316191,182.46437108983196,-0.0052775085926358,-0.1226245844103906,0.0614030116170081,16.998866368195177,0.1848761345545652,8,1233.8,1233.8,111.6,111.6,1,5.1936715766503,0.0,0.7855973813420621,92.1112929623568,1.7239498090561922,0.1636661211129296,0.0,0.0218221494817239,0.0,0.0,92.1112929623568,2,31566.94352722168,343.3155113175127,457.4919351771258,6093.333984375,152.2413804073172,40.49932456661013,148,1.6557455844006528,0.4404622294081002,8020,0.4253529382885191,87.22385169764922,0.4626050075864978,6,0.0652547518935031,2.713600876789639
NP0550301,Lumbini,Arghakhanchi,Bhumikasthan,1,159.5971200145622,83.03654348328672,27.986538075167307,124.62216047854984,685.9586283365885,16948.61382508278,1412.384485423565,2151.854039867719,1242.8391418457031,1809.288024902344,1406.7708808978398,117.23090674148663,1089.4163015156205,450.9363098144531,2232.421875,1781.4855651855469,281.3128960401661,30.02011575040193,65.1183322507351,262.6890072676687,-0.1232880435552818,-0.0158176053563849,0.4515667506884009,63.786877227100014,0.399674362678223,22,1639.9,1639.9,156.3,156.3,1,87.07542457542458,0.0062437562437562,5.713036963036963,7.117882117882118,0.0124875124875124,0.0561938061938062,0.0,0.0187312687312687,0.0,0.0,87.07542457542458,3,8.322041511535645,0.0521440581808513,4.161020755767822,4.292870044708252,295.7387369168631,36.4762679187714,237,1.8530330427634207,0.2285521688326404,8345,0.4376557961548058,52.28791095502584,0.274225372058639,0,0.0,5.5704041925188905
NP0550302,Lumbini,Arghakhanchi,Sandhikharka,1,129.78274070402352,83.13766010315676,27.97372551349297,132.39668042519514,712.0991007486979,18005.948537826538,1500.495711485545,2252.595348676046,1305.374843481815,1868.810557047526,1510.6838341554003,125.89031951295004,1249.1352779935517,791.4688720703125,2273.78515625,1482.3162841796875,279.98295166044886,26.727360130749947,64.1415481502267,70.841450579862,0.0889683907717246,0.0309099203188669,1.1066522480569445,37.45932821206432,0.2886310460763987,18,1368.0,1368.0,221.6,221.6,1,83.22699669459604,0.0,7.04127911445922,9.032208471058498,0.568836959028365,0.1306787608578676,0.0,0.0,0.0,0.0,83.22699669459604,3,11896.484693288803,91.66461294279009,108.14986084808002,3624.1943359375,383.9202001435668,81.68733914144596,402,2.958176087674996,0.6294160432914443,10426,0.6614221370392811,80.33425664647544,0.5096379791729699,4,0.0308207391699502,1.0618968413169363
NP0550303,Lumbini,Arghakhanchi,Shitaganga,1,612.2360386235898,83.01388706483473,27.841146437340207,126.1055845226993,738.8096785111861,17150.359495087105,1429.196624590592,2210.114172772928,1273.0546128611918,1876.7488992864437,1379.6872516437008,114.97393763697508,795.059425453941,177.51510620117188,2268.662109375,2091.147003173828,340.2029333945433,22.673428009964265,66.63716441242732,241.52099010055792,-0.0596168913678955,-0.0323410575753981,0.7514319359934953,207.7937101093612,0.3394013043997158,65,1615.8,1615.8,133.8,134.0,1,94.74838034160068,0.0458085203847915,1.667102938289379,2.614357699103462,0.0425364832144493,0.5856946534912637,0.0,0.2961193639159741,0.0,0.0,94.74838034160068,1,27898.04053378105,45.56745891094645,35.58423537472073,2682.7509765625,722.903426145009,97.78095682692069,638,1.1807593485842784,0.1597112072114356,5571,0.4729865278261509,9.099431671034182,0.0772555841190768,8,0.0130668557473116,6.319033843837408
NP0550401,Lumbini,Arghakhanchi,Malarani,1,101.3515634125551,83.0910704527326,28.06502555157532,134.12618907830293,622.147900390625,18241.1617146492,1520.0968095541,2262.0507547855377,1288.275793318315,1813.548648071289,1563.1583478450775,130.26319565375647,1553.2999795055289,944.5368041992188,2131.2119140625,1186.6751098632812,205.99498868483676,29.713249174182952,68.16464331510575,77.7302858865529,0.0304335062657714,0.0066187278489432,2.1406052701332983,17.681074163667137,0.1744529000672215,10,1639.9,1639.9,156.3,156.3,1,83.76674546887313,0.0,13.307722616233256,2.8861308116627264,0.0098502758077226,0.0295508274231678,0.0,0.0,0.0,0.0,83.76674546887313,2,2775.253173828125,27.382440688471277,2775.253173828125,2775.253173828125,411.8016843375405,14.810399162048729,681,4.063101450752044,0.1461289659811411,12983,0.6377558681374631,128.09866530772933,0.6292511399567222,5,0.0493332301115802,1.1429054991538046
NP0550402,Lumbini,Arghakhanchi,Chhatradev,0,87.85606109927237,83.22547530590235,27.99520171348345,140.2074933052063,714.9886678059896,19068.219089508057,1589.0182574590046,2350.699000358581,1351.2786897601504,1899.7688852945964,1602.1748844782512,133.5145737065209,1080.1324008707934,703.5325317382812,1801.1549072265625,1097.6223754882812,219.06342673392757,25.104052335252906,61.23382720351813,187.25359522816711,-0.0086537518389243,-0.0679899687352794,1.0728019622334497,30.932698349463458,0.3520838285079872,15,1368.0,1368.0,221.6,221.6,1,86.50550448303257,0.0,4.59652706843718,8.739076154806492,0.0226988991033934,0.1361933946203609,0.0,0.0,0.0,0.0,86.50550448303257,2,0.0,0.0,0.0,0.0,197.07177712918863,40.24708086977908,233,2.243121017074835,0.4581024959029537,4701,0.2675486067075623,53.507975900355206,0.3045306190147173,3,0.0341467619019497,3.2970123990991054
NP0550403,Lumbini,Arghakhanchi,Panini,1,151.833463469652,83.24454887732666,27.88707226657596,131.3826991715351,768.6525181361607,17868.047087328774,1489.0039239440646,2282.238406641143,1303.7819465538123,1906.3421282087047,1409.064677630152,117.42205646917932,1165.6648192551197,343.65185546875,2008.93115234375,1665.279296875,296.91815804608143,29.406706746471198,61.690271734353,38.70248138157829,0.0622560619851691,0.0777013713072869,1.3710503771066718,48.31097215224781,0.3181839566078531,20,1344.9,1344.9,267.1,606.4,1,86.16306638566913,0.0592729188619599,6.737355110642781,6.849315068493151,0.0592729188619599,0.1317175974710221,0.0,0.0,0.0,0.0,86.16306638566913,3,2341.5771484375,15.422009713329942,390.2628580729167,530.46240234375,322.7411987888293,69.95936494193927,315,2.125626271137112,0.4607638088682771,2849,0.18884273107921,18.763979526617657,0.1243749083791105,1,0.0065861634000061,5.568333865251589
NP0551301,Lumbini,Gulmi,Musikot,1,115.05938571559956,83.29164521828466,28.166965851387,138.78338309771874,560.0626220703125,18874.54010128975,1572.8783417741458,2202.1530731201174,1306.4888065684927,1696.0680541992188,1694.337752532959,141.19481271107992,1208.827003571048,651.0338134765625,2514.5498046875,1863.5159912109373,338.5851323783444,30.980512527066832,72.72938228291765,280.9315052650751,-0.0996883823209083,0.0192538110978497,0.3270737569834495,56.09663268233241,0.4875450388809691,21,1376.8,1376.8,38.9,1233.4,1,87.91399341078551,0.0,5.9909831801629965,5.332061730535807,0.1300502861106294,0.2687705912953008,0.0,0.3641408011097624,0.0,0.0,87.91399341078551,3,6782.8724365234375,58.95105726784553,565.2393697102865,2461.433349609375,335.5699598191577,35.13262835596083,635,2.916493580529013,0.3053434375427715,8640,0.4792624214070177,75.09165763631053,0.4165348341000573,0,0.0,6.899408789584798
NP0551302,Lumbini,Gulmi,Resunga,1,83.98788962272496,83.258195147599,28.06770822282608,148.89623578038868,703.3784383138021,20249.888066132866,1687.4906721777386,2438.326599995295,1418.7420848499644,1933.7227478027344,1727.116168578466,143.92634738153882,1344.1204622636053,658.0,2340.9384765625,1682.9384765625,303.46603650772164,30.390592453098414,65.24907814653014,344.7389040344091,-0.0305582312111253,0.1120008175952599,2.268625746974848,34.18064955628911,0.4069711682223375,16,1368.2,1368.2,117.8,117.8,1,92.55116611137554,0.0,3.3436458829128983,3.2603522132317946,0.6901475487862923,0.1308900523560209,0.0,0.0237981913374583,0.0,0.0,92.55116611137554,1,10088.341918945312,120.11662591192987,420.3475799560547,825.1737670898438,285.7631462020772,51.19185897917809,517,3.402432749361011,0.60951476705907,6729,0.4349252862424469,80.11869366198844,0.5178428559118925,7,0.083345349328863,0.7184325880435319
NP0551401,Lumbini,Gulmi,Madane,1,94.79341946500448,83.0729031189626,28.175990659114163,120.03544013172971,498.43385823567706,16324.819857915243,1360.40165482627,1975.5558524131773,1144.9772105361476,1545.946329752604,1419.887069940567,118.32392249504726,1643.4060216242372,1030.7286376953125,2669.541748046875,1638.8131103515625,287.73088187734936,26.96110180373393,62.48546184241564,85.6083142853075,0.1280321132577684,0.009832845467697,0.8208518073188231,31.94673222518364,0.3370142400757853,10,1387.3,1387.3,145.8,145.8,1,76.70066239091578,0.0,17.316791084007992,5.929975817474503,0.0420565660813794,0.0105141415203448,0.0,0.0,0.0,0.0,76.70066239091578,3,0.0,0.0,0.0,0.0,242.38070355875425,54.81953788583848,312,2.5569359658793145,0.5783053105925414,5892,0.3336560957282457,62.15621330313112,0.3519823397144395,8,0.0843940438603273,1.2367914948065617
NP0551402,Lumbini,Gulmi,Malika,1,92.7480416993232,83.14647134513791,28.215620749475573,135.69359602530795,553.8406778971354,18454.329059441883,1537.8607549534902,2168.814585288366,1280.7889186974728,1672.076151529948,1644.501974582672,137.0418312152227,1613.9068168401675,905.2244262695312,2691.81396484375,1786.5895385742188,355.8472460806417,27.963233508477447,67.0915805634662,171.88809922959345,0.0164940899268603,-0.1157212035106486,1.2720630544985123,40.46915551270578,0.4363343394774996,7,1377.0,1377.0,133.3,403.9,1,84.58731351293335,0.0,10.700869378555328,4.6152194912525495,0.0643984115058495,0.0321992057529247,0.0,0.0,0.0,0.0,84.58731351293335,2,0.0,0.0,0.0,0.0,203.33124973748588,41.32451819100024,243,2.192296958642628,0.4455567733167761,6796,0.3704219443339582,73.27378428141617,0.3993851919103767,3,0.0323456964161637,2.1394137908838515
NP0551403,Lumbini,Gulmi,Dhurkot,1,83.52086946288289,83.14296676171033,28.111545200092227,143.07417144494897,592.0548706054688,19458.08731651306,1621.5072763760884,2360.0500514507294,1346.5082205570104,1822.3593241373696,1700.934781551361,141.7445651292801,1292.3694253822464,866.577880859375,2045.773681640625,1179.19580078125,211.40642992439237,25.760878505818447,65.13592499977167,22.82196449222335,0.1013824710157997,0.2409207926440524,0.9457249711224628,31.6106725684726,0.3784763349778171,15,1387.3,1387.3,124.8,124.9,1,85.1233758493265,0.0,8.213136249850995,6.603886041244487,0.0238407438312075,0.0357611157468113,0.0,0.0,0.0,0.0,85.1233758493265,3,0.0,0.0,0.0,0.0,254.4745915748958,42.87661606293809,502,3.046838391546985,0.5133641009567398,5628,0.2825037805207269,67.38435598423833,0.3382433424573879,4,0.0478922217371985,2.155593496056964
NP0551404,Lumbini,Gulmi,Isma,1,82.09766841945712,83.21181567110037,28.15692110094549,163.10657267097164,666.3836059570312,22182.493883252144,1848.5411569376784,2628.994141817093,1509.3011849143288,1995.102569580078,1985.730001449585,165.47750012079874,1168.2785629965538,767.3721923828125,1968.2291259765625,1200.85693359375,201.77637680055216,27.149542077068123,63.092918212476526,168.7427604087735,0.0142851732903945,-0.0717690211444997,0.9742313779615348,35.49317254364396,0.4323286303613476,13,1387.3,1387.3,124.8,124.9,1,83.87948625615172,0.0,7.5741207538110675,8.342335854039131,0.0120033609410634,0.1920537750570159,0.0,0.0,0.0,0.0,83.87948625615172,3,0.0,0.0,0.0,0.0,213.403579983835,82.12394482991793,459,2.5993866097817024,1.0003200628101463,4901,0.2465104180439202,59.69718865777757,0.300264822119476,2,0.0243612277730167,4.742607756994941
NP0551405,Lumbini,Gulmi,Gulmi Durbar,1,80.2031454843858,83.30928244455451,28.0345846978975,134.68318618629493,712.729736328125,18316.91332133611,1526.4094434446758,2210.7850410143533,1312.0754225759797,1790.3140920003254,1526.4876075585685,127.2073006298807,1157.179295672012,608.0923461914062,2151.1953125,1543.1029663085938,262.41306287418706,30.39430769839128,65.24424963987515,77.01348231178372,0.0635539663907941,0.0146568380849807,1.1430237536260022,34.07304633631775,0.4248342896096413,12,1350.4,1350.4,174.0,1999.3,1,88.33353952740319,0.0,5.888902635160212,5.1837189162439685,0.0494865767660522,0.2226895954472349,0.0,0.3216627489793393,0.0,0.0,88.33353952740319,3,0.0,0.0,0.0,0.0,241.16259656557887,17.953697026625136,465,3.0068969877562863,0.2238527793167466,5094,0.3172681364874919,63.51371843628896,0.395580665286075,3,0.037405016746931,0.4369029266449065
NP0551406,Lumbini,Gulmi,Chandrakot,1,105.97880156830507,83.40562174216359,28.10813587956835,132.64878835967357,591.6919860839844,18040.235216915607,1503.3529347429674,2108.71735483408,1271.4418622797186,1643.9179916381836,1588.2068997621536,132.35057498017946,1472.2381431124168,600.0,2524.73046875,1924.73046875,406.56503081671286,30.49040593705227,68.43281312168057,210.99304159062532,-0.0961052987729281,-0.1599900861255346,0.881601270924759,41.80658191570874,0.3944806064707545,21,1369.7,1369.7,132.1,132.1,1,82.55879586077141,0.0,11.23236124176858,5.729068673565381,0.1599247412982126,0.1317027281279398,0.0,0.1881467544684854,0.0,0.0,82.55879586077141,3,12658.723816633224,119.445810193225,258.3413023802699,2861.025390625,294.17018711691776,17.829790338100672,497,2.7757455525416583,0.1682392145811261,6647,0.3509206498322114,62.7200902598988,0.3311234366110823,103,0.971892477323541,0.3485645326749724
NP0551407,Lumbini,Gulmi,Chhatrakot,1,87.23786047626857,83.34706565985746,27.98401547806864,128.48929373152993,713.2214965820312,17474.54394748807,1456.2119956240058,2146.7971707880497,1259.237646276301,1748.2524223327637,1431.192028850317,119.26600240419307,1053.1836946693873,563.1431884765625,1686.74169921875,1123.5985107421875,229.95678997427825,27.649103682277733,68.83973329586446,288.0036541572659,-0.0395451968781138,0.0128518017546621,1.1266136585757356,36.41756962259078,0.417451430190651,19,1344.9,1344.9,267.1,606.4,1,84.95394063459571,0.3184351188445354,6.380075059706584,7.722051631979984,0.1478448766063914,0.1592175594222677,0.0,0.3184351188445354,0.0,0.0,84.95394063459571,3,3546.342266559601,40.65141266874968,354.6342266559601,2129.119384765625,366.21581813829727,22.22067925839275,889,4.197900041781968,0.2547137118801472,7623,0.4729074926466922,87.3817853668442,0.5420897418447554,7,0.0802403906031627,1.909231271500484
NP0551408,Lumbini,Gulmi,Ruruchhetra,0,67.52468570911988,83.42141953909704,27.98060127760108,136.11515636742115,756.6572265625,18511.66126596928,1542.638438830773,2230.35711145401,1351.4206875887785,1822.6598510742188,1499.2833572626114,124.94027977188428,1033.341418126512,459.5,1660.131103515625,1200.631103515625,264.70576612604634,29.067956732375787,64.27795204149436,81.05961541636621,0.0681594140295667,0.0107227046831463,0.1693104214072955,24.07482070330042,0.3565336210080113,10,1345.0,1345.0,33.1,9506.4,1,89.65873836608066,0.0,3.73762741911656,4.919485891564485,0.3545575417343773,0.5466095435071651,0.0,0.7829812379967499,0.0,0.0,89.65873836608066,1,2265.111478805542,33.54493923249192,5.778345609197811,17.181093215942383,315.94679505151424,25.702831495386675,833,4.678982089787684,0.3806434820905098,7521,0.4498669107012855,111.38148842926364,0.6662258490757056,14,0.2073315833013816,2.4613848673463434
NP0551409,Lumbini,Gulmi,Satyawoti,1,116.19732454842898,83.46812513313601,28.031381767142157,134.1399999055542,677.6122959681919,18243.03998715537,1520.2533322629477,2166.4977976254054,1295.525996121493,1701.4479435511998,1535.9667377642222,127.99722814701852,1344.2109075070534,468.66021728515625,2574.368408203125,2105.7081909179688,480.5099831160821,31.438066956714064,68.47986549543738,214.9574726825091,-0.1956616955968355,-0.2798757659096548,0.3625084496375677,55.29823709429349,0.475899400517145,23,1350.4,1350.4,174.0,1999.3,1,81.6633866689484,0.0427825789338581,13.21126037477539,3.7135278514588856,0.1967998630957474,0.5390604945666124,0.0,0.6331821682211003,0.0,0.0,81.6633866689484,2,13289.924649477003,114.37375775324328,20.383320014535283,569.2276000976562,358.63639479221024,25.836429017809422,904,3.0864427919141715,0.2223496032995257,7643,0.4241048915865287,65.77604114124446,0.3649867957241729,5,0.0430302506484655,3.3317909418914216
NP0551410,Lumbini,Gulmi,Kali Gandaki,1,101.23648347908964,83.54223227757606,28.051280424456248,137.5199605641412,632.9588623046875,18702.7146367232,1558.5595530602668,2150.318881034851,1303.2498104211056,1629.8026885986328,1592.630278905233,132.7191899087694,1298.9527431990962,488.5,2558.198486328125,2069.698486328125,408.5418529675897,33.58523412339032,70.66347632630887,87.40457693157208,0.2276644302755333,0.010319957439383,0.6660916378843865,36.36423910383737,0.3592009308714125,21,1368.2,1368.2,404.9,6796.0,1,79.83926296187396,0.0,15.12300303832206,3.8322062138586688,0.1274135058316181,0.186219739292365,0.0,0.891894540821327,0.0,0.0,79.83926296187396,2,1443.2240397930143,14.255967712382189,43.734061811909534,269.7567443847656,365.65288763876896,27.25540337744536,741,3.611868716422716,0.2692251097705794,7081,0.3418995005084437,69.94513990070169,0.3377236039407305,2,0.0197557237397829,0.5440161775804901
NP0552401,Lumbini,Rukum East,Sisne,1,328.2519890860503,82.63780176538135,28.730222462705036,119.47700779402956,500.3493456159319,16248.873059988022,1354.0727549990015,1792.338422843388,1088.3712212698802,1310.3114907400948,1539.986885513578,128.33224045946483,2893.791602615723,946.5,5869.67822265625,4923.17822265625,1001.3477269813426,34.44502894897333,69.94149599630278,111.72815560107544,0.1151486166092944,-0.0458887586644686,1.0683441540868903,88.20147468310716,0.268700503319678,34,1761.5,1761.5,76.7,1843.9,1,58.13040062843676,0.0,25.10423590549278,0.716055350776482,0.0453199589099039,3.0545652305275244,0.9426551453260016,0.2507704393014683,0.0,11.755997341229078,58.13040062843676,3,4106.552368164063,12.510365526185865,1368.8507893880208,1690.7713623046875,286.71139626601973,32.16563223717906,344,0.8734490750971784,0.0979906696886669,6126,0.3248653374967276,18.662491633505645,0.0989682769025247,9,0.0274179602842884,5.044762167895525
NP0552402,Lumbini,Rukum East,Putha Uttanganga,1,562.1145276065745,82.8213623889014,28.64546359388918,110.24087681877354,443.37707358912417,14992.759247353202,1249.3966039461002,1596.807945402045,992.31548393286,1185.67334948088,1420.600848574387,118.3834040478656,2795.4022022279764,1214.7120361328125,4927.26513671875,3712.5531005859375,626.4584908097054,33.9535128008455,76.3729984771958,340.5185742951143,-0.0280665138426964,0.0793391208371001,2.163449097432796,185.21788263930176,0.329502038362076,77,1778.6,1778.6,137.5,991.5,1,58.28549221882673,0.0,38.07740545123739,0.7101093427072478,0.0070657646040522,0.556428962569112,0.0035328823020261,0.0247301761141827,0.0,2.335235201639257,58.28549221882673,2,0.0,0.0,0.0,0.0,383.0440514518549,0.0,331,0.681434178694539,0.0,5266,0.2774277901642985,9.368197656129052,0.0493543177660889,18,0.0320219441341289,3.167343806468921
NP0552403,Lumbini,Rukum East,Bhoome,0,274.59511046585254,82.6999560242633,28.546235797463023,134.27968367232995,543.8268585205078,18262.036979436874,1521.8364149530728,1992.7459443569185,1287.3446606029163,1544.9015090942382,1732.8499289035797,144.40416074196497,2390.2500248422184,1121.9071044921875,4003.785400390625,2881.878295898437,493.86384270304086,33.26861258784829,69.86184132711949,252.7202877512017,-0.1086505130185645,-0.0337986669903739,0.6492930541514268,82.8049438135575,0.301552870599474,31,1770.0,1770.0,142.2,142.2,1,81.41718013773107,0.0,17.412105835447626,1.0039869517941284,0.0434940195723088,0.0797390358825661,0.0,0.0434940195723088,0.0,0.0,81.41718013773107,2,0.0,0.0,0.0,0.0,385.0042267028969,40.30610585538161,319,1.4020796876161945,0.1467837711567479,6727,0.3151017901429037,24.497887047542825,0.1147514205946097,4,0.0145669017675295,3.0378863799473748
NP0552598,Lumbini,Rukum East,Dhorpatan,0,522.693292687227,82.96603490258738,28.73604273006384,102.63406273104896,379.41805594308033,13958.23253142266,1163.1860442852217,1441.34775863375,866.1760102144052,1007.2174660818918,1329.9176348504566,110.82646957087138,4126.244382360283,2031.1278076171875,7100.12451171875,5068.9967041015625,707.0028039585676,31.56003802502758,74.6772625039784,194.29938319765336,-0.04247209398497,-0.166632157554266,0.3663997552763349,144.6841594985312,0.2768050815320264,48,1817.4,1817.4,134.1,134.2,1,21.893524851801185,0.0,37.07440340477276,0.0,0.0,12.0953032375741,5.352257181942544,0.1956984344125247,0.0,23.388812889496887,37.07440340477276,5,0.0,0.0,0.0,0.0,37.81867238614019,0.0,16,0.0723534679232442,0.0,24,0.0013033119593306,0.0459160282631774,0.0002493454531681,2,0.0038263356885981,4.257495942762736
NP0554301,Lumbini,Rolpa,Rolpa,1,271.37592419995707,82.62606427413176,28.33713687229427,120.49625922318768,487.0629119873047,16387.491254353525,1365.624271196127,1910.094335436821,1157.5541778564454,1458.1548690795898,1518.030124783516,126.50251039862631,1718.0283389329493,724.3248901367188,3521.113037109375,2796.788146972656,473.2062361743714,32.745012043261994,74.1712529273963,235.1715236527276,-0.0343051056661183,-0.0238679640633596,0.5094421327077081,85.02996383113557,0.3133290621922791,28,1683.9,1683.9,24.2,730.9,1,89.0810094915753,0.0,8.483555293944523,2.093297034802443,0.117724965050401,0.2133764991538518,0.0,0.011036715473475,0.0,0.0,89.0810094915753,2,0.0,0.0,0.0,0.0,685.9457152047746,44.04098153919568,776,2.527658697900376,0.1622877256670164,11317,0.9245016446438652,41.70229924914537,0.3406719469935982,268,0.9875599716153538,0.2544924599009872
NP0554401,Lumbini,Rolpa,Gangadev,0,124.86516656324582,82.42107527659562,28.44505418581091,123.68136842402758,481.4628143310547,16820.66610566775,1401.7221754723123,1901.166132171949,1211.1902965198865,1453.4317245483398,1629.1678570111594,135.76398808426327,2058.4799390818184,1382.32275390625,2824.537841796875,1442.215087890625,252.62206797839093,29.703386237228024,70.18889708460097,23.88396956277363,0.0366103654831809,0.0826784289974898,0.266924456958716,33.724168881732965,0.270084682621644,11,1706.2,1706.2,190.5,190.5,1,82.58146356933322,0.0,15.404741140093552,1.9979386347419328,0.0,0.0158566558312851,0.0,0.0,0.0,0.0,82.58146356933322,2,0.0,0.0,0.0,0.0,308.0645466253425,32.43916931222442,217,2.467177637322125,0.2597935853935177,6924,0.5215016829640029,55.45181406932176,0.4176518538497729,142,1.1372266894632712,0.5506055486571138
NP0554402,Lumbini,Rolpa,Pariwartan,1,163.62432695805367,82.54984506425761,28.48077696678491,137.0856327554759,543.2104085286459,18643.64605474472,1553.6371712287266,2124.001522620519,1330.6976911371405,1612.0678990681968,1787.030626296997,148.9192188580831,2040.1104610951904,1197.55859375,3051.147216796875,1853.588623046875,339.12543136127823,31.478538149646912,69.91762760249152,198.0709455496437,-0.0162884443933009,-0.0499202674712083,0.4100915785863342,39.34865470092408,0.240481690176861,18,1715.2,1715.2,210.0,210.0,1,79.83831752978361,0.0,19.43836615609045,0.7050814490639437,0.0,0.0182348650619985,0.0,0.0,0.0,0.0,79.83831752978361,2,0.0,0.0,0.0,0.0,414.2571163503608,17.46896613321623,366,2.5317574962832925,0.1067626462273823,7017,0.4812708281426067,42.88482116598017,0.2941315861094323,182,1.1123040405028346,0.3351420817404661
NP0554403,Lumbini,Rolpa,Thawang,1,191.72415219769536,82.74168237734068,28.463656883384967,129.30714158325637,517.0221514020648,17585.771255322867,1465.480937943572,1962.5926517077853,1244.3657467334303,1524.483649117606,1653.060531956809,137.7550443297341,2533.6085209144817,1318.957763671875,3621.394775390625,2302.43701171875,393.8359262221432,31.25513993624476,67.01133321415111,223.68400380533748,-0.061249976572655,-0.0641302752093254,0.8961846547594726,49.03176207898045,0.2557411860578817,23,1770.0,1770.0,101.1,101.1,1,76.28251632293502,0.0,22.675924966317755,0.7928282723598301,0.0259094206653539,0.2228210177220437,0.0,0.0,0.0,0.0,76.28251632293502,2,0.0,0.0,0.0,0.0,249.27463295866517,0.0,328,1.3001733485389306,0.0,2760,0.188533442575017,14.395682382019562,0.0983357810760387,185,0.9649279857513112,0.5602787426883195
NP0554404,Lumbini,Rolpa,Madi,1,129.52736917866812,82.49802822224957,28.39259180791269,123.27927608437398,492.1421890258789,16765.98154747486,1397.1651289562385,1925.3948763608928,1194.147842060436,1456.89009475708,1585.8551733493805,132.15459777911505,1861.52787572408,1036.52734375,2733.3154296875,1696.7880859375,334.97576947259944,31.106515886775043,66.7107958669176,46.0392043831941,0.1066007761649595,0.1028023032981031,0.1286150159072585,45.08622783687387,0.3480826339851201,15,1706.1,1706.1,71.2,281.1,1,86.72681397660371,0.0,11.560516859087086,1.682085786375105,0.0152916889670464,0.0152916889670464,0.0,0.0,0.0,0.0,86.72681397660371,2,0.0,0.0,0.0,0.0,274.3068777635245,28.69669135233245,236,2.1177522519209795,0.2215492488907781,6636,0.5006165426682101,51.23241552792136,0.3864947970784978,105,0.8106394862012875,0.2601021886510107
NP0554405,Lumbini,Rolpa,Sunchhahari,1,278.495206287291,82.82381816043316,28.37587646747892,122.01633649283552,493.3428427956321,16594.22176302563,1382.8518135854692,1904.115910096602,1165.9960849226013,1459.0739565762606,1532.6621910442009,127.7218492536834,2221.535526936568,871.9391479492188,3660.992919921875,2789.053771972656,591.3131275634307,32.151575615239814,71.37596759896914,222.38401748342207,-0.0659447422671416,-0.0722591771531416,1.2033101156389625,74.21732789067539,0.2664940947461552,23,1693.8,1693.8,135.6,135.7,1,83.1828724353256,0.0,15.83942908117752,0.856378233719893,0.0107047279214986,0.1106155218554861,0.0,0.0,0.0,0.0,83.1828724353256,2,0.0,0.0,0.0,0.0,383.3937623517468,0.0,470,1.3766619808753338,0.0,3859,0.2404301799138646,13.85661193758258,0.0863318917115725,295,1.0592641932072715,0.1255121557058044
NP0554406,Lumbini,Rolpa,Tribeni,1,206.1535727936655,82.46654431829036,28.296440266002342,118.25780006048872,484.6028823852539,16083.060808226466,1340.2550673522055,1883.5950826704504,1145.900562806563,1450.855842590332,1497.7045287191868,124.8087107265989,1623.7748194012552,839.5,2821.15869140625,1981.65869140625,274.15248098231706,29.49993290162968,69.40436462402641,120.304447867722,0.040922339718277,-0.0239173463377225,0.0356620650596129,65.92240608109798,0.3197732893384207,21,1683.7,1683.7,208.7,208.8,1,79.23963911805856,0.0,15.969508370724176,4.699184638394365,0.0530708737395667,0.0385969990833212,0.0,0.0,0.0,0.0,79.23963911805856,2,316.5431365966797,1.5354724747530843,22.61022404261998,45.72730255126953,454.11051265291707,114.47800809932218,311,2.2027777956942134,0.5553045069653033,6208,0.3947716752145305,30.11347276631217,0.1914939769730058,183,0.887687744238906,0.2247523320536577
NP0554407,Lumbini,Rolpa,Sunil Smriti,1,157.08645678192886,82.70690225675521,28.247326067552937,126.1374676337137,546.3059132893881,17154.695598185062,1429.557966515422,2067.0172119140625,1239.0949891986268,1652.2892405192058,1530.7073217630386,127.55894348025322,1383.870925485464,652.1060791015625,2958.419921875,2306.313842773437,392.2607542623944,31.5655160375324,67.54439797515042,85.80730857328166,0.0911518428738058,0.0066820831156593,1.1442067537959852,54.31331947349672,0.3457543099905535,16,1667.5,1667.5,384.6,631.0,1,86.77691186719888,0.0,7.337008173351074,5.37920547424444,0.0570233795856301,0.4308433124247608,0.0,0.01900779319521,0.0,0.0,86.77691186719888,3,4556.075698852539,29.003618721742452,134.00222643683938,368.63763427734375,438.745739019245,28.54773648434576,481,2.793020786179691,0.1817326399052746,7205,0.45185926161077,45.86646199552487,0.2876500437195879,153,0.9739859382810973,0.4962259264905732
NP0554408,Lumbini,Rolpa,Lungri,1,135.67079517539625,82.81669625349103,28.2733167211381,108.88547090747775,455.25789642333984,14808.424043416975,1234.0353369514148,1776.700952887535,1025.427142056552,1361.355827331543,1320.0851525068283,110.00709604223567,1683.6609523315233,781.8743286132812,2943.53466796875,2161.6603393554688,410.5580123604796,31.61665554091714,72.92638802736133,297.47670145607174,-0.1726515635533613,0.0897875024641172,0.4668541049717146,47.88864371251136,0.352976804260641,16,1667.5,1667.5,384.6,631.0,1,84.64353681744986,0.0,11.974820670472845,3.3596837944664038,0.0146391450739276,0.0073195725369638,0.0,0.0,0.0,0.0,84.64353681744986,2,0.0,0.0,0.0,0.0,227.46497176762543,8.664273968343041,254,1.6765949626340508,0.0638624838687044,7322,0.4993338502101523,53.96887362924395,0.368048148877295,165,1.216179206340515,0.2398054770610209
NP0554409,Lumbini,Rolpa,Runtigadhi,1,233.5503275306469,82.51980176723845,28.187029213993277,135.33784693479538,655.1975860595703,18405.94718313217,1533.828931927681,2229.410822927952,1350.770378546281,1813.5307655334475,1637.6847765743732,136.47373138119778,1449.260066796905,747.4728393554688,2154.136474609375,1406.6636352539062,254.88818533281557,27.697472790173343,63.21631157298862,158.25238118489742,0.0174011855182157,-0.0436216832293374,2.229134371123864,60.30791912800805,0.2582223701659948,28,1643.4,1643.4,258.4,258.5,1,82.71093850027741,0.0298749519866843,12.223123212837695,4.9592420297895945,0.0170714011352481,0.0597499039733686,0.0,0.0,0.0,0.0,82.71093850027741,2,10616.084381103516,45.45523225485716,884.673698425293,3171.307373046875,650.7976497428538,53.0691435815892,549,2.786541370435265,0.2272278705095173,9279,0.5475573012337704,39.73019476404884,0.2344493827189855,225,0.9633897857431823,1.1537725360848945
NP0555301,Lumbini,Pyuthan,Sworgadwari,1,225.4676211052429,82.69392571919285,28.13397525699382,125.4929475941202,565.8414642333985,17067.04087280035,1422.2534060666958,2130.1892261028293,1235.4950460954146,1709.9482528686524,1489.959313559532,124.163276129961,1215.2493427736056,552.5,2121.955810546875,1569.455810546875,345.02575515638034,30.339407803283574,64.98685110190013,229.3970622865921,-0.024217332600019,-0.0207589183957972,0.4500721666080137,72.10948182887591,0.3198218949372643,29,1643.2,1643.2,189.6,1955.3,1,86.60176991150442,0.0,5.867256637168142,6.61504424778761,0.1106194690265486,0.5973451327433629,0.0,0.2079646017699115,0.0,0.0,86.60176991150442,3,17713.601747512817,78.56383839364914,88.12737187817322,524.8140869140625,572.9968059999926,46.99304526374527,565,2.541370699664815,0.2084248063353187,11656,0.6674205014570027,51.69700173737699,0.2960161189377462,2,0.0088704532836954,2.3451723987209148
NP0555302,Lumbini,Pyuthan,Pyuthan,1,129.37553686372553,82.85101325305747,28.12551740557077,112.86831823341988,499.71477661132815,15350.091279745102,1279.1742733120918,1910.0726573467252,1083.4996096524326,1491.735382080078,1337.6817389965058,111.47347824970882,1208.229190945956,528.5,2435.439208984375,1906.939208984375,329.79220187045246,28.80684549572099,64.43805480649844,182.93284942008464,-0.0078942281391416,-0.1540859339408007,1.1612945151309826,42.15081264085384,0.3258020307598981,17,1639.9,1639.9,230.0,743.8,1,78.8988712278277,0.0,9.022498656223604,10.489134608001228,0.4684020578975659,0.9521615603163636,0.0,0.1689318897335483,0.0,0.0,78.8988712278277,3,27927.484246253967,215.86371676795963,429.65360378852256,1932.4052734375,320.202659994849,17.525835746309543,320,2.474986135378332,0.1354648349383851,9856,0.6041749572567905,76.18132638461296,0.4669931981756203,1,0.0077294365244128,5.243858736694986
NP0555401,Lumbini,Pyuthan,Naubahini,1,214.07373938862872,82.91607659476988,28.252459426146014,113.1982206163787,461.094717843192,15394.958003827503,1282.9131669856254,1828.7044937951223,1064.478258504496,1382.156284877232,1387.7646056924548,115.64705047437124,1897.207505353305,852.51708984375,3624.777099609375,2772.260009765625,481.45956972227646,31.470600446532355,69.35647451387587,153.32624165902988,0.0326693829233645,-0.0650300192816542,0.840385832887619,72.89853674521483,0.3405300292946024,34,1676.0,1676.0,217.2,217.3,1,82.49001949679695,0.0,14.16767245381116,3.124129607278804,0.0278525670782657,0.1903258750348157,0.0,0.0,0.0,0.0,82.49001949679695,2,13096.07966041565,61.17555426376269,181.8899952835507,2737.722412109375,384.2789242111753,20.60575031517397,365,1.79507736590501,0.0962553855228658,7415,0.4369122977965232,34.637597405344685,0.2040942990225223,1,0.004671287579952,4.502332582832378
NP0555402,Lumbini,Pyuthan,Gaumukhi,1,139.4444252536198,83.01976382800946,28.25395854038112,108.3795725751449,434.3301849365234,14739.621870219707,1228.3018225183089,1734.6357509493828,1012.3176408247514,1313.5251579284668,1334.1826776862144,111.18188980718452,1952.889119238016,1007.5574951171876,3306.612060546875,2299.0545654296875,464.4931419759159,30.19255098996413,72.27914850829023,187.5752621874307,-0.0082947385394972,-0.0623715809953883,0.6787624396201027,47.40786627034138,0.3399767770143305,27,1688.6,1688.6,150.2,150.2,1,72.95871068958141,0.0,22.34186693289596,4.335734151037581,0.0285245667831419,0.3351636597019182,0.0,0.0,0.0,0.0,72.95871068958141,2,0.0,0.0,0.0,0.0,343.70422857294034,50.76727522066109,435,2.4648115401373363,0.364068159256465,9601,0.4188957947003398,68.85180230430738,0.300403400091798,0,0.0,6.301481443064735
NP0555403,Lumbini,Pyuthan,Jhimaruk,1,107.24788815490304,82.98222427255487,28.14432630153885,116.44536011744948,498.0225402832031,15836.56897597313,1319.714081331094,1937.641080904007,1118.3543853759766,1534.4376190185546,1373.4479742527008,114.45399785439172,1378.4276517177625,842.2938842773438,2251.90625,1409.6123657226562,248.59466625283432,29.354897154713917,67.86382178562792,28.12875999429237,0.0251454590101893,0.0470364199415418,1.32343125836525,42.56489657101958,0.3968833074786624,20,1675.8,1675.8,146.4,296.4,1,73.73070485400781,0.0,17.4632694811233,8.257392598103031,0.0464943276920215,0.502138739073833,0.0,0.0,0.0,0.0,73.73070485400781,3,519.1072998046875,4.840256612371863,519.1072998046875,519.1072998046875,260.94783686638004,29.9568848611327,277,2.433127974412709,0.279323773889744,7711,0.4410440177989516,71.8988516479005,0.4112379510559047,1,0.0093241929254183,5.967602457862857
NP0555404,Lumbini,Pyuthan,Mandavi,1,113.45575757874477,82.759216154562,28.04470923182871,115.14655889973922,519.9602844238282,15659.932010364531,1304.9943341970445,1965.5503511428835,1114.0296101656827,1545.7404846191407,1374.0368641376494,114.5030720114708,1015.4715934785418,482.1090393066406,1892.865966796875,1410.7569274902344,283.76874275976485,29.677583080379478,64.76144056996858,57.81198920931004,0.067933806878375,0.0427603514831397,0.4661022683681619,49.81940668702365,0.4391086688786697,12,1643.4,1643.4,258.4,258.5,1,90.0716032134125,0.0087320991966468,3.5626964722319245,5.108278030038421,0.1047851903597625,0.759692630108278,0.0,0.3842123646524624,0.0,0.0,90.0716032134125,2,10740.712829589844,94.66873307099624,383.5968867710658,657.8650512695312,255.60232943986995,52.06548682711018,330,2.252881078004943,0.4589056380939836,4809,0.3052944220238074,42.38656638172179,0.2690867599309939,48,0.4230724030614777,1.2334555134597711
NP0555405,Lumbini,Pyuthan,Mallarani,1,80.33139469365781,82.91160329001262,28.071901817755037,119.82113340789196,542.8873494466146,16295.674143473309,1357.972845289442,2095.8384296099343,1152.7983127940786,1666.3029174804688,1395.5758864879608,116.2979905406634,1221.3895102983915,692.221923828125,2012.120849609375,1319.89892578125,268.41187570262554,30.34672071448289,64.87154601439507,217.54803697953383,-0.0481636528386326,-0.0626592505368461,0.3164597575851787,25.35961478826921,0.3156874704463628,8,1639.9,1639.9,156.3,156.3,1,82.94862248696947,0.0,9.890791759741871,6.490444278977414,0.0992802184164805,0.4964010920824026,0.0,0.0744601638123603,0.0,0.0,82.94862248696947,3,11239.46720123291,139.91375655924307,30.29505984159814,3155.1474609375,183.498352413062,24.08779400700497,212,2.284266980709464,0.2998552944196138,5822,0.3524868010652925,72.47477803917238,0.4387908393841461,1,0.012448433191201,3.26805244364505
NP0555406,Lumbini,Pyuthan,Sarumarani,1,158.48855671868273,82.82937169132849,27.94800001518887,126.61261166018598,655.0550638834635,17219.315185785294,1434.9429321487744,2232.104796608289,1258.2025614651766,1832.83745320638,1492.3316063483558,124.36096719569632,744.5267363032016,316.0,1808.7669677734373,1492.7669677734375,310.884453770063,23.835633001635525,65.86022216821146,164.25950315059595,0.0228154963193281,-0.0809490380861195,0.6363696788537301,54.59214640586324,0.3444548145060361,18,1601.2,1601.2,88.2,3625.1,1,91.81242555325684,0.0814995925020374,2.02495141370447,4.6203999749232025,0.0501535953858692,0.7146887342486364,0.0,0.6958811359789355,0.0,0.0,91.81242555325684,1,5848.696647644043,36.90295860303329,89.97994842529297,393.786865234375,243.9620378621125,26.499781074968983,224,1.5393038015681175,0.1672031194151519,5228,0.781731575717436,32.986608675348734,0.4932416522064807,26,0.164049698844504,1.1236425881905996
NP0555407,Lumbini,Pyuthan,Aairawati,1,157.2243672047403,82.92222133664639,27.992031139509987,124.5835292181548,642.0622863769531,16943.359973669052,1411.946664472421,2207.5140110254288,1219.4281201218112,1797.8461583455403,1442.5629024505615,120.21357520421346,990.9634539231556,369.5,1710.0213623046875,1340.5213623046875,286.2792456719135,31.37995438177794,64.60372239369573,132.80068756511417,0.0321507385135802,-0.0297726269599311,2.268534907580458,37.97167254266771,0.2415126434773328,17,1639.9,1639.9,230.0,743.8,1,90.53563467295078,0.0063690210814597,3.2991529201961662,4.942360359212789,0.0700592318960575,0.9426151200560472,0.0,0.2038086746067129,0.0,0.0,90.53563467295078,1,9019.869211673737,57.36941017500109,501.10384509298535,1834.234619140625,288.2770094450105,30.359946232788232,253,1.83353900270186,0.1930994970598481,6967,0.3645656059873178,44.31246964999676,0.2318760205360369,3,0.0190810117625936,3.66568691048362
NP0556201,Lumbini,Dang,Tulsipur,1,386.16615570596986,82.30628734453643,28.11149802115469,128.13833255317866,608.9661946614583,17426.8132272323,1452.2344356026915,2031.8821188926695,1336.0764136574485,1728.5135599772134,1599.2380605220794,133.26983837683994,778.101223084975,546.0,2072.18017578125,1526.18017578125,276.37801403671097,11.417829326468905,66.27000592701884,202.9618090910087,-0.0901474103313659,-0.2127681904033152,0.3839435369260239,149.95618536268626,0.3883203723240421,27,1629.7,1629.7,217.5,217.5,1,54.336562872390026,0.2823687891819076,4.65778975182633,38.05502305580022,1.7667478368996423,0.8082482772913321,0.0,0.0932594166105383,0.0,0.0,54.336562872390026,2,171345.5352859497,443.7093534846529,226.04951884689936,5305.67041015625,1489.0318326570946,101.45462984998156,2733,3.8559356138678704,0.2627227382588907,63876,3.333794337185345,165.41066340530298,0.8633056750120081,225,0.5826507493611556,0.5027882429065405
NP0556202,Lumbini,Dang,Ghorahi,1,524.1648842805213,82.47682199432217,28.02324442009655,135.93996346688863,671.593839946546,18487.83503149685,1540.6529192914045,2194.456351518631,1411.2266613718425,1885.0257664730675,1632.3274193813927,136.0272849484494,782.5819747537131,279.0909423828125,1852.2484130859373,1573.157470703125,266.5140215254371,15.22700721166117,66.33946909340871,224.1125909888167,-0.1133713001533136,-0.1169386744451139,0.657637098151922,166.44766244610256,0.3175482895512388,36,1650.6,1650.6,178.8,178.9,1,65.89296981052712,0.1185400455040819,3.9596199070799,28.109286274209893,1.4263044184845994,0.4053304781752481,0.0,0.0879490660191576,0.0,0.0,65.89296981052712,2,61223.53900384903,116.80206141219404,36.07751267168476,1387.9510498046875,1584.3858043263522,136.4448528281518,3268,3.022685898734156,0.2603090304598306,62106,4.0251963528283285,118.4856175271029,0.7679256038590585,381,0.726870516179213,0.4372756328346369
NP0556301,Lumbini,Dang,Lamahi,1,327.920396948491,82.41668866043854,27.91326892402793,137.80000275708136,700.8541481711648,18740.800374963062,1561.7333645802555,2269.8011256022887,1422.8694787774205,1901.0006797096944,1646.301607023586,137.19180058529884,375.8206964890496,207.0,1035.3011474609375,828.3011474609375,166.70215326271318,12.991580709479193,51.10522499145325,209.64709571201163,-0.1082663492076688,-0.1902190132664388,1.1851717711944598,105.34040834555675,0.3212377434457161,43,1464.5,1464.5,1364.6,5989.7,1,79.534912109375,0.2655029296875,2.667236328125,14.0899658203125,0.7293701171875,1.0467529296875,0.0,1.666259765625,0.0,0.0,79.534912109375,2,43182.11412620544,131.68474583478988,127.38086762892462,11396.0126953125,451.5968567126232,81.59861498769973,823,1.3771539096531376,0.2488366559293872,17121,1.1341447521794763,52.21084189736855,0.345859776559622,79,0.2409121260377382,2.3168278161777622
NP0556401,Lumbini,Dang,Babai,1,258.56506581504294,82.06036332757468,28.182160874191293,124.65772517091212,556.2222518920898,16953.450623244047,1412.787551937004,2078.1959696114063,1259.7770143855705,1610.5410079956057,1666.2780404686928,138.85650337239107,706.4126125498161,414.5,1885.2933349609373,1470.7933349609375,206.65518828337645,16.539808077690406,64.06974491088039,160.30630668615018,0.0250253383279843,-0.0699173079750686,0.005252032000654,85.09241242450801,0.3290947760335745,26,1592.4,1592.4,116.5,1368.1,1,84.89756474681099,0.3247004252029378,2.6942404329339005,9.748743718592964,0.1391573250869733,1.4998067259373793,0.0,0.6957866254348666,0.0,0.0,84.89756474681099,2,23806.000564575195,92.06967108853031,187.44882334311177,2373.42626953125,430.8758179784289,51.43409321911605,529,1.6664115727321165,0.1989212775398976,11350,0.5087081199496651,43.89610779098401,0.1967427882595535,102,0.394484845346288,2.039018102509263
NP0556402,Lumbini,Dang,Dangisharan,1,111.16137346987507,82.17516222667871,28.08475793796152,125.78117856536718,575.6016387939453,17106.240284889936,1425.520023740828,2065.3746020793915,1296.853558106856,1676.168098449707,1600.8847295045853,133.40706079204878,680.2068551220577,529.0,1238.6961669921875,709.6961669921875,144.10291628839877,10.048918415015333,46.36801822582374,30.917205218852907,0.04521953805114,0.0755048793467723,0.0731903487196244,25.508025258034458,0.2294684247037229,8,1608.3,1608.3,202.1,1147.1,1,66.2912236438998,0.297350874031357,4.135880338799783,27.58154622454496,0.3063615065777618,0.7659037664444044,0.0,0.6217336457019284,0.0,0.0,66.2912236438998,2,24234.293212890625,218.01001963562604,2423.4293212890625,4141.96044921875,228.73567020928184,14.350692108812844,318,2.0576902126103147,0.1290978301262345,8892,0.4526589314415208,79.9918148043551,0.4072088328093501,61,0.5487517659767951,0.68626393149311
NP0556403,Lumbini,Dang,Shantinagar,0,116.50227758127396,82.19135409578459,28.182918277919867,121.57068422717208,538.1983764648437,16533.613054895402,1377.8010879079502,1959.6207902431488,1239.2031334616922,1579.3353149414063,1575.2896411418917,131.27413676182428,903.600262869193,529.0,2051.923095703125,1522.923095703125,345.435372974935,16.242303739652208,65.4296661054266,206.57943783610477,-0.1559622349136724,-0.3117287617554046,1.220257713442083,45.64723448147353,0.3918140952191191,9,1608.3,1608.3,202.1,1147.1,1,69.53613992969218,0.0600188630712509,3.9440967161107774,25.95387121666809,0.2143530823973249,0.2315013289891108,0.0,0.0600188630712509,0.0,0.0,69.53613992969218,2,20494.61043548584,175.91596371314245,165.2791164152084,4014.197021484375,315.9747751933162,29.36193993403991,329,2.712176806782913,0.2520288919978969,10751,0.5070462785354557,92.28145769510746,0.4352243484525284,114,0.9785216423813832,0.6776437602388202
NP0556404,Lumbini,Dang,Rajpur,0,579.6454811385661,82.31084381223177,27.83871080470976,132.02662068196372,695.4995843796503,17955.620412747066,1496.3017010622557,2210.8121950739906,1360.5032580817417,1834.9156566801528,1546.7374331724077,128.89478609770063,403.647126175534,180.49896240234372,873.580810546875,693.0818481445312,141.90448762954227,15.69102947547645,62.035842641250525,21.803001578099742,0.0274279069321797,0.0685642421563891,1.485223915149512,135.40428839311687,0.2335984542261066,39,1464.5,1464.5,1364.6,5989.7,1,90.13537313948268,0.1208688745381082,2.170459647062886,5.948475325482612,0.1243222709534827,0.7113996615671513,0.0,0.7891010809130781,0.0,0.0,90.13537313948268,2,17025.567317008972,29.372379965020304,133.0122446641326,1431.8135986328125,344.23841977725345,68.29213044189278,367,0.5938775182048942,0.117817066921233,10318,0.4851432302876348,17.80053556137954,0.0836965431585344,73,0.1259390478756257,1.9663838074503293
NP0556405,Lumbini,Dang,Bangalachuli,1,245.99543698983163,82.66036486147111,27.98967563355042,133.24106356874108,656.5374984741211,18120.784645348787,1510.0653871123989,2279.539621502161,1333.233173977245,1867.0452156066892,1599.1564657390118,133.26303881158432,1028.1131789185376,354.7386169433594,1794.8189697265625,1440.0803527832031,309.8896429705623,26.78960374861341,65.82699785755933,163.64800609948566,0.0090711028728866,-0.030916577840819,0.8177269437887511,59.31026959734333,0.2411031290787517,21,1562.8,1562.8,239.2,239.3,1,92.06117398888485,0.0202831528132732,4.433897204981542,3.342663583627439,0.0202831528132732,0.1216989168796397,0.0,0.0,0.0,0.0,92.06117398888485,1,10121.824750900269,41.14639228579943,289.1949928828648,2171.109130859375,423.2868903145018,0.0,611,1.7207103330619853,0.0,9111,0.43558274831397,37.03727236361953,0.1770694422807424,234,0.9512371565236494,0.8710497934371284
NP0556406,Lumbini,Dang,Gadhawa,0,359.85212996155,82.6049730515592,27.76717316924725,134.66566078914678,827.4332386363636,18314.529867323963,1526.2108222769969,2288.648498036645,1391.9717803828974,1935.8158375133169,1523.3182581771505,126.9431881814292,398.7801592305492,186.7197723388672,903.9454345703124,717.2256622314453,144.93855579808738,13.16443792205172,58.10222690409539,347.3007227889382,-0.0393749823609223,0.1747308537121428,0.5654021523945421,89.59380134890746,0.2489739364846347,25,1567.9,1567.9,105.2,4268.3,1,79.72420695598989,0.2474352915010147,2.9692234980121768,13.094609246851457,0.4003447413050126,2.479913258639384,0.0,1.084267007701076,0.0,0.0,79.72420695598989,2,36777.483432769775,102.2016555430683,274.45883158783414,6546.8935546875,354.30210170990074,66.84962600947127,646,0.9845769198247006,0.1857697105102979,15944,0.8326741021326804,44.30708803002947,0.2313934065699851,59,0.1639562339294868,3.2034754638958907
NP0556407,Lumbini,Dang,Rapti,1,161.62129355526,82.69935361348894,27.867522783118037,135.91638853494862,754.9072614397321,18484.62884075301,1540.3857367294177,2361.2173785141536,1385.0219821682224,1984.532614571708,1573.857746090208,131.154812174184,496.20418319236586,254.5,1196.7471923828125,942.2471923828124,238.0783591692264,13.826806321119442,50.3696000002948,202.19835757304404,-0.0309126828498996,-0.0757554244359214,1.0418008030793116,59.72732458874138,0.3695510862145154,20,1576.9,1576.9,175.1,4163.1,1,75.52092994497002,0.1669449081803005,1.3602918444320782,19.52637111234774,0.9522042911024547,1.199530080999196,0.0,1.2737278179682188,0.0,0.0,75.52092994497002,2,21641.965418338776,133.90540901059651,29.32515639341297,258.3202819824219,322.04243075833256,23.770872566560936,596,1.9925742683665808,0.1470776037220208,14305,0.858754622799392,88.50937698446877,0.5313375508319235,59,0.3650509082197593,1.3414973109963402
NP0557201,Lumbini,Banke,Nepalganj,0,86.36272433670445,81.64588307768014,28.06032507887541,98.50838311735322,490.2745849609375,13397.140103960037,1116.4283419966698,1496.361269211769,997.4658773248848,1166.4841766357422,1355.6785859584809,112.97321549654008,150.1243664130931,138.07583618164062,173.1631317138672,35.08729553222656,3.893739819365682,1.2454640486932185,26.504770835879032,208.6272667897274,-0.0440646769458344,-0.0807289000059929,2.7370729384536383,19.005903528733985,0.2200706806635141,3,1416.9,1416.9,168.7,168.7,1,13.202764976958523,0.2649769585253456,3.1451612903225805,69.76958525345623,12.914746543778802,0.5760368663594471,0.0,0.0806451612903225,0.0460829493087557,0.0,69.76958525345623,3,136003.20512390137,1574.7905843458848,75.51538318928449,1340.7642822265625,477.985886805663,101.00403638196022,1576,5.534631873609357,1.1695327718955846,31886,3.288319534867599,369.2102147644773,3.807568091584685,113,1.308434870111834,0.4062486745346669
NP0557301,Lumbini,Banke,Kohalpur,0,185.1430188916869,81.71904139337424,28.215763534592792,115.65897282497848,608.0279922485352,15729.620304197071,1310.8016920164227,1755.5742724239826,1174.328509504145,1400.3989334106443,1629.7255085259676,135.81045904383063,257.6878107667736,144.70848083496094,1062.5704345703125,917.8619537353516,169.3962194683001,6.785422556926743,60.86241459863362,218.1688491577164,-0.1241285678945512,-0.1579158639445254,0.5487297465048152,46.48379317786932,0.251069651214143,11,1460.0,1460.0,158.7,158.7,1,71.957928802589,0.3775620280474649,1.0571736785329018,23.149946062567423,3.042071197411003,0.4153182308522114,0.0,0.0,0.0,0.0,71.957928802589,2,63042.8074092865,340.5086931534159,97.58948515369428,465.6956787109375,574.045057553012,50.10037646324007,1887,3.1005492996138413,0.2706036488070338,23173,2.091392657802904,125.1626992944128,1.12960924496236,2,0.0108024596983051,3.353753536668683
NP0557401,Lumbini,Banke,Khajura,0,102.42936401686248,81.55745626239491,28.126522789613254,94.2113244938938,420.4879455566406,12812.740131169558,1067.72834426413,1376.658331990242,954.4044151306152,1155.9858665466309,1352.7633091807363,112.73027576506138,147.6342989808426,132.5,168.00453186035156,35.50453186035156,4.1507348328113896,1.1582610065320034,22.959851109580868,221.3339043441009,-0.0770914463498372,-0.0876466977818702,0.69654211505634,48.4788936844675,0.4732909761744361,16,1452.3,1452.3,166.1,166.2,1,16.86103012633625,0.1749271137026239,1.6034985422740524,78.75607385811468,2.0310981535471333,0.5636540330417881,0.0,0.0097181729834791,0.0,0.0,78.75607385811468,2,38599.66133308411,376.8417553264279,128.23807751855185,2272.2607421875,430.5935554925588,22.224038676627508,1018,4.203809714386904,0.2169694099923227,18118,1.206246529351615,176.88287117566517,1.177637429392841,1,0.0097628254319276,3.932487813402705
NP0557402,Lumbini,Banke,Baijanath,0,142.37826706402214,81.63847143258364,28.23861359132434,106.3896967275616,514.5016860961914,14468.998754948378,1205.7498962456982,1561.4961126446724,1089.0060993541372,1333.700325012207,1543.547391951084,128.628949329257,220.67548549723185,142.5,975.9453735351562,833.4453735351562,137.05256840365226,4.908524632712848,51.85408799945554,215.71337004537452,-0.1181578499601674,-0.1643531031804862,1.744758202823972,50.38298843377823,0.3538671278469972,10,1452.2,1452.2,274.4,416.2,1,44.57323498419389,0.2950474183350896,1.6157358623112048,51.83702142606252,0.8008429926238146,0.8359676852827538,0.0,0.042149631190727,0.0,0.0,51.83702142606252,2,39471.818855285645,277.2320500117947,145.65246810068504,689.4761962890625,372.8844076315157,37.5930312030587,549,2.618969982714031,0.2640363025780791,11744,0.8318794878528658,82.48449880850963,0.5842742049099396,1,0.0070235438358744,4.234612135711232
NP0557403,Lumbini,Banke,Janaki,0,63.64118083268168,81.60276083679582,28.090718058392724,94.28982459534618,451.0489501953125,12823.41614496708,1068.61801208059,1400.8075873851776,965.1754455566406,1130.305160522461,1312.478125691414,109.37317714095116,149.2556165181542,135.34970092773438,165.8614501953125,30.511749267578125,3.7673884256815584,0.8724570363311656,14.722538691990913,260.2380373899226,-0.1310299297274125,-0.0225432258843802,0.8002144886388519,19.67238434973997,0.3091140687892077,5,1452.3,1452.3,166.1,166.2,1,9.830667920978362,0.0627155848228284,2.2891188460332392,83.85073690812168,3.6375039197240513,0.3135779241141423,0.0,0.0156788962057071,0.0,0.0,83.85073690812168,2,34017.3378200531,534.5177033953487,117.70705128046056,863.7800903320312,291.9999342803709,81.69685384929058,605,4.588223072856939,1.2837105280003973,9080,0.7151451505909479,142.67491396603916,1.123714458521956,27,0.4242535987976935,0.2452185590448946
NP0557404,Lumbini,Banke,Duduwa,0,91.53383593316798,81.70455657279824,28.030545953390032,106.81039751540212,538.0079956054688,14526.214062094688,1210.5178385078907,1669.014194726944,1072.8103346391158,1306.0349884033203,1441.621610879898,120.1351342399915,143.40120938336673,129.7924041748047,173.17710876464844,43.38470458984375,8.77954705835105,1.5770550895567683,24.465625246144924,152.7355179185299,0.0229288151332243,-0.044491415291725,1.1693404857340273,29.337582112023284,0.3205107904954805,8,1419.0,1419.0,218.6,218.6,1,28.9513843470678,0.0872029649008066,4.185742315238718,62.20841508611292,1.6459559625027251,0.7848266841072596,0.0,2.1364726400697625,0.0,0.0,62.20841508611292,2,34408.392192840576,375.9089941118969,195.5022283684124,4056.949462890625,305.05122718487024,29.964630277020053,646,3.332660803242188,0.3273612426654801,14750,0.7439348540601366,161.1425966106073,0.8127430107958211,24,0.2621981232986153,0.309042562274297
NP0557405,Lumbini,Banke,Rapti Sonari,1,1046.4718463398783,81.92301935338905,28.073048273998875,122.10618518164976,583.0832750475084,16606.441184704367,1383.8700987253642,2023.2219381590148,1228.9669230318186,1575.5996943293392,1598.0269620708516,133.1689135059043,311.1790177036577,129.75299072265625,1235.127685546875,1105.3746948242188,189.0073119841794,10.355204668149623,66.76723946148029,237.0480524909458,-0.08591307994063,-0.0556902221629673,0.8112052724300128,315.69577026898554,0.3016763149177472,87,1464.5,1464.5,1364.6,5989.7,1,87.20065034429993,0.4332440703902065,1.833397092578424,7.64919663351186,0.1405891354246365,1.3475516449885232,0.0,1.3953710788064269,0.0,0.0,87.20065034429993,2,55910.13681793213,53.42727280574479,140.47773069832192,6575.869140625,1134.6513959320869,142.03197080017347,1611,1.0842636616557086,0.135724598131275,28856,1.7184474037200188,27.57455931655136,0.1642134386826009,40,0.0382236752378033,4.815633018345145
NP0557406,Lumbini,Banke,Narainapur,0,173.13797253307914,81.86157782542558,27.927870861498345,114.93623951941478,565.8638305664062,15631.32857464041,1302.6107145533676,1843.0533892427168,1167.9071244078798,1477.4887826102122,1475.3478531837463,122.94565443197888,171.48281994301084,127.5732879638672,436.3780212402344,308.8047332763672,45.89901907741618,4.049208438884831,39.24166107432978,206.1601153187738,-0.1035306756843176,-0.2107723646714165,0.896774258143615,63.18773318676702,0.364955949652781,14,1427.1,1427.1,134.2,439.7,1,62.70812786447758,0.1450368393571967,1.328537448511922,32.81893600974647,0.8064048268260139,0.4699193595173174,0.0,1.723037651563497,0.0,0.0,62.70812786447758,2,23437.61445617676,135.3695790315371,450.7233549264761,3092.239501953125,446.5565891228378,38.08037539711732,716,2.5791949772169143,0.2199423664259544,12593,0.70655067844255,72.73390011306749,0.4080853368590527,45,0.2599083224877342,1.795761494464838
NP0558301,Lumbini,Bardiya,Rajapur,0,127.79495239974467,81.1374650133433,28.421242876149563,142.0052302055499,696.1392700195313,19312.71130795479,1609.3926089962324,2125.83726644516,1473.1970420143823,1895.9105041503908,2181.7978827476504,181.81649022897088,148.07178493157664,139.0,169.00738525390625,30.00738525390625,4.504728093669681,1.20439553234063,18.770319123209006,222.3226716112748,-0.0613508402314993,-0.0673701201578416,0.9536866284464748,36.94145951346695,0.2890682207691072,10,1471.9,1471.9,176.3,3133.5,1,19.88958867895187,0.0388772257211725,0.9019516367312028,73.81230075421817,1.1118886556255343,0.9019516367312028,0.0,3.2890132960111966,0.0544281160096415,0.0,73.81230075421817,2,44888.36738967896,351.2530545750149,137.69437849594772,807.2686157226562,461.32504989215937,71.82870597206943,1116,3.609884750761729,0.5620621520902334,30737,1.817200391755412,240.51810672345,1.4219657017995355,31,0.2425760909791765,1.608732029052302
NP0558302,Lumbini,Bardiya,Madhuwan,0,130.4432859037509,81.25860505831817,28.340187798888355,133.35993434295935,648.9560668945312,18136.95107064247,1511.4125892202055,1984.1903588294983,1384.1553004871714,1760.02294921875,2027.193298816681,168.93277490139008,157.9844998779115,140.63072204589844,198.52932739257807,57.89860534667969,9.29591090702304,2.322330780409541,31.46742970066083,220.37044900612767,-0.0465853493927966,-0.0547948340101526,0.5882425934820124,37.97592763749479,0.2911297992409955,10,1469.0,1469.0,133.0,133.1,1,46.898395721925134,0.106951871657754,2.192513368983957,47.05118411000764,1.0160427807486632,0.9472880061115356,0.0,1.7723453017570665,0.0152788388082505,0.0,47.05118411000764,2,24787.47727203369,190.02493766006032,160.9576446235954,1103.4755859375,532.0561624101506,36.56298154468961,1020,4.078831338262472,0.280297918680675,23364,1.2964771622979072,179.1123233221785,0.9939010301032496,4,0.0306646675778425,4.915167535489244
NP0558303,Lumbini,Bardiya,Thakurbaba,0,105.13231306519104,81.2959422724786,28.442260468109104,140.29124736829715,668.8157806396484,19079.609642088413,1589.9674701740344,2084.5703759789467,1452.2792772813275,1840.2399597167969,2125.187915623188,177.098992968599,171.70066201667248,148.5,215.16622924804688,66.66622924804688,8.29286105250105,2.7017655587018665,36.89051588225719,243.87288301391104,-0.106680134951398,-0.0523246803858236,0.8688593830987362,51.080008679271046,0.4858640240094124,12,1496.9,1496.9,171.2,171.3,1,52.429303473144806,0.2467261339912697,3.1315240083507305,40.85215410893908,0.7306889352818371,2.2205352059214274,0.0,0.3890681343708483,0.0,0.0,52.429303473144806,2,35340.6534576416,336.1540560391492,552.19771027565,2253.865234375,322.5089883018004,32.48060916330431,482,3.0676485554143302,0.3089498196730775,15256,0.9505917948902006,145.1123784420112,0.9041861319086096,3,0.0285354703281353,2.9362154354830547
NP0558304,Lumbini,Bardiya,Gulariya,0,118.8461063177794,81.34558266838083,28.210840307405576,117.83391973113312,609.5536905924479,16025.413083434103,1335.4510902861757,1753.425586620967,1217.0470090923889,1542.1195475260415,1786.2793430487316,148.85661192072763,144.89788073849826,133.5,180.2470703125,46.7470703125,4.43247824985365,1.4378169270795629,28.502566682852933,183.22602304197488,-0.0025428635345683,-0.0451147904926172,1.46196183804804,19.03152281784072,0.1601358547410282,3,1445.2,1445.2,130.8,3529.4,1,23.07178073034177,0.1086320715300409,3.1001921952034763,67.4939416729339,2.607169716720983,1.0779644021057908,0.0,2.531962897969416,0.0083563131946185,0.0,67.4939416729339,2,56104.40642166138,472.0761004289473,176.42895101151376,794.0527954101562,500.7393509794575,21.23581091679828,976,4.213342502282272,0.1786832701108139,25488,1.5859745387715491,214.46222168901625,1.3344774918673856,3,0.0252427285415508,0.5574511464303884
NP0558305,Lumbini,Bardiya,Barbardiya,1,228.0190425138429,81.38231058307699,28.322967915664137,127.6400912394321,643.0445421006945,17359.052408562766,1446.587700713564,1897.1710698869488,1314.5861700038718,1673.4249911838108,1930.5731921725803,160.88109934771504,165.56272405985723,140.5,212.1914978027344,71.69149780273438,12.940119753411702,2.5983723271621764,26.78103837752362,215.93633980229455,-0.0600519343764726,-0.0828478160718924,0.5143320481766638,111.12299087923704,0.4873408363360303,22,1475.1,1475.1,194.1,3316.7,1,55.00021901966796,0.4424197292916904,2.0062201585702395,39.80901484953348,0.4380393359323667,1.3491611546716895,0.0,0.9549257523325596,0.0,0.0,55.00021901966796,2,52992.99102783203,232.40598874374652,378.5213644845145,804.2410278320312,760.169449603448,35.65465508644537,1433,3.3337980952064505,0.1563670064278987,28389,1.813021068932425,124.5027594494724,0.7951182712392795,0,0.0,13.539411262958614
NP0558306,Lumbini,Bardiya,Bansgadhi,0,207.1136607306254,81.56331397050057,28.27785388688407,117.50185821845253,556.5089782714844,15980.252717709542,1331.6877264757952,1711.7155040383338,1198.859866402366,1497.3207641601562,1740.7984659314156,145.06653882761796,264.52993476556907,145.52609252929688,1336.589599609375,1191.063507080078,222.43352935428192,6.696135671327177,58.44725560540968,200.16392582472776,-0.0466809970183452,-0.1271221619022456,1.3886632053098504,74.92504859470628,0.3617581203016576,14,1452.2,1452.2,274.4,416.2,1,64.00927670676909,0.2125911967918056,1.4688119051070203,32.50229501860173,0.6232787360487028,0.9614920036720298,0.0,0.2222544330096149,0.0,0.0,64.00927670676909,2,44818.8977432251,216.39759340412172,302.83039015692634,817.3629150390625,508.94087241317226,61.4201369719977,813,2.4573022881146747,0.2965528046548387,21894,1.32543063789657,105.71007205785236,0.6399532668298696,1,0.0048282667423884,5.858660195365752
NP0558401,Lumbini,Bardiya,Geruwa,0,78.84188403039347,81.20054062924201,28.50151396511108,145.68260167159286,691.0650227864584,19812.833827336628,1651.0694856113855,2153.3123140335083,1504.6829628221917,1906.6849772135415,2201.4344714482627,183.45287262068857,164.46776507344117,145.0,196.28628540039065,51.28628540039063,8.904965258938821,1.4807701619182758,21.25838741652206,211.7381057760321,-0.0527369127157578,-0.0852614515558922,1.9948061293296957,17.269172961513164,0.2190355186699485,5,1471.9,1471.9,176.3,3133.5,1,25.141420490257698,0.1508485229415462,2.1118793211816467,65.4934003771213,0.5531112507856694,1.898177247014456,0.0,4.651162790697675,0.0,0.0,65.4934003771213,2,29142.96272277832,369.6380810933404,883.1200825084339,3069.06884765625,311.63880927867734,60.725716739017486,722,3.952706269151824,0.7702215324485114,14655,0.7349803906413043,185.8783586951133,0.9322207348038132,17,0.2156214328090703,1.4576171562694962
NP0558402,Lumbini,Bardiya,Badhaiyatal,0,115.7837973118687,81.47895371796193,28.171078205696222,105.49292563544768,461.0169067382813,14347.037886420883,1195.5864905350738,1538.9830796718595,1072.2412636496804,1339.197718302409,1569.7386170228322,130.81155141856934,148.04306221583343,133.0,173.5166015625,40.5166015625,5.280571812124644,1.4304248248993825,28.685378184929665,207.27943636295632,-0.0625807795428143,-0.1213548851820942,0.0337548289544783,42.87788485721694,0.3703271602133025,11,1442.7,1442.7,248.5,248.5,1,22.65179034769071,0.095139249264833,1.167618059159315,73.74156720290607,1.0897768552153606,0.6400276768725134,0.0,0.1729804532087874,0.4411001556824078,0.0,73.74156720290607,2,35050.620166778564,302.72474198067795,130.78589614469612,811.154052734375,459.8499265297394,22.390886319253635,853,3.971625885538317,0.193385316763647,17377,1.084650196588852,150.08144838430454,0.9367892760221878,4,0.0345471481577497,1.7470087875247395
NP0558597,Lumbini,Bardiya,Bardiya,0,902.0862043364396,81.4543800723904,28.45684612806065,138.2157145958799,666.1229433001894,18797.337185039665,1566.444765419972,2040.4481189214823,1424.0582309859517,1799.4325145374646,2075.319778706088,172.94331489217402,410.3085806954737,149.0,1583.748779296875,1434.748779296875,250.1363412609097,14.147272817147192,65.62444064649607,222.97242826517072,-0.1230977423449009,-0.1321335905373666,0.2256808345435474,285.23641700403,0.316196407430757,70,1495.0,1495.0,132.6,3014.7,1,93.73226635928356,0.4632913637169711,1.832106756517113,1.2513300230537328,0.0044334101791097,1.3233729384642667,0.0,1.3931991487852455,0.0,0.0,93.73226635928356,1,2884.7456970214844,3.1978603410119297,320.52729966905383,680.8582763671875,202.8803136093468,22.36824165761809,137,0.2249012484993962,0.0247961243061818,378,0.0258432470670126,0.4190286894787963,0.0028648312038008,0,0.0,12.853038829872665
NP0652301,Karnali,Rukum West,Aathabisakot,1,562.3755332604247,82.5135893187992,28.84246402094669,100.17143397683698,387.59510562294406,13623.31502084983,1135.2762517374858,1467.8970256102714,874.9031104128898,1026.0418319702148,1296.7987781825818,108.06656484854848,2698.844414876918,750.527587890625,5861.8955078125,5111.367919921875,992.827403343912,36.52420831542707,79.00206860097624,317.54709423909827,-0.161777825324748,0.1768411159059807,1.5070317170954084,177.39793629993773,0.3154439085773461,66,1746.6,1746.6,153.4,5936.9,1,57.71748143182259,0.0,30.02487518303548,1.3055060600179949,0.0317555528112485,3.7206922710512855,0.2328740539491558,0.5327876082776141,0.0,6.434027839034632,57.71748143182259,3,6731.426830768585,11.969629602736289,3365.7134153842926,6723.8115234375,729.9549022678028,64.59632879378643,1456,1.2979848145878985,0.1148633341484171,12047,0.5984220604531125,21.42162894277493,0.1064096897999286,3,0.0053345137236095,5.302266206884786
NP0652302,Karnali,Rukum West,Chaurjahari,1,107.79480005145996,82.26219504486146,28.63575182250291,127.982888814281,498.1441116333008,17405.672878742218,1450.4727398951848,1960.435932934284,1223.6226928017356,1436.6306648254397,1714.216662287712,142.851388523976,1184.9921122178855,669.6739501953125,2065.8173828125,1396.1434326171875,305.5681285466125,25.458184492040814,61.34834044717104,249.76374248220668,-0.1771990570417618,-0.0653239017516018,0.4256061251113369,32.886933956889074,0.3050883154028695,12,1709.5,1709.5,184.2,184.2,1,71.69793966151582,0.0,14.882266372332598,11.672185430463577,0.1287711552612215,0.7266372332597498,0.0,0.8922001471670346,0.0,0.0,71.69793966151582,3,7355.347091674805,68.23471158315104,306.4727954864502,701.4409790039062,316.1141952527708,55.06925010553952,506,2.932555142751428,0.5108711188225231,8592,0.4752159704104733,79.70699881532579,0.4408524067799289,14,0.1298763947177096,1.2318938010907563
NP0652303,Karnali,Rukum West,Musikot,1,136.58351040295227,82.47849497896686,28.6111967777727,126.18481692145852,523.8923950195312,17161.13510131836,1430.09459177653,1904.369847893715,1224.4625438343394,1469.9114265441897,1623.989554643631,135.33246288696924,1655.6744242611944,825.0,2862.94873046875,2037.94873046875,441.1636111336307,30.72699419785106,70.31343684569786,281.75618780787494,-0.1302011582911816,0.0270965499715952,0.6587342207994992,35.1643685047222,0.2574569097029308,14,1736.7,1736.7,176.1,176.1,1,88.0314502038439,0.0,9.187536400698894,1.9583576004659289,0.2766453115899825,0.2693651718112988,0.0,0.2766453115899825,0.0,0.0,88.0314502038439,2,4910.01540851593,35.94881544653724,818.3359014193217,4859.0537109375,446.6411524875495,69.44046247607572,702,3.270095717776304,0.5084102925104989,13861,0.8563531928842812,101.48370003894988,0.626981390621639,3,0.0219645840932724,3.0054060921587875
NP0652401,Karnali,Rukum West,Sanibheri,1,134.3128386935807,82.34226992830278,28.676591367681,112.78492782001986,448.5473556518554,15338.7501835227,1278.229181960225,1661.5850283503532,1097.5094025351784,1283.1117668151855,1486.8182015419006,123.9015167951584,1499.084876571318,715.0,2908.125,2193.125,487.0869009762472,32.94570303044027,71.82630651351619,241.53613482084623,-0.0987380242713386,-0.0535297717457115,1.0996391263607512,34.21464053170749,0.2547384216170448,11,1719.0,1719.0,143.1,2738.3,1,81.82554287817446,0.0,13.419212366580789,2.1052631578947367,0.0736105999263894,1.1409642988590356,0.0,1.4354066985645932,0.0,0.0,81.82554287817446,2,6063.5480082035065,45.14496206901557,10.022393401989268,364.6865539550781,393.3739355355747,39.697891985902906,754,2.92878878416837,0.2955628990648398,8229,0.3944559344826771,61.26741181290583,0.2936844595940548,90,0.6700774168381971,0.6021016519637366
NP0652402,Karnali,Rukum West,Banphikot,0,191.10106552114172,82.50271411707554,28.70404481213137,118.0364852284684,497.1329498291016,16052.9619910717,1337.7468325893085,1771.4807131886482,1101.6248711672697,1317.1414012908936,1501.07078820467,125.08923235038915,2204.377822132168,858.8961181640625,3888.971435546875,3030.0753173828125,641.0938116879847,35.80553156058065,68.76887067390746,200.39470201927028,-0.0921127584096948,-0.2477538613561856,0.7076072839091865,43.87877638849465,0.2296103178118611,18,1736.9,1736.9,277.6,2419.1,1,76.5599087893864,0.0,21.900912106135987,0.9742951907131012,0.0,0.1243781094527363,0.0,0.4405058043117744,0.0,0.0,76.5599087893864,2,0.0,0.0,0.0,0.0,321.0121605589201,18.875531820953334,376,1.679803091016288,0.0987725095591636,7363,0.3641625654861912,38.52935084333908,0.1905601962464743,12,0.0627939983865366,6.556760641012744
NP0652403,Karnali,Rukum West,Tribeni,1,85.82596304557339,82.42006135259189,28.5645140178731,126.66126771183576,487.26959228515625,17225.932408809662,1435.4943674008052,1923.679540157318,1228.2959948453035,1471.2742818196616,1664.2949498494463,138.6912458207872,1719.3869284526618,1063.2469482421875,2675.51708984375,1612.2701416015625,292.56751699750856,30.973951885203537,66.33657939282443,1.291620439857377,0.0035579993596474,0.1578047285085498,0.455044459439639,26.70398265195378,0.3111410778784274,11,1736.7,1736.7,176.1,176.1,1,85.17919075144509,0.0,12.23121387283237,2.531791907514451,0.0578034682080924,0.0,0.0,0.0,0.0,0.0,85.17919075144509,2,0.0,0.0,0.0,0.0,221.21554544862377,44.47064462809792,247,2.577489813090228,0.518149089739711,7661,0.3897083491835327,89.26203363348253,0.4540681343436816,2,0.0233029718400946,1.8430558230570555
NP0653301,Karnali,Salyan,Banagad Kupinde,1,339.6538405724497,82.05367445880528,28.4893351597064,117.67600578132296,516.6204158238003,16003.936786259925,1333.6613988549936,1816.419601202011,1141.223018348991,1350.7118530273438,1636.7713479995728,136.39761233329773,1215.08218314361,508.0,2334.1162109375,1826.1162109375,368.4376740412944,28.33046285639801,68.73974436332124,324.2389614215746,-0.0869606911048034,0.1207469518761128,2.4143292318618625,91.09575532276988,0.2682017526115349,32,1664.4,1664.4,132.5,132.5,1,77.71204311152765,0.0,13.888238050609184,7.222352389878163,0.0673617619493908,0.2899484536082474,0.0,0.8200562324273665,0.0,0.0,77.71204311152765,3,10973.726509094238,32.3085600639734,243.86058909098307,2098.987060546875,569.1749195041153,60.33824679352844,461,1.6757499887086005,0.1776462962757461,11364,0.4929984968077004,33.457593121418,0.1451473347031215,26,0.0765485235090521,3.713653163759373
NP0653302,Karnali,Salyan,Bagachour,0,163.77663993743082,82.32703460088585,28.47557928121336,118.8390720543616,477.6900024414063,16162.113799393175,1346.8428166160982,1817.1275297403336,1164.1417215520685,1389.8828048706057,1596.1595472693443,133.0132956057787,1662.19715635404,1172.877197265625,2452.7314453125,1279.854248046875,241.2844696451317,25.191002605159245,64.71828816367979,287.93144542088874,-0.0587281724700481,0.0190042832340913,0.5058258966543885,50.062715602752334,0.305676777969546,14,1649.7,1649.7,165.4,165.4,1,79.39386562804285,0.0,15.615871470301853,4.898977604673807,0.060856864654333,0.0304284323271665,0.0,0.0,0.0,0.0,79.39386562804285,2,0.0,0.0,0.0,0.0,315.3066395215009,79.0578437486406,216,1.9252235217547544,0.4827174606759781,9754,0.5254255629034932,59.55672313051737,0.3208183799009594,1,0.0061058768844081,4.720001597669868
NP0653303,Karnali,Salyan,Sharada,1,199.1592654153424,82.16216001047839,28.38169432366332,101.43916996159388,454.9307607014974,13795.72711477677,1149.6439262313977,1577.6858422756195,985.5146883762244,1229.651611328125,1372.4423723220823,114.37019769350688,1432.4033699780664,942.8954467773438,2405.96728515625,1463.0718383789062,239.40228519252423,26.67655759937012,68.11263269997661,116.41535522531906,0.0676261889260869,-0.0335925245006187,0.8763851842099228,48.88784167872409,0.2454710885620588,20,1634.1,1634.1,117.3,282.6,1,80.15039091678702,0.0,12.25038593695533,7.3751307205816445,0.1991932672675663,0.0248991584084457,0.0,0.0,0.0,0.0,80.15039091678702,3,6902.012908935547,34.655745965629805,460.1341939290365,698.9046020507812,274.6397939365243,81.6581906844395,267,1.3789958170601249,0.4100145203595881,11243,0.4915373322090366,56.45230703453824,0.2468061584701802,1,0.0050211070919272,0.5660433941507358
NP0653401,Karnali,Salyan,Kumakh,0,178.00723257658916,82.1945064430007,28.55880786019817,128.16746016600553,536.1034973144531,17430.774582576752,1452.5645485480627,1976.8846362590791,1242.0978249289774,1479.0054931640625,1747.4360996723176,145.61967497269313,1209.862622648981,637.5,2527.849609375,1890.349609375,322.5323417815608,26.523661748307006,64.3122846811417,353.72169486628025,-0.0237358212451327,0.2157453171682743,0.4828484772075285,51.42008462508089,0.2888651426169268,18,1699.4,1699.4,115.1,115.2,1,85.4091137263651,0.0,8.093033632662168,5.889899046237939,0.0223102236599921,0.2231022365999219,0.0,0.3625411344748731,0.0,0.0,85.4091137263651,3,8322.459655761719,46.753491615465165,1188.92280796596,2004.565185546875,276.288087479086,25.068244889093705,188,1.5521172004076331,0.1408271143045149,7738,0.3481648628579996,43.47014381379508,0.1955902902474474,25,0.140443731628958,1.5493997391421808
NP0653402,Karnali,Salyan,Darma,0,81.77803388236889,82.31167129260386,28.55306111753297,117.77355420019695,475.6082305908203,16017.203371226788,1334.7669476022322,1813.493981897831,1136.761585408991,1368.3428688049316,1574.446365594864,131.203863799572,1421.3399060154456,974.6716918945312,2114.32275390625,1139.6510620117188,208.61976168585295,27.09193664186398,65.47005840706841,358.7673859811072,-0.0021512426062936,0.0999811006736426,0.7548298032360855,23.0303042933498,0.2816196868523036,9,1709.5,1709.5,184.2,184.2,1,83.60894941634241,0.0,11.575875486381324,4.778696498054474,0.0,0.0364785992217898,0.0,0.0,0.0,0.0,83.60894941634241,2,0.0,0.0,0.0,0.0,113.49685499449946,21.78969601533324,120,1.3878648043526645,0.2664492527012322,5957,0.2660446084848736,72.84352187494095,0.3253252687238205,103,1.2595069251500617,0.1268578264002607
NP0653403,Karnali,Salyan,Siddha Kumakh,0,89.73222884747176,82.1792236577073,28.46701139647268,113.91863052494386,483.4899230957032,15492.933751392366,1291.0778126160303,1757.8717262744904,1122.1244162819603,1364.7715759277344,1550.3760950565338,129.1980079213778,1524.9592957362006,894.721923828125,2501.37255859375,1606.650634765625,255.59484126491336,28.10244403083829,65.01593350059407,210.0270463948566,-0.0917749599427436,-0.1587857460575319,1.9001974014744287,26.273872490542573,0.2928030745252445,9,1634.1,1634.1,117.3,282.6,1,75.24697524697524,0.0,19.791319791319797,4.9284049284049285,0.0222000222000222,0.0111000111000111,0.0,0.0,0.0,0.0,75.24697524697524,2,0.0,0.0,0.0,0.0,95.96864704323924,29.0172274203162,53,1.069500315281015,0.3233757568826261,4577,0.1980297170689521,51.00731430376098,0.2206896224605833,0,0.0,4.997064717190873
NP0653404,Karnali,Salyan,Kalimati,1,446.3318424273804,81.94636376239228,28.30110183652259,115.64738702282212,553.3472035725912,15728.044635103808,1310.6703862586508,1824.8546308080356,1142.799460459237,1385.6534932454426,1600.259484304322,133.35495702536016,870.9005226005203,323.5,2401.611328125,2078.111328125,344.4009525842964,23.837826098933323,68.33455206252493,185.7565278197612,-0.0019125341356579,-0.0189717096552871,0.8784610375467413,116.22044489042403,0.2603902160741164,35,1574.0,1574.0,132.9,1501.1,1,92.56229831480816,0.347346719254213,2.606220867694514,3.0790605951954104,0.0201685191825026,0.938956615274292,0.0,0.4459483685908928,0.0,0.0,92.56229831480816,1,10064.325731277466,22.5489753913647,25.035636147456383,187.93392944335935,489.680408510998,69.63445391513197,360,1.097121831702318,0.156014980998049,7678,0.3571470413847516,17.202447305222762,0.0800182750669107,2,0.0044809709052416,4.668238558234342
NP0653405,Karnali,Salyan,Chhatreshwori,1,151.29621548812915,82.29112265573954,28.355462425424616,110.1679165518167,453.4352060953776,14982.836651047071,1248.5697209205894,1738.0190143187842,1079.2569191672585,1350.912989298503,1457.2112831672032,121.43427359726694,1563.7260738114232,834.6322631835938,2805.8583984375,1971.2261352539065,365.40694145774313,28.918409284689996,65.56249299026777,273.1447530953317,-0.1168134810018747,0.0064179052100141,0.7486749087916854,46.70315791208206,0.3086868879132435,12,1622.5,1622.5,157.1,439.7,1,80.98086910788246,0.0328709486555782,13.431069620669254,5.403983958977056,0.0788902767733876,0.072316087042272,0.0,0.0,0.0,0.0,80.98086910788246,3,3398.8864135742188,22.46511191709814,424.8608016967773,727.84521484375,229.70876164493876,51.4888785711499,190,1.5182716957184028,0.3403183510243834,7681,0.389062515125552,50.76795857198859,0.2571528401224803,2,0.0132191013076392,1.902580333468589
NP0653406,Karnali,Salyan,Tribeni,0,119.59117403742212,82.23104902194015,28.281740203632427,107.99986797395874,458.1828842163086,14687.98204445839,1223.9985037048657,1706.4335238933563,1062.6436689550226,1345.9019470214844,1408.5870570540428,117.38225475450356,1283.3493152861558,779.3179931640625,2129.014892578125,1349.6968994140625,271.8146607537436,28.040890785009665,66.04948591740165,334.82598273015526,-0.080329894836975,0.1709108517113812,0.4294772117192073,34.45983689193709,0.2881469905225114,16,1601.4,1601.4,130.3,694.7,1,89.22589784184652,0.1166569452545621,4.7079410049162576,5.557870177485209,0.0999916673610532,0.2833097241896508,0.0,0.0083326389467544,0.0,0.0,89.22589784184652,2,11379.116653442385,95.15013749996018,142.2389581680298,1097.5257568359375,205.06786113367764,34.27849757628507,159,1.714740763975679,0.2866306636103325,6188,0.2877358253381017,51.74294884055298,0.2405995489667693,1,0.008361821079598,3.2148800976532974
NP0653407,Karnali,Salyan,Kapurkot,1,119.6729094451585,82.35986069403468,28.253473605011585,116.9990813105422,515.6658020019531,15911.875058233738,1325.9895881861448,1846.9856842756271,1168.2921487634833,1484.96240234375,1482.137273132801,123.51143942773342,1511.4619589844954,744.2904052734375,2272.68359375,1528.3931884765625,225.11547944196963,28.37565722060032,67.13131938930621,260.3044705746519,-0.0635600195372435,-0.0108594089197226,0.4702613740239514,28.834705014648748,0.2409459680418531,10,1619.2,1619.2,124.5,564.3,1,84.96296912706998,0.0,10.618290754764084,4.343846217858034,0.0665723558292419,0.0083215444786552,0.0,0.0,0.0,0.0,84.96296912706998,2,14337.476140975952,119.80552831421106,85.85315054476618,4476.9482421875,264.5150245977181,88.50586510427235,171,2.2103166524829514,0.7395647479000349,6532,0.3300095716321082,54.58211077414613,0.2757596294450741,80,0.6684888031126287,1.0422366596399233
NP0659301,Karnali,Surkhet,Panchapuri,1,331.62860547274875,81.38261248953918,28.78958884989884,117.04803835162345,508.9653930664063,15918.53321582079,1326.5444346517324,1712.165065864722,1154.9696645447702,1481.1577199300132,1760.338271121184,146.69485592676534,712.4412253585299,194.98765563964844,1999.7332763671875,1804.745620727539,392.5575326136574,21.140532225150174,68.08451637411362,273.6090122142382,-0.0486494181452718,0.0030684445239108,0.935622451284533,133.90475649007598,0.4037792707875421,50,1550.3,1550.3,165.3,13713.3,1,86.14220968274454,0.1140558873848185,4.493201668817721,6.918390011105442,0.0360176486478374,0.7533691508839331,0.0,1.5427559504157038,0.0,0.0,86.14220968274454,2,12436.02910232544,37.49986851887346,79.21037644793273,484.9147033691406,754.6104324464899,24.867220324403565,1209,2.2754684607824016,0.074985148790028,12931,0.735785966032483,38.99241436536027,0.2218704761561787,34,0.1025243282361958,0.8843509909766205
NP0659302,Karnali,Surkhet,Bheriganga,0,257.435426801309,81.69185205704342,28.45754571744293,132.2229748727644,614.2156372070312,17982.32458269596,1498.5270485579967,1938.5250078737736,1334.6989034305918,1681.0376586914062,1976.959701091051,164.74664175758758,748.7653328949343,373.5,1458.1654052734375,1084.6654052734375,212.37090922665837,18.92384472050022,62.19357700994816,30.026870307515534,0.1486083279394015,0.2571186260974422,0.2228595546590427,77.20428843257685,0.2998976846033075,28,1611.0,1611.0,108.5,108.5,1,89.82604315989306,0.0154972686064081,0.9608306535973036,7.799000426174886,0.1859672232768974,0.3951803494634071,0.0,0.8174809189880283,0.0,0.0,89.82604315989306,2,16104.102485656738,62.55589095002853,447.3361801571316,3152.476318359375,605.9216566939383,73.6725697072997,789,2.353684045054118,0.2861788318053088,15439,0.702941804502689,59.97232079451116,0.2730555826122664,119,0.4622518410873002,0.8217799989424952
NP0659303,Karnali,Surkhet,Birendranagar,1,246.1763850441619,81.63438768801194,28.60223409663185,136.19112232405377,605.7752414279514,18521.99263607131,1543.4993863392758,2021.6893899440763,1397.8943222508287,1785.7327473958337,2065.7356905672286,172.1446408806024,1032.257728513834,367.0,2274.997802734375,1907.997802734375,462.2079575098717,20.5054677402919,63.96588822735319,190.16050623943065,-0.0363504898948304,-0.2028296148310747,0.2418803196984094,76.78026862295738,0.3118912831918612,29,1561.4,1561.4,454.3,13395.4,1,75.84687525264775,0.0646778235912361,6.548629638612661,13.921901528013583,3.088366076481526,0.1293556471824723,0.0,0.4001940334707737,0.0,0.0,75.84687525264775,3,36827.04886674881,149.5961883595876,32.44673908964653,242.6252899169922,1008.8245827674766,101.37779224520251,2738,4.097974639551646,0.4118095739646848,37587,2.96371749479061,152.68320717788274,1.2038999980680296,125,0.5077660067905218,0.3674578393156186
NP0659304,Karnali,Surkhet,Lekabeshi,0,181.7840952609356,81.75147442251276,28.53984379162225,124.84850224940216,539.3038024902344,16979.396305918694,1414.9496921598911,1813.7630684773128,1239.8491001707134,1555.8856150309246,1857.475079099337,154.78958992494478,920.716445259082,415.5,2142.621337890625,1727.121337890625,369.23638002623846,22.328557763244397,65.1071873970981,224.5215998856144,-0.1680754955061428,-0.170905940045925,0.9452483820053188,48.539524575333154,0.2670174445440829,17,1615.7,1615.7,248.0,248.0,1,85.089256379367,0.262840871755558,6.319132625123207,7.348592706165808,0.060234366443982,0.32307523819954,0.0,0.5968678129449129,0.0,0.0,85.089256379367,3,2312.8829345703125,12.723241443374716,1156.4414672851562,1210.9432373046875,792.3125332473832,53.26456550696697,1248,4.358536054048546,0.2930100426580787,14591,0.6639850121806361,80.26554786905787,0.3652602342507149,215,1.182721732016136,0.3738214186948834
NP0659305,Karnali,Surkhet,Gurbhakot,1,229.64381834411452,81.89175209809585,28.428935447303942,118.49491110327196,550.7051289876302,16115.307910044989,1342.9423258370823,1830.9051675796509,1163.2721015082464,1392.0371229383682,1683.773901356591,140.31449177971592,1019.446255397792,451.5,2237.65771484375,1786.15771484375,425.9243477698842,24.02993375415661,67.37990019880925,261.62593667714367,-0.1060365158881743,-0.0156090663124149,0.2962258422483151,75.76855768867512,0.3299394611839198,18,1635.4,1635.4,127.2,12182.8,1,82.10581137971442,0.3038062584089232,6.649016969749577,9.6132980339395,0.2039842020745627,0.308146347814765,0.0,0.815936808298251,0.0,0.0,82.10581137971442,3,14055.083261489868,61.20383889641104,143.41921695397824,3043.03955078125,844.0757559097156,66.00728809602693,1146,3.6755866628419,0.2874333329413506,23761,0.9640959498222664,103.4689292807126,0.4198222955767077,282,1.2279886392475463,0.6328309034472888
NP0659401,Karnali,Surkhet,Chaukune,1,383.1221848666899,81.19256308232794,28.87547293302084,122.98922998852588,513.923817952474,16726.53527843952,1393.87793986996,1761.1171266635258,1224.1132050138533,1558.4646288553874,1812.167360464732,151.01394670539432,715.7902474936459,212.5,1716.48095703125,1503.98095703125,344.3352380487788,22.03698323111076,67.35929373360516,192.78314594841288,-0.0133599725775557,-0.0588843090036016,0.5267670396353502,117.12538177419331,0.3057128675932664,58,1540.1,1540.1,132.3,13845.7,2,88.32831325301204,0.1609887827170752,2.170751973410885,6.205857914416286,0.0051931865392604,0.9841088491898629,0.0,2.1447860407145822,0.0,0.0,88.32831325301204,2,10917.74238538742,28.49676373918761,41.9913168668747,766.938720703125,510.1803467397387,2.2758130554932827,548,1.3316387483989205,0.005940175602948,8705,0.512284548009523,22.7212109970321,0.1337130994353083,150,0.3915200056926841,0.4637138026773301
NP0659402,Karnali,Surkhet,Barahatal,1,457.4235269846482,81.47388980833246,28.662314449780396,122.54418183278804,581.8174438476562,16666.008729259174,1388.834060771598,1787.9100114769406,1227.801290261625,1548.5365787082249,1830.2470682197147,152.52058901830955,738.5283852966287,259.0,2149.07421875,1890.07421875,290.17568332057266,21.85759252063248,67.91889317026059,8.518631990154583,0.0163640575825739,0.1092514250009434,1.7299081257798106,130.02234166081115,0.2842493531496356,50,1561.4,1561.4,454.3,13395.4,1,90.74802721679964,0.308688941544749,3.091237147018543,4.075998347862003,0.021738657855264,0.6825938566552902,0.0,1.071715832264516,0.0,0.0,90.74802721679964,1,12060.114600896835,26.36531330252628,24.363867880599667,2518.7802734375,883.3505256207645,75.66219940748297,1163,1.9311436196643448,0.1654095055106824,11096,0.5545934101929355,24.25760667175389,0.1212428695674738,40,0.0874463110012757,4.965180366782907
NP0659403,Karnali,Surkhet,Chingad,0,170.95922976479343,81.83150023404075,28.620623398364163,119.0592167339906,493.3512791224889,16192.05347582272,1349.3377896518934,1750.9468636853353,1162.9214313061204,1417.2083936418803,1728.393770149776,144.032814179148,1586.6274671630465,632.1531372070312,2792.571533203125,2160.4183959960938,335.83447670656784,30.929055938019303,67.58472733877345,219.75819414845145,-0.0219454990700598,-0.0263789200262413,0.2096412839601328,47.93753188618175,0.2804032982140504,19,1615.7,1615.7,248.0,248.0,1,73.16520425358823,0.0,23.53419722238364,3.288976698239293,0.0058109128944157,0.0058109128944157,0.0,0.0,0.0,0.0,73.16520425358823,2,0.0,0.0,0.0,0.0,519.2507923214695,3.534261612075795,546,3.0372784963751727,0.0206731254986247,3897,0.2094520097851684,22.794908501644,0.1225157659363191,23,0.1345350001380066,5.152021668173648
NP0659404,Karnali,Surkhet,Simta,1,242.71174583107225,81.95318736873135,28.552154966398884,117.3611030438367,484.1207711356027,15961.110013961792,1330.092501163483,1788.9469151156288,1139.2980047448889,1355.2107434953962,1657.4370827674866,138.11975689729056,1195.8415929882706,500.5,2314.279296875,1813.779296875,381.923448493547,27.203228773181863,65.78142244566537,82.23825159832552,0.1991098124821218,0.0271392406831418,0.384224444654849,66.30006120619505,0.2731637934504414,23,1664.2,1664.2,123.9,11758.0,1,73.72292771133851,0.0,17.174207865861177,7.943944437595035,0.0534253893888957,0.3986355977479143,0.0,0.7068589980684667,0.0,0.0,73.72292771133851,3,8902.796227872372,36.68053310476672,9.729831943029914,1400.1873779296875,512.6683268354386,54.09774789133952,419,2.112251819869717,0.2228888746447056,6804,0.3099465762473677,28.0332539189743,0.1277015148921103,0,0.0,7.649300675636545
NP0660301,Karnali,Jajarkot,Chhedagad,1,285.42738749912013,82.0265037276479,28.74835222602152,125.65533461062348,527.3910614013672,17089.12550704479,1424.0937922537323,1876.1648910045624,1163.368723227761,1362.5169387817382,1733.5567529916764,144.46306274930637,1536.942637299968,606.5,2936.5517578125,2330.0517578125,430.0957221355848,30.53109063428324,70.14336623732719,258.86382371477646,-0.0898575840143253,-0.0176882838845224,1.956245508412711,72.50198117358921,0.2540119986692332,27,1686.7,1686.7,159.1,898.7,1,70.36700771728881,0.0,25.337849635087476,3.809756608583301,0.0174599294618849,0.3212627020986835,0.0,0.1466634074798337,0.0,0.0,70.36700771728881,2,8929.66068983078,31.28522727994456,744.1383908192316,3218.114013671875,770.6709409095857,44.33287070979858,1066,2.700059541104693,0.1553210121083256,12244,0.6257410975648193,42.89707482971564,0.2192295221027969,19,0.0665668426792385,3.480234305160236
NP0660302,Karnali,Jajarkot,Bheri Malika,0,220.68049252133144,82.16289559950164,28.697338583638214,138.48725854408215,558.9479751586914,18834.267161995173,1569.5222634995978,2123.029688745737,1317.975292552601,1525.7109146118164,1886.075125157833,157.1729270964861,1359.6844462692814,622.0,2677.63720703125,2055.63720703125,459.4687313024472,27.41769294037024,68.77156608368827,166.56013978280984,0.0618120547148579,-0.2586614999270358,0.8318218490375293,75.29839923431672,0.3412100379784961,33,1699.4,1699.4,69.7,10165.8,1,80.55992450456118,0.0,10.62328674785422,6.790095717431358,0.1213319552419898,0.7369792836920864,0.0,1.1683817912191614,0.0,0.0,80.55992450456118,3,6477.351043701172,29.351715549008293,308.4452877952939,710.7943115234375,749.0204620795399,103.53335726919748,1078,3.3941398875894664,0.4691550036267466,10442,0.5296785995904847,47.31727703113884,0.2400205806769644,3,0.0135943144123172,3.464994772836244
NP0660303,Karnali,Jajarkot,Nalgad,1,388.9262765573424,82.37386658818976,28.878560986258485,107.25494511746894,381.3407165527344,14586.672535975777,1215.556044664648,1622.589998324712,904.9518738717744,1052.8293380737305,1388.799179871877,115.73326498932308,2310.151728533207,761.452392578125,5395.25439453125,4633.802001953125,856.1712748919842,35.93868578296562,75.9724152440556,131.77139137072825,0.2292583211748618,-0.2047747050771053,1.095306596491631,93.83270295751436,0.2412608985643578,41,1730.5,1730.5,176.7,6306.1,1,63.96886166411434,0.0051046452271567,29.550791220010208,0.7937723328228687,0.0153139356814701,0.9009698825931598,0.0867789688616641,0.3139356814701378,0.0,4.3644716692189895,63.96886166411434,2,0.0,0.0,0.0,0.0,696.0775768275134,35.845811505678654,1087,1.7897417037207703,0.0921660830504303,9017,0.4467364472337616,23.184342492401782,0.1148640434346934,32,0.082277804120756,4.175389205459889
NP0660401,Karnali,Jajarkot,Junichande,1,347.72787627534603,81.97903047845868,28.89621727002937,118.31393956140155,422.1078420785757,16090.695780350612,1340.8913150292176,1696.9889539938706,973.632680826254,1167.183976980356,1606.3378779704751,133.86148983087296,2508.3212011834885,917.622314453125,4509.28662109375,3591.664306640625,724.7022973695839,32.22538217909489,70.34719096259242,159.94092052967454,0.0381271588473733,-0.1044183754846903,1.1148185740095655,102.82156752712936,0.295695497952286,46,1721.9,1721.9,153.6,153.6,1,66.236516066268,0.0,32.07530973704541,1.0901599473518555,0.0,0.1287590488998254,0.0,0.0,0.0,0.4692552004349195,66.236516066268,2,0.0,0.0,0.0,0.0,564.5645079094462,0.0,728,1.6235813877124985,0.0,7936,0.406545410353624,22.82244404735596,0.1169148170426531,4,0.0115032480077398,6.211469669372755
NP0660402,Karnali,Jajarkot,Kuse,1,275.1109446538924,82.13672557300747,28.878066664749905,122.03488801363956,451.2613830566406,16596.74476985498,1383.0620641545818,1839.0376025113192,977.4114990234376,1120.5738712657585,1608.2406318404458,134.02005265337047,2330.6053022522715,944.2457275390624,4354.9130859375,3410.667358398437,597.4329114001038,31.351396668206974,72.07388748685656,193.89962326851207,-0.0306934726500017,-0.1240300657429834,2.399986222530073,71.3372743998853,0.2593036583463892,31,1713.4,1713.4,171.6,171.6,1,76.97000324874563,0.0,19.45276684835577,1.7976392448471286,0.0072194347182615,0.0433166083095693,0.0,0.0,0.0,1.7290546150236434,76.97000324874563,2,0.0,0.0,0.0,0.0,326.54578906118945,0.0,600,1.186960371467611,0.0,6447,0.3427503803250782,23.43418219188171,0.1245862394737805,120,0.4361876629480076,1.3611234054212875
NP0660403,Karnali,Jajarkot,Barekot,1,579.7764904616613,82.2847179500648,28.99460509668799,115.22507948660048,400.1793489002046,15670.610810177666,1305.8842341814725,1658.76422280357,842.2044780120189,951.478745960054,1457.5188572293237,121.45990476911032,3070.2389814509843,1238.3638916015625,5410.4765625,4172.1126708984375,797.2756657382212,32.16771381675566,76.51034452193957,239.5265851204016,-0.0778272593788529,-0.0457951310661125,0.3386725782662562,168.57455820680946,0.2907578368218722,58,1748.7,1748.7,259.4,259.5,1,56.49125207367754,0.0,30.26457560158027,0.3608626498606146,0.0017102495254057,1.6657830377452072,0.0478869867113611,0.0393357390843324,0.0,11.12859366181526,56.49125207367754,3,0.0,0.0,0.0,0.0,426.8223180289197,0.0,675,0.7361842452236239,0.0,6026,0.3215666246098609,10.393660486650036,0.0554638951216882,46,0.0793409197454201,0.8273015491257734
NP0660404,Karnali,Jajarkot,Shivalaya,1,134.86556382795584,81.92460932274,28.685408099103565,118.46536550451728,508.0013916015625,16111.28970861435,1342.6074757178624,1730.452962207794,1141.5811000477186,1358.56796875,1676.5702625751496,139.71418854792913,1511.2331092552645,613.9603271484375,2792.219970703125,2178.2596435546875,450.3914240779658,28.716814357810986,66.6621813985065,68.49718994206775,0.184348305837986,0.0726271732526672,0.4887323760698996,33.39697204209881,0.2476315754309408,9,1686.6,1686.6,116.0,116.0,1,73.14006803727258,0.0,22.592811714243453,3.986096731252773,0.0,0.2662328057979589,0.0,0.0147907114332199,0.0,0.0,73.14006803727258,2,4803.700340986252,35.618435163435755,266.8722411659029,4745.66748046875,700.3900236874013,0.0,906,5.193245805733396,0.0,5449,0.2339207943174072,40.40319741628882,0.1734473854391869,0,0.0,6.842988173273783
NP0661301,Karnali,Dailekh,Aathbis,1,168.84654045165527,81.49064785410212,29.023498027533503,104.86553273108952,433.2695426940918,14261.712451428177,1188.4760376190145,1483.156073242426,937.2623091610996,1200.1100978851318,1554.8041813075542,129.56701510896286,1297.3046428391983,612.5,2744.143798828125,2131.643798828125,457.3827067773496,29.67411041237657,66.27043673969993,303.27610549603247,-0.2300945682496347,0.1510065556184421,0.3461075434191712,68.34173083264892,0.404756476797443,28,1722.1,1722.1,150.0,20820.0,1,74.85945186226283,0.0,14.382759428437572,8.28648395408761,0.0702740688685874,0.825720309205903,0.0,1.575310377137503,0.0,0.0,74.85945186226283,3,3456.1220703125,20.46901322980952,3456.1220703125,3456.1220703125,314.3969926813062,79.12590265263583,278,1.862028039427467,0.4686261408790394,5493,0.23111414886259,32.53249954252261,0.1368782257808612,8,0.0473803015365339,4.091397087917019
NP0661302,Karnali,Dailekh,Chamunda Bindrasaini,1,91.04970994271338,81.55849769700794,28.93463204947384,107.95588064938784,446.5952682495117,14681.999768316746,1223.499980693062,1567.1444209218023,1003.5341285358776,1302.7793083190918,1639.5579329133034,136.6298277427753,1161.5699993117796,593.0,2093.257080078125,1500.257080078125,275.0816885221015,25.99485338222521,61.87211585630573,280.9448425788109,-0.1077901334174674,0.0208446116030772,0.8745565418666568,24.86142330159918,0.2730532949225371,5,1705.3,1705.3,163.1,163.2,1,62.2895622895623,0.0,20.810253068317586,16.063864450961223,0.0108613011838818,0.3367003367003366,0.0,0.4887585532746823,0.0,0.0,62.2895622895623,3,0.0,0.0,0.0,0.0,371.0403378696323,54.68108652494893,506,4.075140251441584,0.6005629953061152,12229,0.374701300803972,134.31124610604732,0.4115348648993241,106,1.1641992057601616,0.3089052698564063
NP0661303,Karnali,Dailekh,Dullu,1,157.5393342875652,81.60649225199357,28.8317355828131,113.15938504929302,518.0849914550781,15389.67636670385,1282.4730305586545,1628.4034308024816,1098.464208627676,1383.1143384660993,1683.3467839785983,140.2788986648832,1151.692574579468,564.5,1916.9674072265625,1352.4674072265625,271.4955056508005,23.034303092358268,60.40003604604304,192.68012014346115,-0.00824570295317,-0.0366483552323861,1.4435789148179148,40.48441653785363,0.2569797360191659,20,1686.1,1686.1,85.0,1029.0,1,67.3511680482291,0.0,18.487817131374022,13.376036171816128,0.100477267018337,0.2386335091685506,0.0,0.4458678723938709,0.0,0.0,67.3511680482291,3,0.0,0.0,0.0,0.0,538.2062274884389,67.52802978988095,604,3.4163291975451764,0.4286423457053482,10613,0.5294538330831038,67.36730257236906,0.3360772314275891,97,0.6157192452199942,1.871914375284228
NP0661304,Karnali,Dailekh,Narayan,1,111.15135742936256,81.73894727844244,28.861847842397918,113.12735597818504,484.975830078125,15385.320413033169,1282.1100344194306,1586.127389828364,1075.8810949614551,1326.9383087158203,1644.5467642943065,137.0455636911922,1290.2054482571018,706.5,2669.46484375,1962.96484375,375.5861450716656,25.647648451881512,64.52147688876313,173.8526094213854,0.0074600559368633,-0.0692632619919683,1.1498712685949124,32.02330718772013,0.2881054080519993,14,1702.0,1702.0,280.6,280.6,1,74.15850400712377,0.0,19.45681211041852,5.654496883348174,0.1602849510240427,0.3918076580587711,0.0,0.1780943900267141,0.0,0.0,74.15850400712377,3,0.0,0.0,0.0,0.0,515.850649566997,42.01244892153065,1387,4.640974806761345,0.3779751313269371,7809,0.3947710075034086,70.25555225416542,0.3551652599063293,132,1.1875698421756735,0.1062684854958321
NP0661401,Karnali,Dailekh,Thantikandh,1,88.65295549917528,81.55077815393804,29.002001529851373,108.59141638436738,448.3140563964844,14768.432628273964,1230.7027190228305,1535.8441860675812,977.435664437034,1262.4337768554688,1618.5211973190308,134.87676644325256,1607.0375571497311,687.8360595703125,2992.542724609375,2304.7066650390625,465.4627199001738,30.534268238301483,62.29351465332058,162.5115937589729,0.087808725316806,-0.278690319904707,0.5348082740187194,23.62785303179815,0.2665207595026875,7,1705.3,1705.3,163.1,163.2,1,68.73258276669267,0.0,24.9804926986958,6.063983948277784,0.0,0.222940586333742,0.0,0.0,0.0,0.0,68.73258276669267,3,0.0,0.0,0.0,0.0,217.82347081813373,0.0647655393324148,275,2.4570356350969043,0.0007305513839639,4488,0.2097500547241507,50.62436976556017,0.2365967987678673,0,0.0,3.1747997483143435
NP0661402,Karnali,Dailekh,Bhairabi,1,110.99865508391196,81.64274264523894,28.952367103759716,106.46713450551032,442.118896484375,14479.530292749405,1206.6275243957837,1481.4868686199188,963.0706376162442,1216.7656745910645,1561.1255513429642,130.09379594524702,1533.506703974493,744.730712890625,3390.326171875,2645.595458984375,621.3298171527275,26.82532866471316,64.1503663248479,157.920321995327,0.0493916736088831,-0.1217608989221462,1.010112308039841,34.57132263111379,0.3114571307641413,12,1702.0,1702.0,280.6,280.6,1,73.05287602715256,0.0,16.327259735619865,10.289389067524116,0.0089317613433369,0.285816362986781,0.0,0.0357270453733476,0.0,0.0,73.05287602715256,3,0.0,0.0,0.0,0.0,281.4008125984392,35.54906937102071,466,2.535173172915544,0.320265766681106,5259,0.2854662388116877,47.37895243887721,0.2571799078068856,0,0.0,3.766455663141224
NP0661403,Karnali,Dailekh,Mahabu,1,111.33032744072814,81.69326102183938,28.94825048883298,110.12195543638047,482.5230865478516,14976.585939347744,1248.0488282789786,1548.8769857287407,1009.7966431704434,1272.8302612304688,1622.459649026394,135.2049707521995,1625.6392351839936,756.2390747070312,3579.887451171875,2823.648376464844,588.0324037963167,29.070470311398424,69.60942336213577,227.9302448808212,-0.1695900343207181,-0.153073821394391,0.6003698801199961,42.73245759548559,0.3838348325907528,13,1702.0,1702.0,280.6,280.6,1,68.13821282643453,0.0,24.418191508260797,7.194883638301652,0.008882572392965,0.23094688221709,0.0,0.008882572392965,0.0,0.0,68.13821282643453,3,0.0,0.0,0.0,0.0,250.2893807879592,0.0,308,2.248168909062199,0.0,4004,0.2068023543233721,35.96504287775238,0.1857556328786268,0,0.0,3.73683559367625
NP0661404,Karnali,Dailekh,Naumule,1,229.64198972756856,81.82270513750869,28.931130106848236,109.54020045588122,433.844539642334,14897.467261999846,1241.455605166654,1500.702083826065,961.2383351759476,1186.0615615844729,1562.6181980371475,130.21818316976228,2114.261443367093,830.289794921875,4015.458251953125,3185.16845703125,615.9453522389882,32.86138593104272,75.70003969294312,245.6310250135205,-0.1521319108710455,-0.0689107911078833,0.3124619952008395,65.60425868311741,0.2856805881230422,22,1708.5,1708.5,279.3,279.4,1,79.92651826237302,0.0,18.37043440674303,1.6598227793386644,0.017289820618111,0.0259347309271666,0.0,0.0,0.0,0.0,79.92651826237302,2,0.0,0.0,0.0,0.0,382.5693252168371,0.0,410,1.6659380354206608,0.0,4927,0.1884546999228541,21.455135473460462,0.0820645649980753,0,0.0,5.980081535746356
NP0661405,Karnali,Dailekh,Gurans,1,165.5805969154794,81.68326070891135,28.7062890131407,111.59894698332336,493.9276123046875,15177.45678973198,1264.7880658109982,1592.886530160904,1090.4175858931108,1343.8808555603027,1633.7245705127716,136.14371420939764,1492.2671179731603,549.5,2753.46630859375,2203.96630859375,372.3455999325973,29.703165303476062,65.23546815089412,354.53288763278744,-0.0257895489754554,0.2694557875472049,0.155626633962214,40.92570046156564,0.247164832256621,13,1696.3,1696.3,155.3,155.3,1,80.61389337641357,0.0,15.514868665110992,3.5720696463830555,0.0478669299347813,0.0658170286603243,0.0,0.1854843534972775,0.0,0.0,80.61389337641357,2,0.0,0.0,0.0,0.0,380.3318603207722,49.01220861646449,345,2.296959108771136,0.2960021254270678,2017,0.1134118712629603,12.181378963318858,0.0684934547740829,184,1.1112413134609171,0.2940375185872637
NP0661406,Karnali,Dailekh,Dungeshwor,1,105.69387511417116,81.7191378506024,28.748490916839597,115.8844591129352,509.64622497558594,15760.286439359188,1313.3572032799325,1629.803565740585,1135.7577344721014,1375.770923614502,1674.9252665042875,139.577105542024,1352.8054732380133,657.5,2650.579833984375,1993.079833984375,359.82996810434594,29.274360040901456,65.4357755395858,296.3010285803997,-0.1709690657246846,0.0845019942948368,0.5444751029448013,30.365671986167555,0.2872983127297241,9,1696.3,1696.3,43.4,788.7,1,82.15485074626866,0.0,13.180970149253731,4.4309701492537314,0.0746268656716418,0.1026119402985074,0.0,0.0559701492537313,0.0,0.0,82.15485074626866,2,0.0,0.0,0.0,0.0,264.01850886863485,7.340543829528746,221,2.4979546694019925,0.0694509858929805,864,0.041563025073843,8.174551260105678,0.0393239674758318,1,0.0094612861806778,4.290891604479442
NP0661407,Karnali,Dailekh,Bhagawatimai,1,152.22552287431654,81.83039215748654,28.7926914381231,115.55381927829164,467.6004333496094,15715.319421847662,1309.6099518206383,1657.523462454478,1075.8949804595022,1291.7656936645508,1628.0008972883224,135.66674144069353,1760.3606346174006,742.2725219726562,3286.321533203125,2544.0490112304688,494.1064970527712,29.398197504084077,67.1046774223676,315.2106312833881,-0.1255019668739593,0.1264281187959217,0.3554879584551544,35.603642386543086,0.2338874698163387,15,1708.3,1708.3,156.7,156.7,1,74.97555570041067,0.0,21.68698259565869,3.207092106120853,0.0586663190144058,0.0651847989048953,0.0,0.0065184798904895,0.0,0.0,74.97555570041067,2,0.0,0.0,0.0,0.0,485.0963946732076,37.885324112977614,650,3.186695539050456,0.2488762948395798,6683,0.3295213305469497,43.90196777657155,0.2164691730564892,143,0.9393956893685068,0.7588599051503074
NP0662301,Karnali,Dolpa,Tripurasundari,1,394.8179004650796,82.74966088369837,29.022306819500432,76.06324806844486,282.5457377115885,10344.6017373085,862.0501447757084,1029.6939211527506,606.224204600941,708.3779172261555,980.8388777414956,81.73657314512464,3354.4707895937654,1569.5777587890625,5905.1787109375,4335.6009521484375,855.4283892706575,34.753498353609125,72.14829533226714,170.90329887128968,0.0183448082024925,-0.1145727049934581,0.7436725652971128,117.84685255683354,0.2984840667508101,44,1777.8,1777.8,167.6,4478.4,1,25.91580372589825,0.0,58.71925381741594,0.1504400371085424,0.0125366697590452,5.004638567810846,3.2219241280746185,0.1554547050121605,0.0,6.819948348920593,58.71925381741594,4,0.0,0.0,0.0,0.0,359.1326887584545,24.81133504167179,576,0.9096160238312666,0.0628424775382398,3756,0.2329641911846253,9.513246475338589,0.0590054784522694,41,0.1038453422494361,1.552867437415389
NP0662302,Karnali,Dolpa,Thulibheri,1,459.67647995576607,82.86670906379176,28.931923696634943,70.96685464670455,257.1344655354817,9651.49223195182,804.2910193293183,1029.1922516028087,536.6242600835935,626.3449910481771,917.3649008009168,76.44707506674307,3770.038566404237,2003.7227783203125,5895.4208984375,3891.698120117188,807.9860074366508,32.10345713711752,76.59098386417094,9.93203263089164,0.0285709517606794,0.1631655218062428,1.0158975344936627,125.8411996945216,0.2737603623022676,42,1807.0,1807.0,163.1,163.1,1,25.087454113582385,0.0,52.39689052040596,0.2116173612610667,0.0172748866335564,7.985316346361477,3.66659468797236,0.1468365363852299,0.0,10.488015547397971,52.39689052040596,4,2280.479232788086,4.961052679935968,285.05990409851074,313.1479797363281,294.5103024580304,11.72298380496766,453,0.6406903883495858,0.0255026835527798,2867,0.1988754200868618,6.236995202094931,0.0432642148900025,17,0.0369825317180376,1.8430906949984915
NP0662401,Karnali,Dolpa,Shey Phoksundo,1,2461.0922364428397,82.96509237121961,29.38184021537438,56.5163051418204,241.1555482633821,7686.217499287573,640.5181249406311,852.0078897266598,434.1143974586205,622.7994564182156,702.3793781773074,58.53161484810895,4704.927719132774,2451.561767578125,6566.01123046875,4114.449462890625,547.8022595546252,30.81296917045052,76.315859707296,119.68158734828292,0.0251912200558395,-0.0143580908932206,0.39703350352721,580.0675312173781,0.2356951611272333,183,1973.4,1973.4,171.6,346.5,1,1.8495397227497,0.0,29.44931329765666,0.0008029258618405,0.0008029258618405,55.55925793591848,6.125922862912453,0.3645283412756083,0.0,6.64983198776341,55.55925793591848,4,392.3972969055176,0.1594403050381697,30.184407454270584,39.2447509765625,803.520061347885,0.0,984,0.3264892105422508,0.0,1533,0.0809328425879101,0.6228941675976088,0.0032884928646513,43,0.0174719172907352,2.693791268466402
NP0662402,Karnali,Dolpa,Jagadulla,0,780.2488183204237,82.64639495397535,29.24027126544368,69.20599336713148,270.08694751446063,9412.01509792988,784.3345914941568,981.9542094285672,528.7722028852343,681.4454181377704,874.4322486657363,72.86935405547803,4558.725144767269,2268.18603515625,6857.96337890625,4589.77734375,826.097188185272,32.257399833692425,79.01164728693928,195.1048928233739,-0.0165586146797255,-0.0613481240935979,1.5625852001730325,191.8591398349232,0.2458948162817116,72,1820.5,1820.5,224.8,448.7,1,13.325903316911308,0.0,26.38711229878798,0.0139312807912967,0.001266480071936,20.608163730543698,26.244000050659206,0.1241150470497346,0.0,13.295507795184845,26.38711229878798,5,773.3569812774658,0.9911671291501688,28.64285115842466,41.15830993652344,125.34803150607569,0.0,104,0.1606513570579983,0.0,1250,0.0565719631944411,1.6020530510905104,0.0072505028993467,8,0.0102531395269792,14.098553987399
NP0662403,Karnali,Dolpa,Dolpo Buddha,0,1182.8381586705175,83.26493195497675,29.273915004101863,53.08566870123515,237.03898478663243,7219.65094336798,601.6375786139984,818.7210396167844,427.3455335685617,612.8190713039664,662.7184114456177,55.2265342871348,4964.762162564458,3784.476806640625,6043.37548828125,2258.898681640625,400.4653218355321,26.58838643935087,71.25488034469453,237.3717191456227,-0.0497847761864349,-0.0318733274721434,0.6572175132138809,275.0375957001242,0.2325234383791439,71,2011.9,2011.9,76.9,256.7,1,0.0,0.0,22.014491905760824,0.0,0.0,70.12360743148939,1.4324755752049678,0.0718745037734114,0.0,6.357550583771405,70.12360743148939,3,0.0,0.0,0.0,0.0,433.7477231752285,0.0,503,0.36670082039182,0.0,1602,0.0784103876971403,1.3543695629507004,0.0066290039023827,19,0.0160630597353703,8.264861421065019
NP0662404,Karnali,Dolpa,Mudkechula,1,250.98749360753663,82.51074234953322,29.050441011775668,92.94126021669192,351.83543395996094,12640.0113894701,1053.3342824558415,1301.0022710084916,742.3418359929865,860.6218315124511,1211.0123527050018,100.91769605875017,3180.8619301994854,1484.1912841796875,5303.88037109375,3819.6890869140634,689.9046817197922,35.579792500957964,73.76097385343841,65.75460671912322,0.0421635774854656,0.0189892289215839,1.1078365682445437,73.53731850183522,0.2929919632442874,26,1772.5,1772.5,124.9,1009.3,1,44.27526201305121,0.0,47.05952145540834,0.0276843978643464,0.0,1.2299782479731065,0.0237294838837255,0.0197745699031046,0.0,7.364049831916156,47.05952145540834,3,0.0,0.0,0.0,0.0,160.2385620259614,0.0,237,0.6384324562263757,0.0,2181,0.0956706288258705,8.689676001985896,0.0381176876388384,16,0.0637481962548254,0.5745736476737907
NP0662405,Karnali,Dolpa,Kaike,0,467.938236711177,83.04699924381262,28.90498772977676,80.86205125392652,304.5989003499349,10997.238970534008,916.436580877834,1109.368227036794,664.8542775934393,765.2499142964681,1043.0754136403402,86.92295113669502,4403.199276970989,2159.51953125,7215.546875,5056.02734375,854.4921887315338,31.92362389113423,77.11994628962167,39.52020996045776,0.1070264728101381,0.1297402266940686,0.3173464797644537,129.4820145622218,0.2767074891598167,46,1818.9,1818.9,217.2,2794.2,1,8.06540316439631,0.0,47.55689990692952,0.0253828581098231,0.0063457145274557,25.685337168965223,10.16583467298418,0.0909552415601996,0.0,8.403841272527286,47.55689990692952,5,0.0,0.0,0.0,0.0,208.5745769392293,0.0,251,0.4457309973323822,0.0,664,0.0759525781949813,1.4189906870334197,0.0162313254691048,22,0.0470147516788181,1.95796290527306
NP0662406,Karnali,Dolpa,Chharka Tangsong,0,1969.789156361342,83.36726718330715,28.979065286459058,61.03574843688117,258.5615308606947,8300.861787415839,691.7384822846533,863.6970190937454,521.3353932167447,647.652400918909,752.3485834405229,62.69571528671025,5058.814015796043,2578.30712890625,7738.3828125,5160.07568359375,621.2137627488661,28.84998265742185,81.03853624042777,268.1867386744865,-0.0452171543101207,-0.0014314824153659,1.8880481181124764,504.96652450286746,0.2563556220583821,175,1866.9,1866.9,368.0,1051.7,1,0.4520336486004053,0.0,16.66138707455287,0.0015084548896565,0.0,64.46733943754745,11.564318002403471,0.6762906088626752,0.0,6.177122773143469,64.46733943754745,4,253.0926971435547,0.1284872019557035,253.0926971435547,253.0926971435547,261.38730780183374,0.0,213,0.1326981149011282,0.0,490,0.0412103581597106,0.2487575883020616,0.0020921202671171,17,0.0086303653084388,2.289433706450656
NP0663301,Karnali,Jumla,Chandannath,0,102.45181147908116,82.15212921821137,29.295032839644243,56.9035633708186,250.1599922180176,7738.88461843133,644.9070515359441,864.5694425106049,450.7178386341442,558.5830364227295,781.9337088465691,65.16114240388076,2949.8678178502546,2269.5,4140.11572265625,1870.61572265625,413.1853247958408,25.48184960167596,69.22336762494513,160.98587987235356,0.0647156356950692,-0.18779749371411,2.1216891223222345,32.20781836106726,0.3143704137202447,11,1812.3,1812.3,103.1,1083.4,1,49.89912575655683,0.0,43.99077721202806,5.255067729849169,0.4515323277932558,0.2305696992986838,0.0,0.0384282832164473,0.0,0.1344989912575655,49.89912575655683,3,13996.926734924316,136.61961201908315,85.87071616517986,283.2320251464844,234.71959492364465,10.617970007708116,448,2.291024351205056,0.1036386751431537,5118,0.4743545732828163,49.95519284737103,0.4630026218518069,12,0.1171282364533904,2.693948372841021
NP0663401,Karnali,Jumla,Kanaka Sundari,1,226.34118530077896,82.0586795312074,29.41842030528832,58.67017570563725,279.3083975655692,7979.143895966666,664.9286579972221,879.2072238240924,490.0997736051485,625.9561364310129,831.400200843811,69.28335007031758,3199.9871715482664,2353.0,4154.1669921875,1801.1669921875,369.8700705838341,30.856691322765712,73.92578504726801,179.0326928151061,0.0011481035890769,-0.0679982958959341,0.4996097775459089,60.46046490930433,0.2671209167211879,29,1813.9,1813.9,147.4,529.0,1,54.72049958801336,0.0,43.8787458259248,1.027798256645995,0.0,0.0390303135435188,0.0,0.0130101045145062,0.0,0.3209159113578212,54.72049958801336,2,0.0,0.0,0.0,0.0,379.02433037659256,20.51850681014723,523,1.6745707586222849,0.0906529970799645,2497,0.2068569576304842,11.032017865779933,0.0913916560769077,15,0.0662716331544649,1.605854483780406
NP0663402,Karnali,Jumla,Sinja,1,153.93349794221731,82.02752356047128,29.343221914400395,59.22575079649687,267.3827247619629,8054.702108323574,671.2251756936312,909.5856204032898,483.2091206637296,616.445930480957,840.5587505102158,70.04656254251798,3062.760082375022,2256.0,4143.09912109375,1887.09912109375,387.6301001508165,26.23768212848965,64.78586647233864,248.1609191013893,-0.0982266729454698,-0.0393656052611658,0.4042641935183116,54.826069178515766,0.3561672404735197,22,1804.7,1804.7,112.5,641.5,1,51.733640966480806,0.0,45.68993142344421,2.396974940716529,0.0128180478113183,0.0833173107735691,0.0,0.0448631673396141,0.0,0.038454143433955,51.733640966480806,2,0.0,0.0,0.0,0.0,286.1783516120657,0.0,319,1.8591038041602208,0.0,1880,0.1826384681498594,12.213066195024709,0.1186476436846885,9,0.0584668062527778,0.8623430113169157
NP0663403,Karnali,Jumla,Patarasi,1,817.145889163273,82.38505664208917,29.35893187502628,67.02361279474754,284.650851949056,9115.211340085663,759.6009450071388,965.244079597791,523.3962199586811,657.5349764506022,902.2776794870696,75.18980662392245,3991.0083730149095,2387.26123046875,6529.4111328125,4142.14990234375,704.251167483088,30.5350009966934,73.6847919323071,227.709722553818,-0.0556549185075843,-0.0506248184210687,1.137514245191258,241.8734338716233,0.2959978592308561,92,1839.3,1839.3,52.4,423.5,1,26.2699037355452,0.0,39.59314645516741,0.5969607071502089,0.0024217472906702,10.058727371798753,5.686262638493673,0.3317793788218199,0.0,17.460797965732276,39.59314645516741,5,3292.7352294921875,4.029556133316446,1646.3676147460938,1947.80615234375,250.34006838827693,3.503941872252435,334,0.3063590868022549,0.0042880248419781,4071,0.3179274946962986,4.981974521304332,0.0389070665241728,20,0.0244754336590731,2.8942951672547723
NP0663404,Karnali,Jumla,Hima,0,132.90624084585994,81.93294104211573,29.27414075074046,62.068733352773336,241.58274841308597,8441.347735977173,703.4456446647645,982.2908000946044,473.40781159834427,585.5482040405274,847.4668548583984,70.62223790486654,2893.5390449906786,2035.720703125,3815.1123046875,1779.3916015625,382.1665955569241,26.8810270962016,62.61645439981872,147.50677419497634,0.1130655802101997,-0.1775237246038608,0.5990525249064543,41.73848117292242,0.3140445543210365,15,1789.1,1789.1,114.4,755.9,1,50.644444444444446,0.0,48.12592592592593,1.148148148148148,0.0,0.0592592592592592,0.0,0.0222222222222222,0.0,0.0,50.644444444444446,2,0.0,0.0,0.0,0.0,210.71025204476945,0.0754731593127941,233,1.5854052503760443,0.000567867685012,1432,0.0817011476126302,10.774512851212036,0.0614727698960234,0,0.0,4.857611597024717
NP0663405,Karnali,Jumla,Tila,1,176.25310080499892,81.98451698969411,29.186513461597144,70.8525093440749,279.22901044573103,9635.941270794186,802.9951058995156,1096.2178916931152,521.2017662741921,645.2187707083566,963.2287533283234,80.26906277736028,2907.6745731670903,1991.0,4331.14013671875,2340.14013671875,387.173673223294,31.4705200522425,72.13448803939403,9.860452355452589,0.0049569156372949,0.0285180528332794,0.0144437755745162,51.53607187773808,0.2923981004723203,16,1789.0,1789.0,96.6,1745.2,1,49.97472620050548,0.0,48.4863802302724,1.2917719741645606,0.039314799213704,0.157259196854816,0.0,0.022465599550688,0.0,0.02808199943836,49.97472620050548,2,0.0,0.0,0.0,0.0,297.9502040959845,23.463769071018067,334,1.6904678711192012,0.1331254256739441,2235,0.189434083628226,12.680627970754037,0.1074784402447535,16,0.0907785447570758,1.6213252774663365
NP0663406,Karnali,Jumla,Tatopani,1,527.748544772847,82.1201201449294,29.135904720754716,94.21849263507444,356.4451432001023,12813.714998370126,1067.8095831975104,1504.7524115244548,671.1491272170823,809.6029770260766,1234.703176680065,102.89193139000544,3507.441058853285,2198.5,4771.953125,2573.453125,599.6190840878699,28.539522511053374,72.82664247898967,296.6144489333716,-0.1510718300440174,0.0756987941577438,0.1362072968779341,164.3161372178977,0.3113530844289158,73,1799.4,1799.4,150.0,304.2,1,39.48796934578035,0.0,54.1031950262026,0.8602716054020548,0.0131482559777606,0.6799526662784801,0.0075132891301489,0.2329119630346174,0.0,4.615037848193993,54.1031950262026,2,0.0,0.0,0.0,0.0,499.7820924980325,32.2398914471788,479,0.9470079973657686,0.0610894937873404,3002,0.2340049698027086,5.688315069238358,0.0443402397070424,15,0.0284226269282396,6.791193353382153
NP0663407,Karnali,Jumla,Guthichaur,1,428.631627082124,82.366978798681,29.19709988526863,73.24574876615333,298.00802253274355,9961.421832196853,830.1184860164044,1055.4085046403547,578.09256772944,692.1062770170324,971.7827894547406,80.98189912122838,3609.7126820644794,2338.5,6012.1796875,3673.6796875,624.1552963923723,28.11995693404261,72.59677057029766,318.4530137343378,-0.0739163486222978,0.083409304336078,0.1156450001515323,129.50971868270815,0.3021469030746409,47,1845.4,1845.4,145.0,145.2,1,40.960432402466914,0.0,44.14108516388331,0.8615711546901347,0.0,3.552537361698196,1.7115930981913936,0.1478299032176102,0.0,8.624950915852448,44.14108516388331,3,2867.6714477539062,6.690293638095148,286.76714477539065,392.8229675292969,270.1869100771699,0.0,371,0.6303475828800734,0.0,2988,0.3435877603560434,6.971020828165607,0.0801592179968123,16,0.0373280901106592,0.5836102752930807
NP0664301,Karnali,Kalikot,Raskot,1,60.02766798619508,81.64409643442048,29.27269855622125,85.57433598532396,426.4713745117188,11638.10969400406,969.8424745003382,1429.5029926300049,604.2366742220792,742.6178817749023,1102.3765277862549,91.86471064885455,2337.645399395963,823.5,3888.79345703125,3065.29345703125,775.2880367655677,25.79695039514121,69.87574599900707,195.67233349248892,-0.1490558475839924,-0.5312676903342549,1.5907041647441118,19.552940606799854,0.3257321375752355,8,1756.0,1756.0,133.6,133.6,1,37.17654765804127,0.0,55.25712414018997,6.845725515886015,0.1310186701604978,0.2292826727808712,0.0,0.3603013429413692,0.0,0.0,55.25712414018997,3,0.0,0.0,0.0,0.0,269.4809283872916,7.087091432604295,731,4.489278651458953,0.1180637474411658,4535,0.1929877481851221,75.54849542119379,0.3214979936077221,27,0.449792585749114,2.239195248037522
NP0664302,Karnali,Kalikot,Khandachakra,1,133.9249951350615,81.67394922003139,29.150192411130497,89.41011735095697,313.5194549560547,12159.775959730148,1013.3146633108456,1251.8821102778118,678.6150281501539,847.6274922688801,1239.2009128729503,103.26674273941252,2191.2866241182724,728.5062255859375,4188.9736328125,3460.4674072265625,798.749135270917,33.75280896275877,72.04358356262755,200.57438187364883,-0.1012983661244637,-0.2698662462598146,1.7955338491615327,30.359606949492733,0.2266911185539002,12,1744.1,1744.1,84.4,17057.8,1,47.54485712176032,0.3027394225799306,50.25474414826848,1.388171010854316,0.118142213689729,0.0738388835560806,0.0,0.3175071992911467,0.0,0.0,50.25474414826848,2,0.0,0.0,0.0,0.0,242.94061351927783,40.878841917214,349,1.8140050203046532,0.3052368370518756,5099,0.2567902677602451,38.0735500110172,0.1917418533420708,17,0.1269367229235717,3.1742874010423496
NP0664303,Karnali,Kalikot,Tilagupha,0,263.7540689308086,81.85561365282254,29.145858037304063,70.95649372689864,263.9077743530273,9650.083146858216,804.1735955715179,1092.8836176872253,501.4734567815608,619.7837257385254,963.368833208084,80.28073610067368,2889.289943101074,1268.5673828125,4462.34130859375,3193.77392578125,594.2765839083061,30.17303144847413,74.47446308212237,171.80323457065296,0.0210675421044592,-0.1462571014251368,1.6180061113649138,84.73923202304547,0.3212812312869962,37,1763.5,1763.5,249.7,2750.7,1,54.92520568436798,0.0,43.45175766641735,1.4734480179506355,0.0112191473448017,0.1346297681376215,0.0,0.0037397157816005,0.0,0.0,54.92520568436798,2,0.0,0.0,0.0,0.0,330.0405858481088,24.824718876548683,421,1.2513194097289522,0.094120704856542,4662,0.231993234181802,17.67555669908166,0.087958163118485,10,0.0379141070336371,2.5225360510060177
NP0664401,Karnali,Kalikot,Naraharinath,1,144.57320879793554,81.53214223004059,29.21523502082019,97.04797465719427,352.0238749186198,13198.524553378424,1099.8770461148686,1358.198362191518,737.4387032479951,906.9883829752604,1323.1931358973186,110.26609465810988,2344.6017433814486,722.9801025390625,4143.4013671875,3420.421264648437,648.6629818219749,33.12266943538357,68.63069918173801,148.1892760806167,0.0560382978488173,-0.0903427616187655,0.7257864127003363,40.66279129547793,0.2812609032722706,19,1742.3,1742.3,134.5,134.5,1,58.2644910220523,0.1365467331194101,39.29814979176623,1.877517580391889,0.0204820099679115,0.2799208028947907,0.0,0.1228920598074691,0.0,0.0,58.2644910220523,2,1061.5055122375488,7.342339020234203,22.5852236646287,45.37086868286133,294.5785886587421,4.807686266337829,448,2.037573843093317,0.0332543374136306,7201,0.323291127128704,49.80867520250286,0.223617591265167,22,0.152172039224422,0.862744412599039
NP0664402,Karnali,Kalikot,Sanni Tribeni,1,137.3735855065246,81.58939937498054,29.28435136957605,89.4396598119946,379.0681571960449,12163.793734431269,1013.6494778692722,1406.0171031951904,644.8214236172763,793.0646629333496,1167.8239611387253,97.31866342822713,2593.529787710728,739.7572021484375,4369.16796875,3629.4107666015625,779.4331687133908,32.29575292633616,73.76194396796545,126.19853320839682,0.2394643382629846,-0.1752519876371988,0.091574494969876,44.99523340838732,0.3275391935245824,17,1756.0,1756.0,133.6,133.6,1,55.32480597872952,0.0,41.99482609945386,1.3294050014371943,0.0215579189422247,0.158091405576315,0.0,0.2012072434607646,0.0,0.9701063524001148,55.32480597872952,2,0.0,0.0,0.0,0.0,222.909198906417,13.408787186155234,408,1.622649638826162,0.0976081910995791,3829,0.1680679543553605,27.87289846065888,0.1223437196719147,10,0.0727941981213342,1.1523542521219965
NP0664403,Karnali,Kalikot,Pachal Jharana,1,167.70778348047338,81.71976219761659,29.249759174724986,63.36753657606303,225.17200469970703,8617.984974344572,718.1654145287143,974.2960753440856,453.6182270050049,559.9319712320963,844.4253444671631,70.36877870559692,2380.3362570536733,814.0,4467.89892578125,3653.89892578125,850.4463348356593,35.099299038986736,73.28120342468921,329.14831881254133,-0.0407591861826404,0.0682341586233774,0.2092045606374203,55.44284563805501,0.330591964710513,17,1756.2,1756.2,228.0,16839.8,1,46.48294582792399,0.0,51.92375781895433,0.4779889059365042,0.0118021952083087,0.4189779298949604,0.0,0.6727251268735985,0.0,0.0118021952083087,51.92375781895433,2,0.0,0.0,0.0,0.0,312.6899352708195,8.6657503466032,532,1.8644926835326443,0.051671724273979,3634,0.1469424798454196,21.66864247194058,0.0876181634482865,24,0.1431060592533224,0.5394371674511806
NP0664404,Karnali,Kalikot,Palata,1,320.2853196618771,81.83956579059867,29.35016754243117,57.879643343287896,226.9509066068209,7871.6314946871535,655.9692912239294,911.1517816690298,441.3924969759855,552.5245185265175,788.9223231168894,65.74352692640745,2740.7310071629577,945.5,4465.06005859375,3519.56005859375,657.9423852976427,32.07550024804888,71.45439625506923,253.67017099810076,-0.1381524932781748,-0.040476702473733,0.0017090918868121,103.05292773684305,0.321753516038872,34,1774.1,1774.1,250.0,250.1,1,70.44753086419753,0.0,29.129629629629623,0.2469135802469135,0.0185185185185185,0.074074074074074,0.0,0.0833333333333333,0.0,0.0,70.44753086419753,2,0.0,0.0,0.0,0.0,393.2838525885813,0.0,585,1.227917198964249,0.0,2666,0.1374427298839146,8.323828275409179,0.042912591194942,25,0.0780554039329442,0.6783400303555175
NP0664405,Karnali,Kalikot,Shuva Kalika,0,97.78812870538157,81.62827881822426,29.079757652192438,104.06361463373784,409.71120198567706,14152.651590188343,1179.3876325156957,1423.904133796692,885.4784178300338,1112.8933919270837,1493.8681135177612,124.48900945981345,2148.38925610127,804.9735107421875,3471.113525390625,2666.140014648437,530.9609711771881,31.226284950423544,64.71154202640746,19.60485722131483,0.1208389923911199,0.3392643015101192,2.0314462579138497,27.53872767074241,0.2816162660573223,13,1743.9,1743.9,180.4,3304.3,1,77.23345868482569,0.0,20.378087203984144,2.337635938611648,0.0203272690314056,0.0203272690314056,0.0,0.0101636345157028,0.0,0.0,77.23345868482569,2,0.0,0.0,0.0,0.0,214.64054044008395,0.0,442,2.1949549836131763,0.0,3220,0.1541769475882324,32.928332330617486,0.1576642785063823,17,0.1738452328013967,2.2195675091656586
NP0664406,Karnali,Kalikot,Mahawai,1,323.54075835057745,81.85404078264949,29.044664190905355,97.09884314122154,378.22349802653,13205.442667206127,1100.4535556005108,1370.8647040526073,777.5083375699593,952.9720579783124,1349.7136028607686,112.47613357173071,3138.259471888294,1095.762939453125,4428.65576171875,3332.892822265625,586.6234258087561,31.410017111782484,70.30158906122101,345.21317175438486,-0.0445300258434235,0.1686964030537331,2.124400600081774,92.13103855889872,0.2847586777894262,33,1763.5,1763.5,169.5,373.4,1,70.69023827824749,0.0,28.464258262874715,0.7471176018447349,0.0,0.06456571867794,0.0,0.0092236740968485,0.0,0.0245964642582628,70.69023827824749,2,0.0,0.0,0.0,0.0,132.104130094264,0.0,157,0.4083075367930015,0.0,1966,0.0994432924561861,6.076514161686273,0.0307359397199758,6,0.0185448041557058,9.57145428146996
NP0665301,Karnali,Mugu,Chhayanath Rara,1,482.6245953217492,82.16803783158929,29.532875929371496,57.705070319615935,292.17198859320746,7847.889563467767,653.9907969556473,836.5631839434305,464.7235308945781,600.1261380513508,790.7622390985489,65.8968532582124,3085.016185649535,1544.8463134765625,5021.65185546875,3476.8055419921875,621.9373836966358,31.546170906353773,68.73376678991166,336.8878856307261,-0.0324713222772979,0.0760833692791951,0.3356213678348138,147.54997346061066,0.3057241070821187,51,1861.8,1861.8,158.2,158.3,1,51.18812083137863,0.0,41.642360332061926,0.0305953862157586,0.044873233116446,0.8791074305994656,0.0061190772431517,2.2946539661819,0.0,3.914169743202725,51.18812083137863,2,0.0,0.0,0.0,0.0,809.428465603369,0.2304379296652396,1293,1.6771388641388054,0.0004774682680886,7133,0.359473128485319,14.779603172201938,0.0744829691586005,52,0.1077441980869901,1.3109094427771473
NP0665401,Karnali,Mugu,Khatyad,1,282.3600414110453,81.89303833075984,29.514168333387303,52.080169133053104,270.3040252685547,7082.903002095222,590.2419168412686,794.8796628952026,435.2921375968239,545.4001586914062,721.0090641498566,60.08408867915472,2563.6799340410003,1089.0,3912.588623046875,2823.588623046875,610.0763664292803,33.71768834075615,69.71933727031049,275.6509108791427,-0.1502214521422019,0.0148641183702802,0.4169109570998308,89.85272597443715,0.3182204023112255,38,1818.6,1818.6,181.6,181.8,1,55.46075085324232,0.0,43.53973671379815,0.7000069652434352,0.0208957303057741,0.0557219474820645,0.0,0.222887789928258,0.0,0.0,55.46075085324232,2,0.0,0.0,0.0,0.0,722.2306232134172,0.0,1228,2.5578358028430475,0.0,4887,0.2152426331136312,17.307689769338698,0.0762298489680032,68,0.2408272773306796,0.5014380090093954
NP0665402,Karnali,Mugu,Soru,0,367.371732958438,81.98357517344206,29.62823787778506,51.067355015428895,298.21940260667066,6945.16028209833,578.7633568415275,752.6754123981182,428.3885842970201,566.2262749305138,703.1662280926338,58.59718567438615,2517.1888762185717,1183.0,4169.73046875,2986.73046875,600.1834736015552,35.91855943139493,79.28460516809442,354.37908474705364,-0.0259486139466947,0.2636533922476883,0.0857551403356527,103.87664550361656,0.2827562280502634,44,1825.6,1825.6,158.2,5416.0,1,57.73672055427252,0.0,41.71545195767765,0.1611257317793651,0.0080562865889682,0.0671357215747354,0.0,0.3115097481067727,0.0,0.0,57.73672055427252,2,0.0,0.0,0.0,0.0,565.2018055509062,0.0,924,1.5385010735566025,0.0,2905,0.1660867265679037,7.907521835188808,0.0452094463638806,53,0.1442680403666116,0.6740189148812118
NP0665403,Karnali,Mugu,Mugumakarmarog,1,2114.31648501666,82.54726118246464,29.649357850482737,73.06653856904629,321.77641582489014,9937.049245390295,828.0874371158579,1077.4385349571703,508.9194122661244,710.9216444969177,931.9394467532636,77.66162056277196,4463.322707698435,1872.042236328125,6820.5322265625,4948.489990234375,753.5522292708833,33.01794013617767,79.68163228735119,182.45049439668185,-0.0016859566108028,-0.0393958426981504,0.1512374241665308,538.3471666954049,0.2546199542549388,170,1901.0,1901.0,260.7,616.2,1,8.47099930118798,0.0,36.32098765432099,0.0004658746797111,0.0009317493594223,29.455392499417652,9.800605637083624,0.4723969252271139,0.0,15.478220358723505,36.32098765432099,5,3706.1625938415527,1.7528892292642506,231.63516211509705,729.4219970703125,307.5526670541866,0.0,401,0.1454619822688291,0.0,1710,0.1022936364404321,0.808772013139048,0.0048381421213591,11,0.0052026269851049,2.66379960443736
NP0666401,Karnali,Humla,Namkha,1,2431.165370811096,81.61019584725481,30.176518458885973,52.055909136233645,229.75571958480344,7079.603642527775,589.9669702106479,807.3693498565304,428.0290649503557,586.7833530877226,711.4022148924489,59.28351790770407,4782.32787790525,2341.201904296875,7014.931640625,4673.729736328125,648.0246993741291,26.738025939053177,75.60418211498867,126.68209969783032,0.0216805545762138,-0.0161496531459121,1.8341678822104068,648.5709292132749,0.26677367858234,209,1916.9,1916.9,166.5,4892.2,2,4.399896492050913,0.0004043279261212,25.5320955507755,0.0,0.0024259675567272,37.84388090116608,9.80373922466077,0.3242709967492034,0.0,22.093286539114683,37.84388090116608,4,1526.5144391059875,0.6278941191880769,117.4241876235375,226.6958923339844,418.94495867555287,99.21480467382185,362,0.1723226908812799,0.0408095664182323,1274,0.1385372869074558,0.5240285236437711,0.0056983901042172,31,0.0127510865250839,7.268077587507291
NP0666402,Karnali,Humla,Simkot,1,789.3009511856667,81.92174716915555,30.12965339423424,59.799220967468095,272.6221567789714,8132.6940515756605,677.7245042979717,902.3498330752054,495.5023490096583,689.4685297648113,782.2407797018686,65.18673164182239,4577.665130527019,2082.0,6247.60498046875,4165.60498046875,827.6142469196168,29.278642282548457,76.13212271990136,125.0863783349868,0.15087943014138,-0.1059862599400862,0.6405213698364157,235.1106594521043,0.2978720082611422,64,1920.4,1920.4,129.0,712.3,2,8.427175777462898,0.0,26.787978223581177,0.0074576776791707,0.0198871404777885,31.71998906207274,16.401919109056106,0.3418102269619907,0.0,16.29378278270813,31.71998906207274,5,6164.468921661377,7.810036098906605,198.85383618262503,705.4916381835938,239.37732942961009,0.0,320,0.3032776396253214,0.0,2144,0.1596298328033847,2.716327652689815,0.0202242037797614,30,0.0380083160357716,15.864601786717714
NP0666403,Karnali,Humla,Kharpunath,1,883.6801482030073,82.04120611208864,30.023081314128174,61.84828647269922,278.4676762898763,8411.366960287094,700.9472466905912,914.5872956911722,499.60886898618753,689.2256767272949,810.6398662885031,67.55332219070858,4435.202360836245,1796.074951171875,6579.59228515625,4783.517333984375,904.791063881374,31.631030623222475,76.77646422443178,283.01011683776403,-0.1482382629562306,0.0342510706113148,1.3893384063027108,215.5446128144542,0.243917002382334,71,1906.4,1906.4,196.2,908.7,2,13.691689217029143,0.0,25.690709250659804,0.0011135981469726,0.0011135981469726,27.51701021169501,20.30534861189991,0.3786233699707124,0.0,12.414392142451474,27.51701021169501,5,0.0,0.0,0.0,0.0,182.32361010960207,0.0,235,0.2063230802234984,0.0,1211,0.0775431768844268,1.3704053468470558,0.0087750275981771,33,0.0373438286093747,13.045456743229355
NP0666404,Karnali,Humla,Sarkegad,1,308.0340356257224,81.93071668364918,29.79237310069346,56.77382372120485,322.7898698286577,7721.240026083859,643.4366688403217,846.5252798687328,465.1084803116223,644.208986455744,757.3468651554801,63.11223876295668,2973.855726371168,1335.0,4924.302734375,3589.302734375,687.9731064344611,34.147102419955104,71.8848740737074,121.21901359566388,0.0889049709475784,-0.0538830965424491,1.69998981414862,85.58320672722918,0.2778368518705422,40,1860.9,1860.9,284.0,7310.4,1,51.13113496932515,0.0,46.20398773006135,0.0127811860940695,0.0063905930470347,0.2684049079754601,0.0351482617586912,0.1501789366053169,0.0,2.1919734151329244,51.13113496932515,2,0.0,0.0,0.0,0.0,270.4117304966239,0.0,403,0.8778631554377594,0.0,1856,0.1320450287391719,6.025308197614687,0.0428670255450646,44,0.1428413581331068,1.0788984207464354
NP0666405,Karnali,Humla,Chankheli,1,1315.5370289834564,82.25110120620013,29.848062355818687,68.4549312406964,309.1439238903569,9309.87064873471,775.8225540612258,1000.9783939286774,500.773697273404,702.9642868041992,905.4990070286918,75.45825058572431,4333.608086675382,1511.2637939453125,6240.67138671875,4729.4075927734375,826.0251022212651,33.44012375961292,80.61072812139058,247.78317470303176,-0.0765659217395558,-0.0312722056252546,1.0316955100311165,366.8318899884917,0.2788457351686638,115,1879.3,1879.3,147.0,529.4,2,16.24167189507335,0.0,28.054136416599444,0.0164321352812882,0.0,20.176421379701832,17.346359535119955,0.3099698246243016,0.0,17.85500881359983,28.054136416599444,5,0.0,0.0,0.0,0.0,190.5915943037121,0.0,219,0.1448774075565066,0.0,1506,0.0841308096469695,1.1447796350998334,0.0063951684972318,28,0.0212840835211124,11.959628297332436
NP0666406,Karnali,Humla,Tanjakot,1,159.8383600842667,81.75760457767012,29.68462348126992,51.430427034362026,261.4119785853795,6994.538076673235,582.8781730561029,758.6562118530273,407.2767748151507,517.5232015337263,676.9157334395817,56.40964445329848,2532.2910344709744,1172.0,4170.5126953125,2998.5126953125,621.1276505272828,35.15155318710392,73.98426304049644,234.41172516374309,-0.2512672715114081,-0.1798119338318454,0.1314738637632652,47.39069055145818,0.2964913461729326,24,1816.0,1816.0,101.2,14599.4,1,56.79749015748031,0.0,40.49581692913386,0.0369094488188976,0.0,2.017716535433071,0.0,0.1537893700787401,0.0,0.4982775590551181,56.79749015748031,2,0.0,0.0,0.0,0.0,82.7825935181208,0.0,136,0.5179144322706881,0.0,1331,0.0612077746549677,8.327162511541644,0.0382935451932183,35,0.2189712155551897,2.2757118069314384
NP0666407,Karnali,Humla,Adanchuli,1,151.29096105487477,81.84631453078394,29.70530475384037,51.73459708778297,291.27484639485675,7035.905203938484,586.3254336615404,760.8054110209148,426.164417440241,560.0058008829752,697.8709896008174,58.15591580006812,2653.7455411598007,1205.5,4148.5185546875,2943.0185546875,647.5265831919937,33.35231011607079,74.07296083347529,130.17939168474553,0.1901582199947226,-0.1605789494090501,1.0320511939377863,47.830526134170526,0.3161492649704426,25,1831.0,1831.0,105.5,105.5,1,48.37069864442128,0.0,50.1303441084463,0.2411366006256517,0.0195516162669447,0.1889989572471324,0.0,0.3519290928050052,0.0,0.6973409801876955,50.1303441084463,2,0.0,0.0,0.0,0.0,232.03010943682224,0.0,376,1.5336680249698629,0.0,1731,0.0913717107063351,11.441529539706927,0.0603946924979832,24,0.1586347249872711,1.1247000736457258
NP0767301,Sudur Paschim,Bajhang,Bungal,1,450.1687867537821,80.9294701212579,29.660124728036937,114.40144104487342,523.8397934857537,15558.595982102786,1296.549665175232,1750.385449998519,1022.9121050911154,1465.5319276697496,1816.5215726179235,151.3767977181603,2836.863736830742,1053.389892578125,6336.36181640625,5282.971923828125,980.2211988577096,35.079276128806015,74.9852924314112,209.86177991013304,-0.0581028729449399,-0.1012001500997192,0.2319666406620459,155.0430330057116,0.3444108911320671,70,1731.4,1731.4,259.7,259.8,2,45.40074955618384,0.0,39.61908519078616,1.275560523374318,0.0197251627325925,4.688013676112828,2.099633988647073,0.1139676068994235,0.0,6.783264295263769,45.40074955618384,3,4451.555449962616,9.888636398057011,46.85847842065912,138.25770568847656,464.47832586559167,0.0,573,1.0317870530629127,0.0,7995,0.3761572534312257,17.760005214161662,0.0835591592530744,86,0.1910394557120579,1.8679013539601368
NP0767302,Sudur Paschim,Bajhang,Jayaprithbi,1,167.6902420393126,81.19172652384032,29.540124779528803,99.32290693241008,465.20630645751953,13507.91534280777,1125.6596119006474,1385.974437534809,859.3363494873047,1128.949481964111,1446.3096323013306,120.52580269177754,2094.114286334936,1082.0,3636.2900390625,2554.2900390625,530.1919405829457,29.941925119089728,69.59174169329057,53.406714485259606,0.0728034409969418,0.0540553705125855,0.1878081599601977,49.71787967631522,0.2964864208655597,23,1737.8,1737.8,87.8,2354.3,1,71.24970608981896,0.0,22.01975076416647,3.8854925934634377,0.1998589231130966,2.0456148600987536,0.0,0.5995767693392899,0.0,0.0,71.24970608981896,2,11491.96176147461,68.53089137279963,383.0653920491537,2105.885009765625,405.6415145363038,9.508104515023163,572,2.418992957510353,0.056700404265587,7220,0.3458361190818415,43.05557623506425,0.2062350885036978,20,0.1192675241968538,0.4894324928862189
NP0767401,Sudur Paschim,Bajhang,Saipal,0,1474.9531718141134,81.29843007271405,29.86746292819819,64.17838154165912,295.594684240953,8728.25988966564,727.35499080547,944.2745728852616,547.0365027399865,716.5124672943691,895.8562580774416,74.65468817312014,4488.338099847839,1629.59033203125,7017.80517578125,5388.21484375,832.1744387230582,33.63767837207134,76.00265114572683,218.41664287148893,-0.0237843107972787,-0.0299904321552003,0.2479275383956435,434.5362288089784,0.2946101863522365,185,1790.3,1790.3,134.7,413.4,2,8.454249828057078,0.0,23.524462636636198,0.0013354790029313,0.0,24.34444674443606,23.17389939836671,0.1582542618473681,0.0,20.343351651653656,24.34444674443606,5,2023.323485136032,1.3717882871138565,6.905540904901134,272.9246520996094,113.09847217017568,0.0,65,0.0766793646954029,0.0,684,0.0242413670202513,0.4637435364532398,0.0016435346886596,15,0.0101698143959043,4.919331987501824
NP0767402,Sudur Paschim,Bajhang,Surma,1,272.28935340076833,81.12502543406154,29.67826049297852,96.43242800586364,403.5833702087402,13114.810208797457,1092.9008507331212,1344.0068029463291,805.8187577074224,1059.0496196746826,1396.893614500761,116.40780120839676,3267.4390637628094,1547.6834716796875,5418.501953125,3870.818481445313,810.3876307800604,33.55263865138464,72.75812058443195,106.42411694117108,0.2606332166547878,-0.0768277506207716,0.9790948578909662,93.04622565763712,0.3417181924138153,45,1747.4,1747.4,211.6,211.6,1,40.42699974583349,0.0,39.900511963980975,0.4574997276787335,0.0036309502196724,4.073926146472532,1.695653752587052,0.0217857013180349,0.0,13.419992011909518,40.42699974583349,3,4943.133343219757,18.153972167777784,149.7919194915078,573.7581176757812,251.07619383214035,0.0,336,0.9220933198316958,0.0,2781,0.0942886756498043,10.21339969876381,0.0346281169176033,13,0.0477433283293525,5.686927865601004
NP0767403,Sudur Paschim,Bajhang,Talkot,1,337.0202467908087,81.29448285253014,29.660400785853707,81.03956839107575,410.39675348455256,11021.381301186302,918.4484417655252,1099.0209244814787,710.1271471070849,898.9264318292792,1140.7644365050576,95.06370304208814,2791.7942129160724,1285.5,5788.5498046875,4503.0498046875,795.0295186845735,34.52801098376998,71.52096983148472,243.96150425058872,-0.1125222668935004,-0.054974392626139,1.3920244987102703,122.63710824040454,0.3638864709410958,59,1764.1,1764.1,186.7,1575.6,1,59.39618891746551,0.0,31.85059621229834,0.5143792377834931,0.002922609305588,3.4749824643441665,0.6838905775075987,0.0759878419452887,0.0,4.001052139350011,59.39618891746551,2,33.319363594055176,0.0988645753818368,11.106454531351725,13.040356636047363,233.78029347007865,0.0,351,0.6936683943952721,0.0,3880,0.1527821174735545,11.512661440807586,0.0453332163062558,60,0.1780308470227977,1.91067818759696
NP0767404,Sudur Paschim,Bajhang,Bitthadchir,1,86.65830166338635,80.83334783131069,29.516514733484243,138.9135082513094,675.7744445800781,18892.23712217808,1574.35309351484,2256.6424635648727,1322.9909681840377,1972.1732330322263,2343.061870932579,195.25515591104823,1823.109714361684,808.26318359375,2748.810791015625,1940.547607421875,413.396895376176,31.428469029778032,68.29762884659544,63.63111999285001,0.2712322512547643,0.1344572875808856,0.4577760547559624,28.371145656946357,0.3273909725019839,7,1712.7,1712.7,141.2,559.9,1,64.37265385052895,0.0,31.020361733591173,4.277101581162553,0.0796268911386645,0.1023774314639972,0.0,0.1478785121146627,0.0,0.0,64.37265385052895,2,5910.7149658203125,68.2071406012521,1477.678741455078,2323.59326171875,209.89392856547548,31.619246070653677,335,2.422086799955796,0.3648726719048198,5547,0.3097233682328634,64.01002435458115,0.3574076139132592,33,0.380805985884474,0.6624135837977201
NP0767405,Sudur Paschim,Bajhang,Kedarsyun,0,114.56855391828609,80.93232854419529,29.51323540952859,106.66520390323564,487.7042541503906,14506.467730840048,1208.8723109033374,1661.7293090820312,992.2390337857332,1438.006586710612,1725.6077569325764,143.80064641104804,1736.652084156169,815.962646484375,3332.57080078125,2516.608154296875,501.7164306274602,32.999248601531775,68.14315008854399,205.51820122743828,-0.1038203216181367,-0.217486001746709,1.6332911503135703,33.73751406375861,0.2944744688653509,19,1712.7,1712.7,141.9,2877.8,2,53.73108665749656,0.0,40.30261348005502,4.410247592847318,0.0601788170563961,0.6963548830811555,0.0,0.7995185694635488,0.0,0.0,53.73108665749656,2,9053.524421691896,79.02276944290625,362.14097686767576,1966.4449462890625,350.8224346857399,14.999617809580844,425,3.062118030537049,0.1309226423533201,6863,0.3038401957987771,59.902999254882005,0.2652038324717667,133,1.1608770072707717,1.2901140140769436
NP0767406,Sudur Paschim,Bajhang,Durgathali,0,62.18571808682683,81.00428369193021,29.52821710107764,103.99533414139466,447.2749938964844,14143.365443229675,1178.6137869358065,1580.4313667615254,909.953199675589,1303.2374369303386,1643.3354649543762,136.94462207953134,2093.624064482099,957.0,3722.1025390625,2765.1025390625,559.1270282308383,31.03620373455169,61.088688887176566,161.46661230560866,0.0918171160919981,-0.2738819421099364,1.714979294085483,26.391010476204592,0.4243902183352797,7,1725.5,1725.5,223.4,2736.0,2,53.93632187549501,0.0,40.6146047837795,4.150166323459528,0.0475209884365594,0.9187391097734834,0.0,0.3326469190559163,0.0,0.0,53.93632187549501,2,5627.595367431641,90.49658893661255,562.7595367431641,2798.4287109375,177.33153201450986,8.116069697310884,186,2.851644034517872,0.1305134031897616,3130,0.1419775299835734,50.33310053008854,0.2283121178810498,23,0.3698598441508103,1.2236430289169866
NP0767407,Sudur Paschim,Bajhang,Chhabis Pathibhara,0,116.98877189969804,81.05693804525899,29.55927497832065,114.92976322550984,499.474365234375,15630.447798669338,1302.5373165557785,1661.7190284729004,926.2146304737438,1272.7826194763184,1721.6374603509903,143.46978836258253,2370.918160056074,999.5,4082.009521484375,3082.509521484375,692.8409762699338,28.957361913296563,70.15724376417286,177.6609047145032,0.015823529562432,-0.3873795693064054,0.1709545734510492,40.91047382596038,0.3496957285869754,17,1725.5,1725.5,223.4,2736.0,2,50.76455182901073,0.0,43.87936132465997,3.168032440652192,0.0422404325420292,1.6051364365971106,0.0,0.3125792008110163,0.0,0.2280983357269578,50.76455182901073,2,5546.738525390625,47.41257161111323,1848.912841796875,2170.74560546875,386.58710201910907,13.140066643110298,667,3.304480385096741,0.1123190407911634,5965,0.2578175025748272,50.98779911215903,0.2203779887491003,10,0.0854782885367293,3.6117174192236554
NP0767408,Sudur Paschim,Bajhang,Masta,0,109.81228043200366,81.28972751496394,29.54518125485482,91.4044724128702,448.8198471069336,12431.008248150349,1035.9173540125291,1235.956406891346,828.9545466683128,1048.7429676055908,1290.7674489617348,107.56395408014455,2407.6647342721803,1260.5,3930.272705078125,2669.772705078125,563.9584432078916,31.52336215874657,69.15171716899745,270.2166638827741,-0.2821021327598397,0.0010667737708297,0.750602098763986,44.911080820443146,0.4089804951118588,12,1747.6,1747.6,98.3,2054.9,1,63.58573609988323,0.0,33.198598760441925,1.4102218629300278,0.0269469145782807,1.4281864726488818,0.0,0.3323452797987963,0.0,0.0179646097188538,63.58573609988323,2,0.0,0.0,0.0,0.0,300.68555779839977,0.0,577,2.738177885164545,0.0,5031,0.1975902857416518,45.81454806518859,0.1799345983566935,45,0.4097902331412217,0.3915385151249321
NP0767409,Sudur Paschim,Bajhang,Thalara,1,106.10707296080648,81.00663452516119,29.44962471624021,96.34316537573056,423.1359100341797,13102.670491099358,1091.889207591613,1421.272965848446,877.2335770346901,1199.9235076904297,1483.4139003157616,123.61782502631348,1699.154451337606,819.859130859375,2971.2216796875,2151.362548828125,445.1157536482034,31.3239034320127,70.01759326172785,343.1124949519632,-0.116627646660566,0.3841679673071956,0.797050841855868,43.66612401179138,0.4115288716702293,17,1712.7,1712.7,141.9,2877.8,2,74.66430436404326,0.0,18.66840731070496,5.184632599776204,0.0186497575531518,0.3729951510630361,0.0,1.0910108168593808,0.0,0.0,74.66430436404326,3,339.2049865722656,3.196817866209165,169.6024932861328,190.2014923095703,315.041572384925,0.0,367,2.969091160410146,0.0,4602,0.2226128529631449,43.371284039659386,0.2098002015806929,150,1.413666363743787,0.4384714288566348
NP0767410,Sudur Paschim,Bajhang,Khaptad Chhanna,1,114.13230541435463,81.19585171936376,29.45480877078101,96.93354257695816,455.8794250488281,13182.961790466308,1098.5801492055257,1343.0320472717283,889.6356512589889,1148.4578826904296,1403.5284161567688,116.9607013463974,2139.70559532627,1081.0,3651.447265625,2570.447265625,501.7350627166071,31.99293896935661,67.4803768215594,228.6006382092056,-0.0977007146593724,-0.0861328324138012,0.045681509061872,54.16651301703096,0.4745940496021763,23,1737.8,1737.8,158.2,158.3,1,61.27861771058315,0.0,34.21166306695464,4.362850971922247,0.0259179265658747,0.060475161987041,0.0,0.060475161987041,0.0,0.0,61.27861771058315,2,0.0,0.0,0.0,0.0,322.0786337842801,0.0,405,2.8219760620359087,0.0,4385,0.1815235619243925,38.42032266044536,0.1590466093411287,9,0.0788558503863188,1.1466747626302716
NP0767597,Sudur Paschim,Bajhang,Khaptad,0,70.4996343522261,81.11279177251693,29.42400540393221,95.78674810949494,424.770751953125,13026.997742891312,1085.5831452409427,1356.6147561073303,871.0103232643821,1148.8452377319336,1424.7994046211245,118.73328371842702,2466.504472009384,1541.74169921875,3312.82080078125,1771.0791015625,381.04507496460445,30.94318845782097,67.91216625480233,8.890432354284238,0.062937964129527,0.4023529951606318,0.8217071949481172,8.86703616886641,0.1257742150060729,4,1725.5,1725.5,223.4,2736.0,1,96.25315745158576,0.0,3.676676957619983,0.0701655907942745,0.0,0.0,0.0,0.0,0.0,0.0,96.25315745158576,1,0.0,0.0,0.0,0.0,27.861454930405216,0.0,16,0.3951999919773408,0.0,188,0.0072367993769472,2.6666804973870577,0.010265016894685,2,0.0283689414615644,3.087123062923661
NP0768301,Sudur Paschim,Bajura,Budhinanda,1,233.60434464267945,81.61732707586157,29.52940370887334,72.24657061586485,287.8493003845215,9825.53360375762,818.7944669798017,1008.8251495361328,556.3556345159358,669.2083406448364,964.6065907180308,80.38388255983591,2816.4325012772083,1080.2769775390625,5212.052734375,4131.7757568359375,842.7077560840353,31.123314833107635,69.19759488312174,112.81569912358216,0.1480200451595597,-0.0622696274760923,0.6408693424151921,65.56413043691305,0.2806631466430976,31,1794.5,1794.5,217.9,217.9,1,42.72012844346798,0.0,46.83116444143992,1.719621429778604,0.0633767111712016,1.2252830826432315,0.0971776237958425,0.1352036504985634,0.0,7.208044617204664,46.83116444143992,3,11268.805450439451,48.23885218263465,1408.6006813049316,4400.1201171875,347.3360642828401,28.24831130951204,551,1.4868561833219514,0.1209237411775049,5996,0.2634147331519845,25.667330841690745,0.1127610591125361,56,0.2397215689017147,0.5609718287107235
NP0768302,Sudur Paschim,Bajura,Badimalika,1,277.38428627833605,81.49565707811908,29.432564116502064,83.8042625784874,312.13625266335225,11397.379710674286,949.7816425561904,1119.5506050369956,671.5386609479415,814.140303178267,1126.7385486255992,93.89487905213326,2538.1239842874,1034.5662841796875,4265.5166015625,3230.9503173828125,730.5816684711921,32.126833153927336,72.02268560443534,287.85929382288134,-0.1751666188829087,0.0564398766449737,1.0787084961064983,92.77288750239684,0.3344561753916572,30,1692.8,1692.8,127.6,127.9,1,67.50482177298377,0.0,30.880777198371312,0.8072005143224515,0.0928637759839988,0.5893278091292236,0.0,0.0928637759839988,0.0,0.0321451532252303,67.50482177298377,2,4660.1787109375,16.800442351883376,4660.1787109375,4660.1787109375,346.1652107005412,32.83053227225746,582,1.2479625841284614,0.1183575779030044,6789,0.2813662965178138,24.475070636076715,0.1014355572526852,39,0.1405991684794508,1.109840440151345
NP0768303,Sudur Paschim,Bajura,Budhiganga,1,59.507843574647055,81.31839936879055,29.36231101859896,91.64260230344884,395.92909240722656,12463.393913269045,1038.616159439087,1239.1664156913755,838.8561127402565,1044.620849609375,1312.0766286849976,109.33971905708312,1428.1353770237174,701.0341186523438,2517.901123046875,1816.8670043945312,324.9916006853833,26.12161126596961,62.28241064817428,150.18501050977696,0.2322731872551905,-0.4053259255382654,0.1131238317493746,25.28654841701664,0.4249279909680648,11,1668.1,1668.1,178.1,989.7,1,52.99800133244504,0.0,34.6435709526982,9.726848767488342,0.1499000666222518,2.2318454363757496,0.0,0.2498334443704197,0.0,0.0,52.99800133244504,3,5593.43212890625,93.99487181702038,2796.716064453125,2824.283203125,296.78273968308724,29.108885938175664,584,4.987287756626585,0.4891604902748874,5000,0.2234409726342211,84.02253719256295,0.3754815486700257,33,0.5545487454709155,0.5677366810817541
NP0768304,Sudur Paschim,Bajura,Tribeni,1,171.19568923041368,81.41965761037616,29.329235457077665,92.37399243665676,361.9659779866536,12562.86297138532,1046.9052476154432,1255.010841210683,803.8432070414226,987.364372253418,1283.0168376763663,106.91806980636386,2442.7991040698275,781.435791015625,4379.4560546875,3598.020263671875,843.8751229940551,31.64955538342063,70.2658317755843,284.4935397099527,-0.2589150562944333,0.0669288412321805,0.5295971042639847,49.32162782924424,0.288100874799843,21,1674.8,1674.8,115.7,115.8,1,62.06419639255461,0.0057626923298565,35.163948596784415,1.9650780844810696,0.046101538638852,0.5359303866766554,0.0,0.1325419235866997,0.0,0.0864403849478476,62.06419639255461,2,3228.55224609375,18.85884078394296,3228.55224609375,3228.55224609375,263.40401697203384,0.0,435,1.538613607364355,0.0,5501,0.2155744022961205,32.132818441451285,0.1259227982113364,35,0.2044444001910189,3.3813577353948183
NP0768401,Sudur Paschim,Bajura,Himali,1,834.2725418265192,81.65818461654663,29.75151094635856,59.583305439302094,283.8005843623992,8103.329539745085,675.2774616454237,857.5174104321387,476.2492456296322,618.1168697726342,791.6856388507351,65.97380323756126,3582.532154449191,1065.5,6913.3505859375,5847.8505859375,1038.0651588171827,33.506151262611404,74.93120396876989,102.84060888415144,0.149129645214295,-0.0339925947638982,0.0995637260054601,261.0741313273388,0.3129362627178819,101,1825.5,1825.5,183.2,183.2,1,32.77646975307912,0.0,36.96714426000639,0.1680055844109747,0.0094651033470971,6.454017344801883,8.875900663740373,0.2555577903716236,0.0,14.493439500242545,36.96714426000639,5,2368.3587188720703,2.838830957671088,394.726453145345,523.5111694335938,323.8509451239818,8.996093465701351,458,0.3881836317121943,0.0107831589974251,2672,0.1171627939975929,3.20279029458412,0.0140437073166859,43,0.0515419096808073,6.4509487266489245
NP0768402,Sudur Paschim,Bajura,Gaumul,1,316.25354441935485,81.44921552370947,29.559134744483227,87.15815456083457,354.79351102388824,11853.509020273505,987.7924183561252,1155.9228090139536,727.7712663770556,883.9347980205829,1176.1226417101343,98.01022014251122,3007.6223161385697,1334.049560546875,5492.01123046875,4157.961669921875,804.5957694229494,35.175120221556234,70.16946240292478,158.848201826259,0.063345813682718,-0.1637236578203947,0.6058831318824636,113.2062360206793,0.3579603707794872,36,1705.5,1705.5,190.7,190.7,1,51.655877662069614,0.0,33.965037370610126,0.1501078900459705,0.003127247709291,2.8489226631641493,1.9201300935047063,0.0187634862557463,0.0,9.438033586640396,51.655877662069614,3,3204.1102089881897,10.131460233500222,1068.0367363293965,1866.9698486328125,315.4581524265407,0.0,728,0.9974849546926834,0.0,4006,0.1407336011061992,12.667051708005555,0.0445002446896169,72,0.2276654325952072,0.2410165279421834
NP0768403,Sudur Paschim,Bajura,Khaptad Chhededaha,1,128.195219988796,81.2973059270875,29.406905194596007,91.35326745369856,404.5128051757813,12424.044373703004,1035.337031141917,1225.5443082809447,829.1588174993341,1030.8509094238282,1290.1088444709778,107.50907037258148,2102.9210490991163,1030.5982666015625,3112.502685546875,2081.9044189453125,389.7727323038816,28.49193616457767,70.848627373663,173.0541081940466,0.0370575274160337,-0.3041838904425399,0.0728683705905406,39.81297693024331,0.3105652218056405,22,1668.1,1668.1,178.1,989.7,1,56.97915865569484,0.0,38.468045835576405,4.014458201953396,0.0153810659078674,0.5152657079135584,0.0,0.0076905329539337,0.0,0.0,56.97915865569484,2,0.0,0.0,0.0,0.0,393.9259037995183,0.0,677,3.072859532780915,0.0,6522,0.2591719282501166,50.875531869051045,0.2021697285380591,51,0.3978307459861397,0.6143264964649531
NP0768404,Sudur Paschim,Bajura,Jagannath,1,172.54396009169815,81.66053992855177,29.3917972747817,72.35102631589946,267.6981633504232,9839.739578962326,819.9782982468605,1099.809798558553,545.064683047208,668.3356908162435,962.1378896633784,80.17815747194821,2640.751563204881,959.2940063476562,4369.078125,3409.784118652344,769.4000738767543,31.948497451567224,71.88451944705034,63.98594278328352,0.337181253289906,0.1645567024086546,1.236811636184053,51.92123499904151,0.3009159808981321,12,1786.0,1786.0,146.3,16230.4,1,58.80410022779044,0.0,40.210706150341686,0.3929384965831435,0.0,0.05125284738041,0.0,0.2562642369020501,0.0,0.2847380410022779,58.80410022779044,2,0.0,0.0,0.0,0.0,168.71343761994478,0.0,167,0.9777997301689516,0.0,2486,0.1072880655349544,14.407922471924373,0.0621801339658232,20,0.1159124897178147,2.267690561375609
NP0768405,Sudur Paschim,Bajura,Swamikartik Khapar,0,111.06015544153595,81.75596984566255,29.43693822820305,56.49134328505573,232.74659729003903,7682.822686767578,640.2352238972982,835.3325778961181,439.04650102095167,528.3968673706055,751.4291389465332,62.6190949122111,2288.489796470409,962.451171875,3717.713134765625,2755.261962890625,703.7128802311152,30.14318367922684,70.63503284627213,281.2205849398716,-0.4797548213023387,0.0951731470462957,1.4803284068787197,38.04247989180686,0.3425394079502536,15,1774.1,1774.1,131.2,16361.7,1,46.88492763854571,0.0,50.882456759618776,1.1471937875044125,0.0529474055771267,0.1323685139428168,0.0,0.9001058948111542,0.0,0.0,50.882456759618776,2,0.0,0.0,0.0,0.0,259.29522963366253,0.0,355,2.334727775256538,0.0,3919,0.1638996838365908,35.28718273821462,0.1475773945975345,37,0.3331527842087116,1.4268884412759806
NP0768597,Sudur Paschim,Bajura,Khaptad,0,7.602644256198862,81.19642101330079,29.39189338907132,0.0,0.0,0.0,0.0,0.0,0.0,0.0,0.0,0.0,2721.1204749455583,1889.002685546875,3176.57763671875,1287.574951171875,271.06836843717963,28.913679777145106,59.003905564209376,145.0797682648348,0.3467873333981138,-0.4967340974905521,1.5645190764611256,0.6952098034517427,0.0914431584622546,1,1663.0,1663.0,145.6,1135.2,1,93.3588761174968,0.0,6.641123882503193,0.0,0.0,0.0,0.0,0.0,0.0,0.0,93.3588761174968,2,0.0,0.0,0.0,0.0,6.396993493332707,0.0,2,0.8414169172938587,0.0,5,0.0003589978507748,0.6576659161611067,0.0047220130085946,0,0.0,2.8244804619253467
NP0769301,Sudur Paschim,Achham,Sanphebagar,1,167.61121714852206,81.20575923667312,29.268410814011155,92.48826910643017,410.2900746663411,12578.404598474504,1048.2003832062085,1300.485722541809,860.2354586052171,1096.910924275716,1365.5329468250277,113.79441223541896,1248.4229546626773,531.3043823242188,2739.82470703125,2208.5203247070312,446.5016472325738,25.36098785674732,60.87221358196679,145.95041856910558,0.0875494445190813,-0.1295554146457639,0.0478633235282612,64.94716588166794,0.3874869891560872,30,1655.1,1655.1,134.3,1269.5,1,72.01541197391819,0.0,17.54001185536455,8.67219917012448,0.1600474214582098,1.0491997628927088,0.0,0.5631298162418494,0.0,0.0,72.01541197391819,3,11332.20841217041,67.61008365048039,343.40025491425484,1581.361083984375,489.0210615023813,68.15735787789409,590,2.9175914943034784,0.4066395975007993,7089,0.4095770787270769,42.29430536094946,0.2443613772962142,57,0.3400727049758949,2.694618228980178
NP0769302,Sudur Paschim,Achham,Mangalsen,1,221.33428775193067,81.22494083134103,29.10160899526653,104.04191592686315,482.4819902692522,14149.70056605339,1179.1417138377826,1471.4057982308525,994.3861981676772,1233.2011936732702,1514.3253912244525,126.1937826020377,1184.0436896569224,359.2879638671875,2183.4853515625,1824.1973876953125,388.5136483010176,28.922310501512044,67.63969146073403,330.4030744515701,-0.0750572839547633,0.1321412231763711,0.6424298478725777,73.1581223929827,0.330532260211656,31,1632.6,1632.6,100.2,1748.9,1,80.64141504377345,0.0,12.010898695729855,6.659817759514025,0.0893335715561908,0.2322672860460961,0.0,0.3662676433803823,0.0,0.0,80.64141504377345,3,0.0,0.0,0.0,0.0,307.1644721116912,33.4501250241522,290,1.38778530534753,0.1511294312503572,3683,0.1934298802220131,16.63998848713341,0.0873926413239721,69,0.3117456436633737,3.233788971236061
NP0769303,Sudur Paschim,Achham,Kamal bazar,1,121.41777117032888,81.33809274436405,29.05986105880516,104.62517177462576,450.8307189941406,14229.023361349104,1185.751946779092,1501.5712308883667,977.5485776034268,1226.5645843505858,1545.0165703773498,128.75138086477915,1456.309044308718,644.0,2290.173828125,1646.173828125,349.3659173532642,26.00846805740461,61.89596377019028,90.22880086681756,0.0953989679509028,-0.0003809614385478,1.7433582049245564,38.545811192256416,0.3174643284975399,12,1621.2,1621.2,235.7,235.7,1,63.48378686654718,0.0,23.293139970669703,12.90532833632068,0.0407365162131334,0.1140622453967736,0.0,0.1629460648525338,0.0,0.0,63.48378686654718,3,3113.822204589844,25.64552268235653,1037.9407348632812,1148.7742919921875,274.543678364454,24.02682050524516,266,2.261149053537764,0.1978855341656662,2696,0.1149377382694119,22.20432786744176,0.0946630276289403,85,0.7000622658503521,0.6310729603246581
NP0769304,Sudur Paschim,Achham,Panchdebal Binayak,1,148.50525968881777,81.45218739971361,29.10812643932013,104.03929842465064,450.5149108886719,14149.344585752488,1179.1120488127074,1478.6647658348083,924.9503481778232,1157.5481079101562,1518.0677094459534,126.50564245382944,1453.5517985062772,649.0,3149.439453125,2500.439453125,489.1598718671101,30.23464287106697,66.46258054491574,161.8318367761128,0.083564998696601,-0.2546411744819916,0.1300091858283484,43.0248209962896,0.2897191728188285,15,1730.0,1730.0,168.6,20670.1,1,60.24273139503868,0.0,30.181381701787146,8.375566817818084,0.0200053347559349,0.4534542544678581,0.0,0.726860496132302,0.0,0.0,60.24273139503868,3,2733.2780179977417,18.405260687231763,911.092672665914,2699.750244140625,313.95177556531445,18.9236512772135,254,2.114078492729336,0.1274274818068172,4550,0.1938863035075261,30.63864545629025,0.1305585431208302,54,0.363623484536192,1.036124947404328
NP0769401,Sudur Paschim,Achham,Chaurpati,0,183.17494618965685,81.12724432524698,29.181791893604668,101.57205398935898,471.1463419596354,13813.79934255282,1151.149945212735,1438.520963430405,962.7326871698552,1223.2144241333008,1492.8242260615032,124.4020188384586,1227.7877924309475,401.7805480957031,2782.326904296875,2380.546356201172,402.0310172608886,30.118785641946545,67.00397436278513,92.93521096970932,0.0909606064968415,-0.0046639103459723,1.1524316461748072,58.691803207680486,0.3204139235663363,26,1632.6,1632.6,223.9,5263.7,1,77.00554926997468,0.0,13.953989547976942,8.291579117504446,0.0161629222563439,0.3178708043747643,0.0,0.414848337912828,0.0,0.0,77.00554926997468,3,7603.112243652344,41.5073807952982,1520.6224487304687,2969.521728515625,214.0720307343437,0.0,215,1.1686752756716874,0.0,1691,0.0719689876280358,9.23161182888604,0.0392897550266072,90,0.4913335686574474,0.1859565247613168
NP0769402,Sudur Paschim,Achham,Mellekh,1,135.49292704510617,81.31916557341906,29.262500841679618,95.57682612783768,415.02252197265625,12998.448353385926,1083.2040294488272,1310.4874298095704,896.7509768399326,1106.0027801513672,1379.177930545807,114.93149421215058,1752.1099330859054,618.8108520507812,3311.3203125,2692.5094604492188,541.736351625822,26.83343525168807,67.91913515667244,307.0684668255185,-0.2483357492357139,0.1876000933085683,0.5033994922830076,46.91936362705055,0.3462864420327335,13,1668.1,1668.1,178.1,989.7,1,67.06003078501796,0.0,24.943194312101443,7.578978230594443,0.0659678956241296,0.0586381294436707,0.0,0.2931906472183537,0.0,0.0,67.06003078501796,3,0.0,0.0,0.0,0.0,258.4166326114556,4.509069954073062,187,1.907233375550501,0.0332790061622329,1189,0.052109611246997,8.775365813775482,0.0384592852065625,64,0.4723493793789998,0.4712817381329479
NP0769403,Sudur Paschim,Achham,Bannigadhi Jayagadh,1,58.572172412282846,81.29834068436286,29.18915884085693,102.21718828292454,465.51148986816406,13901.537606477736,1158.461467206478,1434.3012726306915,961.4609208540484,1194.1428298950195,1496.0265502929688,124.66887919108072,1297.522554651578,617.2320556640625,2549.62646484375,1932.3944091796875,366.8743125456236,26.20960385832847,62.38134632512587,218.84063150176445,-0.1652606272120434,-0.205244543766277,0.912994351071574,14.915274761048568,0.2546477985494826,8,1646.9,1646.9,137.8,279.0,1,65.50680786686837,0.0,22.255841317868548,11.699445284921836,0.0672381912926542,0.4706673390485796,0.0,0.0,0.0,0.0,65.50680786686837,3,0.0,0.0,0.0,0.0,110.56500914092524,25.277376466087965,79,1.887671305115179,0.4315594833697373,661,0.0351895816054754,11.285222534470744,0.0600790104860375,34,0.5804804329379808,1.058315822471703
NP0769404,Sudur Paschim,Achham,Ramaroshan,1,174.2219465788406,81.41965351787564,29.203575864739744,95.3598066022416,407.6721060616629,12968.933697904858,1080.744474825405,1325.385062967028,867.6342917107918,1081.6213989257812,1384.1807517324175,115.34839597770146,2142.878601776881,896.0516967773438,3817.318359375,2921.266662597656,570.1681266397198,29.71464889572505,73.91174648637902,271.5107035801427,-0.1201400751942696,0.0031684377798349,0.0431886254806665,58.94150253274529,0.3383127309168969,26,1665.0,1665.0,141.3,141.3,1,68.71186633973883,0.0,26.94303472657809,3.5524890232080746,0.0171066887152876,0.5474140388892057,0.1140445914352511,0.1140445914352511,0.0,0.0,68.71186633973883,2,0.0,0.0,0.0,0.0,362.8826520866393,26.6615256099493,394,2.082875660687353,0.1530319579909191,4248,0.1415900625523111,24.38269163797716,0.0812699348920644,31,0.1779339549852382,0.9319413400618743
NP0769405,Sudur Paschim,Achham,Dhakari,1,229.1231205657387,81.2279848576703,28.975732875751387,112.77429358509772,493.7422596324574,15337.30392757329,1278.1086606311076,1636.7107721025293,1101.493787781266,1378.4022563587537,1647.0077741362832,137.25064784469026,1140.9943249286086,325.5,2253.66357421875,1928.16357421875,369.8856575906112,30.83839112448473,71.20173668895524,277.2465749115414,-0.0969300769604942,0.0123251751408042,1.77442277101595,87.17190657652849,0.3804587959577725,35,1621.2,1621.2,235.7,235.7,1,81.91092203507553,0.0,12.467442264281994,4.896683451988192,0.0043410314290675,0.095502691439486,0.0,0.6251085257857267,0.0,0.0,81.91092203507553,2,10623.118881225586,46.36423794768307,160.95634668523616,3216.3544921875,381.7658037442738,0.0,475,1.66620375456496,0.0,1541,0.0757497297167974,6.725641638412764,0.0330607096873332,81,0.3535217214220855,2.178012445371362
NP0769406,Sudur Paschim,Achham,Turmakhand,1,233.2702909524716,81.42853321295642,28.9066729557408,100.27617605080624,415.7166748046875,13637.55994290965,1136.463328575804,1443.4771266835078,957.3120083499264,1223.5836268833705,1502.3649545567378,125.19707954639482,1070.3978673329668,402.5,2216.8828125,1814.3828125,340.91831828460585,30.29152095271148,66.1054398732126,121.8500418495876,0.1004593508444315,-0.0624089734196988,0.4162904178977637,85.66629306762766,0.3672404776357998,29,1686.3,1686.3,162.9,21266.4,1,78.01494130202775,0.0128068303094983,14.574172892209178,5.28068303094984,0.0128068303094983,0.4909284951974386,0.0,1.6136606189967984,0.0,0.0,78.01494130202775,3,0.0,0.0,0.0,0.0,338.4379046381815,15.118524439348116,443,1.450840153095782,0.0648111869609168,3806,0.1717529963643928,16.315836810849888,0.0736283200329986,106,0.4544084871124771,1.06248349151594
NP0769597,Sudur Paschim,Achham,Khaptad,0,39.01881605860976,81.16864717295388,29.34395084077007,92.29534419845132,399.7166748046875,12552.16681098938,1046.0139009157815,1259.2751214504242,844.9597767916592,1074.1118087768557,1327.6034698486328,110.63362248738606,2381.3241814680346,1236.3778076171875,3276.67822265625,2040.3004150390625,416.5606526590881,31.91486181643626,60.8587515162468,92.25103483047862,0.3667029781026574,-0.0144144325740281,0.3126121689436223,9.64458294502754,0.2471777444641199,5,1663.0,1663.0,145.6,1135.2,1,95.41446208112876,0.0,4.232804232804233,0.3527336860670194,0.0,0.0,0.0,0.0,0.0,0.0,95.41446208112876,1,0.0,0.0,0.0,0.0,15.087460818945097,0.0,38,0.3866714150496616,0.0,79,0.0046177094899321,2.024664199993534,0.0118345710002986,0,0.0,5.593791778555656
NP0770301,Sudur Paschim,Doti,Shikhar,1,287.0783597291356,80.81909227639728,29.23517063643355,102.44221590634656,464.0081329345703,13932.14136326313,1161.0117802719276,1449.8486251354218,941.750908383456,1223.5592697143554,1519.5005073547363,126.62504227956136,1490.6581733147043,532.0,2767.237060546875,2235.237060546875,580.3926555936496,26.322374026799448,65.92331231453524,24.31694065954872,0.1171294181021019,0.2592085345090418,1.3895662074355075,114.2491838767016,0.3979721215646421,44,1673.4,1673.4,168.0,4481.9,1,84.18490644203548,0.0,7.80915556169302,6.700959745908996,0.0069046468273147,0.5765380100807843,0.0,0.7215355934543948,0.0,0.0,84.18490644203548,3,9261.707733154297,32.26195015846165,385.904488881429,813.0211181640625,417.70710077057606,31.108671994448823,387,1.4550281712794075,0.1083629989519255,6444,0.3287730872792136,22.446833004340867,0.114523814191156,20,0.0696673898334601,2.5885337525137864
NP0770302,Sudur Paschim,Doti,Dipayal Silgadhi,1,127.34849630599184,80.96816402990544,29.26357530094025,82.99854620239314,364.4438400268554,11287.802283525469,940.6501902937888,1146.3546937704086,730.815828149969,943.6388702392578,1213.5080741643906,101.12567284703256,1034.1123769144956,460.0,2822.783447265625,2362.783447265625,420.6953282041475,26.727652093234745,65.33274536815956,211.252800921885,-0.1183544313036054,-0.195020569659995,1.096520562045052,57.89394099972196,0.4546103226897545,24,1648.9,1648.9,100.2,4862.4,2,69.80255516840883,0.0,17.522260936895083,10.313588850174217,0.4490902051877661,0.689121176926055,0.0,1.2233836624080527,0.0,0.0,69.80255516840883,3,17754.468475341797,139.41639666228582,682.8641721285306,1346.6605224609375,364.4840126500764,59.77784353163791,435,2.8620990684828933,0.4694036071537448,6674,0.4221540715459828,52.407371846494144,0.3314951364102759,46,0.3612135308568671,0.3059020387273031
NP0770401,Sudur Paschim,Doti,Aadarsha,1,129.22689406212046,80.87513237070715,29.344198737313487,94.01699090354585,430.8436965942383,12786.310762882233,1065.5258969068527,1371.4657346010208,851.7761977802624,1152.0061950683594,1439.268974661827,119.93908122181892,1338.2989308064186,669.725830078125,2541.685791015625,1871.9599609375,334.999278960078,30.35390584295271,71.1493566061598,262.6310725417639,-0.106726798641094,-0.0138025389099692,1.3673721310763651,35.77412680685999,0.276831901489972,15,1695.7,1695.7,182.1,182.2,1,65.59279334300328,0.0,23.29948851057333,9.939690052675775,0.0610733643789602,0.6107336437896023,0.0,0.4962210855790518,0.0,0.0,65.59279334300328,3,0.0,0.0,0.0,0.0,301.66913349351546,14.462458948981508,268,2.3344144861092198,0.1119152406621278,4535,0.234244605946618,35.09331422776428,0.1812661425059203,19,0.1470282183743156,2.565306588784193
NP0770402,Sudur Paschim,Doti,Sayal,1,123.42862607954427,80.97275696129002,29.373776652133653,90.38429385774276,403.6310577392578,12292.263964653015,1024.355330387751,1312.1949050426483,816.2967740839177,1101.1934394836426,1376.8438962697985,114.73699135581651,1887.176259251,778.5736083984375,3126.35595703125,2347.7823486328125,445.0609267699646,31.829879859143897,73.69342114759041,207.47561679489797,-0.0407954841010713,-0.0784488895614881,0.3568055911184911,39.32720853157826,0.31862307619169,22,1695.7,1695.7,182.1,182.2,2,68.99007682458387,0.0,25.80025608194622,4.961587708066581,0.0240076824583866,0.0640204865556978,0.0,0.1600512163892445,0.0,0.0,68.99007682458387,2,0.0,0.0,0.0,0.0,239.72083741446124,0.0,222,1.9421818505860364,0.0,3895,0.1969729502578966,31.55669899047442,0.1595844955212871,10,0.0810184826456339,4.782134731730365
NP0770403,Sudur Paschim,Doti,Purbichouki,1,118.30684777776194,81.06429264979374,29.27475802554208,89.99049786890254,396.7625061035157,12238.707710170744,1019.8923091808956,1243.8943992614743,814.840695884011,1039.0181671142575,1314.6315586090088,109.55262988408408,1544.9717427661042,508.6236267089844,2804.68701171875,2296.0633850097656,406.1479573305927,28.648312210000487,65.78836530964048,224.04393967476744,-0.1075549338513175,-0.1112055985452458,0.5059106552215261,34.339030081234085,0.2902539517048038,14,1648.9,1648.9,177.5,177.5,2,74.97705465164789,0.0,16.662494785148102,8.293700458906967,0.0584063412599082,0.0083437630371297,0.0,0.0,0.0,0.0,74.97705465164789,3,0.0,0.0,0.0,0.0,333.95073970573304,34.893611160954514,553,2.8227507196629538,0.2949416015757749,4469,0.2053985671630217,37.77465196600424,0.1736151127522733,79,0.667755091813456,0.140125970105359
NP0770404,Sudur Paschim,Doti,Jorayal,1,421.67889161914576,80.69893582763936,29.107801385358,119.43329941133317,532.5397446576287,16242.928719941308,1353.5773933284424,1668.068809845868,1128.7270356856566,1404.6459171070771,1739.5644834181842,144.96370695151535,1622.2401600174835,757.5056762695312,2764.4033203125,2006.8976440429688,391.2733255470077,27.15501440090384,64.57832590132516,202.2872382396174,-0.0447091205568597,-0.1090812986014686,1.4128983848965084,136.30974586971328,0.3232548476550879,63,1637.7,1637.7,289.1,289.1,1,91.42674948631353,0.0047235540020311,5.113247207198697,3.3537233414421013,0.0259795470111712,0.0732150870314824,0.0,0.0023617770010155,0.0,0.0,91.42674948631353,2,8958.498701095581,21.2448355351559,308.9137483136407,2034.019287109375,655.4334994567661,33.300208711410214,761,1.5543426822719504,0.0789705374711677,8921,0.3510845787652505,21.15590838741181,0.0832587510883388,7,0.0166003092379646,1.6930164872456417
NP0770405,Sudur Paschim,Doti,K.I. Singh,1,127.74292338368969,80.96342415779075,29.170948225278934,97.39426298965428,432.26256561279297,13245.61976659298,1103.8016472160816,1352.951309800148,900.9139759757302,1137.6981239318848,1408.8134067058563,117.40111722548802,1429.854457461733,439.5,2769.4951171875,2329.9951171875,541.4537841138651,26.55517333088217,68.48509886828163,22.50855333526983,0.1204781553497161,0.2907372285638288,0.552201748469525,50.82666750573599,0.3978824514065065,20,1648.9,1648.9,100.2,4862.4,2,85.33600184743284,0.0,5.50381033022862,8.444307597567546,0.0692787314294511,0.215533831113848,0.0,0.4310676622276961,0.0,0.0,85.33600184743284,3,3610.830078125,28.266380496706518,3610.830078125,3610.830078125,258.4924015589093,46.99141168562541,333,2.023535979229937,0.3678592163143286,4262,0.208564823156192,33.36388339257449,0.1632691797178815,56,0.4383804481426963,0.8031403106926368
NP0770406,Sudur Paschim,Doti,Badi Kedar,1,334.5244123376408,80.88057251223991,29.021539914839284,119.39799332537802,503.9014634352464,16238.12709225141,1353.1772576876176,1677.594040467189,1121.0144346010436,1403.8948387732871,1731.7410735717187,144.31175613097656,1385.340687381237,310.5094909667969,2890.823486328125,2580.313995361328,503.654780040145,29.089712769804876,66.91658287582831,182.68049326738867,-0.006805834401597,-0.1453691604249722,0.9719795610793112,119.04092220810216,0.3558512258529948,50,1636.4,1636.4,129.1,129.1,2,91.69686887291309,0.0059414176222446,4.7115441744400215,2.783554156021627,0.0297070881112233,0.7070286970471155,0.0,0.0653555938446913,0.0,0.0,91.69686887291309,1,2958.843811035156,8.844926414664016,986.281270345052,1206.23974609375,439.2291095309964,32.21374568595549,495,1.312995683817764,0.0962971445367689,5528,0.2061714195682509,16.52495242834625,0.0616312029748545,44,0.131530012092481,4.615124180605033
NP0770407,Sudur Paschim,Doti,Bogatan Phudsil,0,301.9289170324831,81.03819823353192,29.054703548179862,110.6083431366612,469.4168795072116,15042.734666585922,1253.5612222154934,1550.4175018530625,1045.920502455918,1306.5774547870342,1600.0936675071716,133.34113895893097,1226.2786411529614,304.0,2890.087890625,2586.087890625,530.4084000875346,29.685108169133407,71.4923572559317,86.07589459495675,0.1388459559537155,0.0095242559308754,1.2186166422377014,107.68750181721424,0.3566650815550358,42,1621.1,1621.1,86.7,7099.3,2,91.62731208185754,0.0,4.470024924570379,2.954873409418864,0.0032795487340941,0.2492457037911583,0.0,0.695264331627968,0.0,0.0,91.62731208185754,1,2152.9676208496094,7.130710241371089,358.82793680826825,371.3765563964844,360.6109411027239,33.01994796145821,525,1.19435708459792,0.109363317319837,4743,0.2006602245709308,15.708995503367843,0.0664594257956891,84,0.278211179060278,0.4396200840216934
NP0770597,Sudur Paschim,Doti,Khaptad,0,95.42605002549011,81.10068361505073,29.36577022470923,92.0742460217546,399.71497344970703,12522.097458958626,1043.5081215798857,1281.1604719161987,835.0334028764205,1081.1877746582031,1353.8248146772385,112.81873455643654,2677.6640677691144,1416.5369873046875,3301.263427734375,1884.7264404296875,419.424930672743,26.75138751904645,69.68221651448306,249.6230214065248,-0.1417247288153848,-0.0526421430779494,1.9659526893497945,24.462438567739305,0.256349692366025,11,1648.9,1648.9,177.5,177.5,1,91.56826186036876,0.0,8.048477315102549,0.3729024238657551,0.0,0.0,0.0,0.0103584006629376,0.0,0.0,91.56826186036876,2,0.0,0.0,0.0,0.0,18.717315726645666,0.0,13,0.1961447185715631,0.0,127,0.0076759012834426,1.330873487544291,0.0080438216623157,0,0.0,6.88868759508496
NP0771201,Sudur Paschim,Kailali,Dhangadhi,0,263.3999861609697,80.6546396731735,28.69306383072455,130.08902392010478,651.6021575927734,17692.10725313425,1474.3422710945208,1879.452915519476,1340.7322022698145,1679.7937850952148,1932.6722862422464,161.05602385352054,181.2268350222178,153.5,222.19113159179688,68.69113159179688,11.152234438669016,2.410310543142299,34.28757124074858,183.05393616574284,-0.0043751051185565,-0.0820048647084624,1.3849294850657032,113.64150852134853,0.4314408295067244,28,1552.6,1552.6,19.4,326.4,1,45.104643681640994,0.1778753358816182,2.2291185709419823,46.83041289785414,4.07599439881921,0.8326079551905538,0.0,0.7379934148279907,0.0113537448435075,0.0,46.83041289785414,2,95791.94683265686,363.6748362398024,70.02335294784858,3153.465087890625,1217.2443991574278,94.6265289309007,3406,4.621277384629558,0.3592503185367378,58362,4.77135077929491,221.57176562770832,1.8114468602815448,18,0.0683371334309782,3.9778535368301
NP0771301,Sudur Paschim,Kailali,Godawari,0,310.6006861519177,80.57606322376056,28.86971929076453,132.5757473274773,691.5679728190104,18030.301636536915,1502.5251363780762,1883.0629111329715,1339.151139866222,1715.314229329427,1898.471197148164,158.20593309568034,464.1004370429867,177.5,1761.488525390625,1583.988525390625,321.33333678614025,13.285897904060652,67.48571168348163,200.69091208502425,-0.0736063848917498,-0.1948871262048884,0.7731532965009813,125.519389968152,0.4041181992326935,38,1567.6,1567.6,151.5,307.7,1,73.46577940656444,0.3214710515318095,1.9288263091908573,21.194586427492204,1.0640691805702895,1.944899861767448,0.0,0.0803677628829523,0.0,0.0,73.46577940656444,2,76663.3366355896,246.82281802202084,397.2193608061637,2289.3427734375,847.1486867952699,70.82211414256543,2227,2.727452721662442,0.2280166055651456,30577,2.236068003247369,98.44472779124672,0.7199172773732017,33,0.1062457408218969,1.4232334197477317
NP0771302,Sudur Paschim,Kailali,Gauriganga,1,245.9353973757335,80.78139964227535,28.75298579673613,136.5585441854265,637.7849934895834,18571.962009218005,1547.663500768167,2010.5401063495208,1394.1048755067768,1788.8222859700522,2070.7982791264853,172.56652326054044,214.7870153065805,162.5,1064.8701171875,902.3701171875,64.22997070919223,4.344980930504783,51.33009038101385,192.87112237382732,-0.0316571676758514,-0.1385432894737222,1.6199066416487644,106.31886559175084,0.4323040388908301,19,1531.1,1531.1,193.4,193.5,1,73.18828857974765,0.0930119702361695,1.6661274668392103,22.75153671950825,0.3316078938854739,1.884503396958913,0.0,0.0849239728243287,0.0,0.0,73.18828857974765,2,58402.91815185547,237.4725996137476,1061.871239124645,1780.5306396484375,490.23349892287246,38.99898690720647,1827,1.9933425775790496,0.1585741106133854,16250,1.0745056167533713,66.0742624827352,0.4369056379109878,5,0.02033054230238,1.5086855238990249
NP0771303,Sudur Paschim,Kailali,Ghodaghodi,0,356.53290860382793,80.93988347699207,28.705415743321517,141.07490472041349,668.2559758966619,19186.187041976234,1598.8489201646862,2135.564265229485,1418.046800660693,1889.0544100674715,2199.7928382916884,183.3160698576407,273.9621236820012,153.5,1556.93701171875,1403.43701171875,222.61320805076085,6.6394937464207,63.443489411461705,195.0621074302167,-0.0502510151710307,-0.1867294628270642,0.3792997444270238,135.61972561483526,0.3803848742768739,29,1528.2,1528.2,125.6,125.6,2,72.82107205771328,0.0587199060481503,0.8388558006878618,24.069569107737045,0.3830774823141235,1.297430305063893,0.0,0.4557783183737382,0.0754970220619075,0.0,72.82107205771328,2,90993.36024475098,255.21728303027683,745.8472151209096,2087.689453125,660.4863232591983,19.7468733379618,1307,1.8525255518365549,0.0553858363742352,18862,0.9781340818585784,52.903952327607065,0.2743460865054286,2,0.0056095803549578,9.82333569970407
NP0771304,Sudur Paschim,Kailali,Bhajani,1,177.28017106744824,80.96381374316316,28.517337742905504,135.02755112182192,687.3157871791294,18363.74695256778,1530.312246047315,2034.935946907316,1368.003461069875,1807.9518607003347,2094.6275802680425,174.55229835567022,153.84605423160477,139.0,181.5519256591797,42.55192565917969,9.028715722397608,1.858663906997738,27.658010166832323,148.07073819981886,0.0234050330076375,-0.0375589876260273,1.492016900259068,57.229256858961634,0.322818150018527,20,1500.8,1500.8,128.7,523.4,2,44.076489937001725,0.0390254780621062,1.1874895467469475,51.13452639794838,0.8585605173663376,1.126163795506495,0.0,1.5275687127167308,0.0501756146512794,0.0,51.13452639794838,2,57572.64306640625,324.7551190849319,1151.452861328125,7815.830078125,574.8839528294476,45.39357680338183,1326,3.2427989513318245,0.2560555787489134,28336,1.445228965269207,159.83739089026065,0.8152231332850831,73,0.4117775809919899,0.8828247527142251
NP0771305,Sudur Paschim,Kailali,Tikapur,0,119.00314039140714,81.08645951743742,28.485099731822704,141.55178579162148,700.7719421386719,19251.04286766052,1604.2535723050437,2116.2613872289658,1464.875870444558,1890.677154541016,2170.0734189748764,180.8394515812397,151.22310001990385,138.0,182.78419494628903,44.78419494628906,7.538325498102216,1.4807851034961284,20.479474074850256,248.71629943294727,-0.0685263283582186,-0.026694843883771,0.2534308355713195,55.74354964594848,0.4684208287496046,11,1495.9,1495.9,142.8,600.9,1,29.83235540653814,0.0335289186923721,0.9304274937133276,59.56412405699916,3.08466051969824,0.6286672254819782,0.016764459346186,5.909471919530595,0.0,0.0,59.56412405699916,3,235753.14881896973,1981.0666175998892,521.5777628738268,13059.0078125,518.2227208851326,41.70235948664934,1193,4.354697860751177,0.3504307478734447,29639,2.0471264334472483,249.06065421900533,1.7202289172488636,30,0.2520941876099112,1.854224148336837
NP0771306,Sudur Paschim,Kailali,Lamki Chuha,0,226.2587375532779,81.15429353071238,28.65120963572781,142.48770170151687,654.60302734375,19378.32743140629,1614.860619283858,2099.891603061131,1448.2538297578888,1854.95206124442,2145.205656324114,178.7671380270095,312.0301401095148,152.0,1545.7835693359375,1393.7835693359375,240.3699985343509,8.745499709657857,60.2017025665358,213.50969549255257,-0.1716619716658012,-0.2592576178160666,0.7036587716249085,112.26757308843044,0.4961911053799389,25,1503.5,1503.5,230.9,230.9,1,68.83706577323223,0.1542937753482631,1.6311056251102098,26.393052371715747,0.9962969493916416,1.3313348615764415,0.0,0.6568506436254629,0.0,0.0,68.83706577323223,2,107157.03192138672,473.6039504160766,1275.67895144508,3274.732666015625,444.4796765721129,44.32112325849777,795,1.964475190565623,0.1958869024806669,21935,1.1850998303840137,96.94653226302428,0.5237808021027051,6,0.0265183129053177,2.582560967221601
NP0771401,Sudur Paschim,Kailali,Chure,1,496.2342084059312,80.70228968421758,28.931576900270013,131.6189631397955,620.4670087028952,17900.17898701219,1491.681582251016,1864.5347148250128,1291.142749072396,1625.6348930807676,1928.6181744547453,160.71818120456211,1010.079671997823,190.70704650878903,1968.65087890625,1777.943832397461,389.9207625184652,24.48849970923074,65.98314706573154,16.59976751211976,0.0178222388627017,0.0597843976652644,0.0363714864085792,146.29913905393218,0.2948187298975085,57,1560.2,1560.2,186.8,186.8,1,92.99346405228758,0.0040221216691804,3.627953745600805,2.706887883358472,0.0140774258421317,0.6515837104072398,0.0,0.0020110608345902,0.0,0.0,92.99346405228758,1,0.0,0.0,0.0,0.0,516.7512016053819,46.24753880484269,472,1.041345382587303,0.0931969985572036,5865,0.284356759415259,11.819015901463796,0.0573029336951007,109,0.2196543449717909,1.177091462589807
NP0771402,Sudur Paschim,Kailali,Kailari,0,234.69275901191455,80.80967964770569,28.59568008004472,132.80999883641215,676.4007141113282,18062.15984175205,1505.1799868126711,2005.260868692398,1352.7881397594103,1790.4623229980468,2064.247732114792,172.02064434289932,166.051042517027,145.5,197.562744140625,52.062744140625,9.12557681102955,2.348836692366174,30.90982225352204,194.97752353998607,-0.0131973671743021,-0.0493306440133041,1.1553563875994544,106.23682014389492,0.4526633910273373,27,1531.1,1531.1,193.4,193.5,1,58.17595382591351,0.0891227772354963,1.0737172685990748,37.94083945168272,0.734201926749565,0.6832746254721386,0.0,1.2731825319356618,0.0297075924118321,0.0,58.17595382591351,2,27229.947692871094,116.02380835059644,1047.305680495042,1646.7059326171875,603.5120822076218,41.98083402411277,1517,2.571498518950828,0.1788757105283403,14953,0.9989926866930038,63.71308626203029,0.4256597821334097,1,0.0042608898724022,2.035214126564149
NP0771403,Sudur Paschim,Kailali,Mohanyal,0,630.5317337158071,81.0491948652684,28.81705479404756,134.4765486432686,591.1082904522235,18288.81061548453,1524.0675512903774,1968.3736857450924,1337.93040674383,1711.5336080697866,2021.7400932862208,168.47834110718506,739.7824691975669,185.57684326171875,1769.5660400390625,1583.9891967773438,339.571815147118,23.089494152908152,68.86475545239303,36.9922367933158,0.1234146708883993,0.1638229781520909,0.6001717982646938,185.6137718628999,0.2943765744652586,66,1574.1,1574.1,144.9,31479.9,2,93.30509546086738,0.0395119484132001,1.3607915033506133,2.661524845113162,0.009482867619168,1.621570362877734,0.0,1.002023011758756,0.0,0.0,93.30509546086738,1,28836.842323303223,45.73416496163308,313.4439382967741,1180.166748046875,298.1176183430162,0.0,594,0.4728035123405598,0.0,4673,0.2107798283378378,7.411205099006502,0.0334289008890455,73,0.1157752990001015,2.185223119569238
NP0771404,Sudur Paschim,Kailali,Joshipur,0,65.94927076779251,81.02500742197772,28.574984965740093,140.3127159178257,663.6949768066406,19082.52936482429,1590.2107804020245,2114.267771959305,1434.702953338623,1881.5811614990237,2166.863107919693,180.57192565997445,154.8510031181654,143.5,171.16844177246094,27.668441772460938,3.691378533807241,1.050779270023091,18.59624127050582,183.11046634160743,-0.0067642858552066,-0.1244778670048311,0.203873326511579,39.5528616579883,0.5997467628907375,7,1503.5,1503.5,20.9,227.3,2,18.80202140309156,0.0,0.267538644470868,79.28061831153389,1.3079667063020213,0.3269916765755053,0.0,0.0148632580261593,0.0,0.0,79.28061831153389,2,58259.48129272461,883.3984153950138,419.1329589404648,8531.1396484375,217.88118533294244,15.149552498227967,347,3.303769439697104,0.2297152390292466,14680,0.8964802542092976,222.5953347033708,1.3593482441463318,28,0.424568758289808,0.4677654596967014
NP0771405,Sudur Paschim,Kailali,Bardagoriya,0,77.70233645850976,81.04084738293183,28.68025009912223,142.6077931497027,637.8872985839844,19394.65986835957,1616.2216556966305,2154.679446041584,1443.5409695018425,1909.4715118408203,2208.876886188984,184.073073849082,194.3485770726373,156.5,465.4909057617188,308.99090576171875,41.97874910983381,2.859519051334434,44.54047297280541,193.62491581681425,-0.0518818122962698,-0.2140463968541482,0.3522992707074928,36.75392325658808,0.4730092418290838,5,1513.9,1513.9,103.9,103.9,2,52.69529756594877,0.0637186185803491,1.478271951064101,43.11201733146425,1.070472792149866,1.5037593984962403,0.0,0.076462342296419,0.0,0.0,52.69529756594877,2,44578.05978393555,573.7029517476429,610.6583532045966,1088.720947265625,181.25089038161465,19.46306876200664,238,2.332631149108316,0.2504824133879065,6384,0.3529559425705271,82.1596915996062,0.4542410931992924,1,0.0128696258771312,6.328590671129353
NP0771406,Sudur Paschim,Kailali,Janaki,0,107.86841633625852,81.14211040935447,28.569436461115263,148.72109739534994,709.9375732421875,20226.069245767598,1685.505770480633,2222.052221059799,1531.0103637695313,1978.0201354980468,2268.8414618968964,189.07012182474136,167.50186511181926,143.08621215820312,207.20034790039065,64.1141357421875,10.99683459264658,1.7517758964651793,25.126858524010228,234.5353225268807,-0.0981350276368611,-0.0699077938896622,0.0763542223212609,42.0016388039294,0.3893784689764756,11,1503.5,1503.5,230.9,230.9,1,28.772413793103446,0.2482758620689655,1.1310344827586205,60.165517241379305,0.9379310344827588,2.5195402298850573,0.0,6.225287356321839,0.0,0.0,60.165517241379305,3,71117.18910217285,659.2957560485456,559.9778669462429,2744.325439453125,328.570745982468,21.641653701186453,588,3.0460329088193294,0.2006301235917181,18130,1.1462312131481074,168.07514762693188,1.062619858601574,33,0.3059282885652924,0.2047723553284661
NP0772301,Sudur Paschim,Kanchanpur,Dodhara Chandani,0,57.2383949857859,80.08449946682755,28.896007008535012,109.80660575394536,556.6455891927084,14933.69838253657,1244.4748652113808,1496.009432633718,1095.5082725756097,1349.7849527994792,1539.8288819789886,128.31907349824905,198.8835619546963,181.0,225.6200256347656,44.620025634765625,8.474002820103088,1.5450246880730294,20.037756740041,193.4136179478895,-0.0208097788205712,-0.0872583076686967,2.0667068790025978,25.916144863694605,0.452775534152039,2,1627.1,1627.1,151.3,15518.5,1,16.264005602240896,0.1225490196078431,3.6414565826330536,69.4327731092437,0.7352941176470588,5.514705882352941,0.0,4.28921568627451,0.0,0.0,69.4327731092437,3,127429.9526977539,2226.3019906375566,1400.3291505247682,1912.5206298828125,288.29193835335667,31.372130952990148,608,5.036688020776065,0.5480959233881529,15225,0.9129999731709296,265.9927834066774,1.5950831140489812,43,0.751243985976166,0.9200876496085388
NP0772302,Sudur Paschim,Kanchanpur,Bhimdatta,1,172.99572191637736,80.16788765694129,29.006659935689715,96.41731217228065,467.5124293736049,13112.754455430168,1092.729537952514,1336.4934472356524,961.580886147239,1197.1092638288226,1384.9987993240356,115.4165666103363,336.65013095348144,189.5,1338.814453125,1149.314453125,215.79012464734367,7.010913944049188,53.49518564005773,227.7337849923605,-0.1891115695084398,-0.1718745577019242,0.3235824618225701,64.71570294093753,0.3740884585124006,13,1611.8,1611.8,278.6,445.6,1,50.77985611510791,0.0115107913669064,1.0532374100719424,40.84604316546763,1.8129496402877696,2.722302158273381,0.0,2.77410071942446,0.0,0.0,50.77985611510791,2,51312.72777175903,296.6126977207134,101.20853603897244,423.460205078125,838.7274375812601,36.73232680356245,2276,4.848255368919955,0.2123308391482542,47890,3.275745760030632,276.827654866223,1.893541483999276,6,0.0346829385925524,1.8381284101087725
NP0772303,Sudur Paschim,Kanchanpur,Bedkot,1,161.0020702018342,80.27051432026614,28.993598466526304,101.94956729832818,494.4893371582031,13865.141152572633,1155.4284293810526,1391.7069485664367,1022.9634811401368,1241.4294525146483,1441.905264472961,120.15877203941344,393.2005116335658,191.5,1404.598388671875,1213.098388671875,253.83559750009675,9.982959408754724,64.16376363619965,188.76681328477991,-0.0534702951504211,-0.3467253435909311,0.1655204319346041,59.69244108313904,0.3707557362977249,12,1637.6,1637.6,167.0,167.1,1,68.20566631689402,0.0802419603728165,2.0122214678106287,28.70810443799765,0.4073822603542991,0.5431763471390655,0.0,0.0432072094315165,0.0,0.0,68.20566631689402,2,108006.29441833496,670.8379232822094,2000.1165633024996,3681.435546875,538.2362689789474,47.92740279293979,1428,3.3430394298918493,0.2976819039212191,25458,1.5437480731979891,158.12219040466704,0.9588374057940542,5,0.0310555012971692,3.846850933167657
NP0772304,Sudur Paschim,Kanchanpur,Shuklaphanta,0,163.6543969957398,80.37804316761907,28.928632122772324,128.77728023143374,681.8908203125,17513.71011147499,1459.4758426229157,1805.2676591396328,1298.5445476185191,1636.8187561035156,1817.937549638748,151.494795803229,341.86625816484263,185.0,1511.947509765625,1326.947509765625,251.5141178416568,7.93574355228732,66.79197621768388,200.3448071756292,-0.0755199169001956,-0.2036672294195948,0.656286861294765,71.41549022804242,0.4363799050868244,14,1594.2,1594.2,176.6,176.6,1,64.06211936662606,0.0,2.7710109622411694,31.8026796589525,0.2496954933008526,0.9196102314250912,0.0,0.194884287454324,0.0,0.0,64.06211936662606,2,130930.94409179688,800.045379136408,1336.0300417530293,2936.9013671875,341.9733671774249,36.75724536359537,627,2.08960696110308,0.2246028584526954,21853,1.2118309344481804,133.53139543552177,0.7404817448807846,2,0.0122208754345418,3.1536045206457666
NP0772305,Sudur Paschim,Kanchanpur,Krishnapur,0,254.40183462393483,80.46901519719306,28.861080324895163,133.67809869066562,726.0484754774305,18180.221421930524,1515.0184518275437,1902.5276872317,1359.3631040014402,1738.5413852267795,1891.891826788584,157.65765223238202,302.01794536900707,176.0,1454.947021484375,1278.947021484375,220.5619981336425,6.755056790998381,62.00919258771143,209.61577378766893,-0.0777193236697224,-0.1367230955537183,1.704872027263247,83.23057035784484,0.3271618323070626,17,1601.4,1601.4,232.6,232.6,1,70.44030084612974,0.0509244750861798,1.5120651833281102,26.34753995612661,0.3368849890316515,1.1869319962394234,0.0,0.1253525540582889,0.0,0.0,70.44030084612974,2,80944.64263916016,318.17633217470774,1618.8928527832031,35449.49609375,591.7604264729695,23.22545230733837,1297,2.3260855305848294,0.0912943585555151,27035,1.5559101360352767,106.2688877223076,0.6115954856753586,5,0.0196539463144641,1.971100162665273
NP0772306,Sudur Paschim,Kanchanpur,Belouri,0,124.20238665396236,80.3524973316676,28.70027570807882,127.45722813536138,735.1304565429688,17334.183026409148,1444.5152522007622,1824.7441824913024,1304.9107226285066,1674.6629760742187,1812.9059344768525,151.07549453973772,177.3234406080526,167.0082550048828,218.43331909179688,51.42506408691406,6.848136049327083,1.5244321690785267,27.495154516799023,203.0523936566933,-0.0263580111626548,-0.0619380475331713,1.5350047200298762,25.207520712559575,0.2029552039349269,10,1570.3,1570.3,144.6,844.8,1,27.944368518369643,0.0080392314494734,0.4341184982715652,70.43170672883672,0.6672562103062947,0.2331377120347295,0.0,0.1205884717421014,0.1607846289894686,0.0,70.43170672883672,2,335286.87240600586,2699.5203670291903,1530.990284958931,6776.73876953125,515.3708664447388,40.96222133290463,1017,4.149444147805329,0.3298022078032092,24044,1.4256015776130926,193.58726227208888,1.1478053007024185,49,0.3945173786113939,0.5850838978913458
NP0772307,Sudur Paschim,Kanchanpur,Punarbas,1,104.38979817029356,80.47692451318379,28.647630056433183,124.16974719394656,688.0629577636719,16887.085618376732,1407.2571348647275,1772.4846724271774,1274.1569498235528,1634.3521270751953,1801.653052330017,150.13775436083475,177.66846407102642,157.73892211914062,213.1629943847656,55.424072265625,8.965457894925104,1.7898490081019007,32.372133452566,158.49145644797812,0.0183550538780386,-0.0465766505326302,0.6466114535329227,22.22975296580632,0.2129494773956972,8,1553.5,1553.5,193.6,193.6,1,23.42042755344418,0.0380047505938242,0.8931116389548693,73.13064133016627,1.510688836104513,0.4750593824228029,0.0,0.5320665083135392,0.0,0.0,73.13064133016627,2,209406.8191986084,2006.0084689214373,427.3608555073641,5493.22265625,510.7843423873358,41.32912561275269,964,4.893048471595675,0.395911538647977,21386,1.5399765565137655,204.86676260368387,1.4752174862926408,13,0.124533242020382,2.555514115901201
NP0772401,Sudur Paschim,Kanchanpur,Beldandi,0,36.950290332163625,80.26334965437086,28.77343685061265,120.90291010456929,680.0166320800781,16442.79577422142,1370.2329811851184,1697.0282555818558,1224.25507181341,1544.473114013672,1721.9915064573288,143.4992922047774,179.73047483602843,173.0362548828125,204.52659606933597,31.49034118652344,4.049328151435584,1.0226984629790068,18.90663819531684,166.99524774588315,0.019044757916734,-0.0824607047188194,0.2542221594431187,7.23631257544548,0.1958391263071236,2,1509.1,1509.1,1082.4,17556.0,1,29.06482465462274,0.0,1.1689691817215728,69.1020191285866,0.4516471838469713,0.053134962805526,0.0,0.106269925611052,0.053134962805526,0.0,69.1020191285866,2,60015.99658203125,1624.2361302852858,2400.63986328125,7763.8408203125,216.43625021509908,14.70759744084194,579,5.85749795927045,0.3980373985868147,10878,0.542128786841513,294.39552171884213,1.4671841059111068,19,0.51420434938941,0.8003940028937409
NP0772402,Sudur Paschim,Kanchanpur,Laljhadi,0,155.66646420865612,80.42776729819684,28.7617810683956,128.311710247723,721.6556483677456,17450.39259369033,1454.1993828075272,1831.896791798728,1313.5837022855685,1685.5610961914062,1835.5768032073972,152.96473360061646,195.6523216802727,170.31349182128906,244.111083984375,73.79759216308594,13.6412105934966,2.7956010837060785,32.045238924264844,211.98740589560475,-0.0291457732232568,-0.0466658092608811,0.7812189010860837,61.86459780777119,0.3974176334142694,17,1581.4,1581.4,130.0,700.3,1,65.08344030808729,0.0577663671373555,2.362002567394095,29.762516046213094,0.3080872913992298,1.0269576379974326,0.0,1.399229781771502,0.0,0.0,65.08344030808729,2,49554.36926269531,318.3368332711173,739.6174516820196,2038.088623046875,292.74727356681825,3.3430999838204563,471,1.8806059163418676,0.0214760449581442,11711,0.6715282656012518,75.23136122821236,0.4313891685116788,4,0.0256959648973486,5.989646973010583
NP0772597,Sudur Paschim,Kanchanpur,Shuklaphanta,0,402.8851025533331,80.24063324400991,28.866767701631705,116.78092955907478,614.9903583526611,15882.20642003417,1323.5172016695142,1617.462620869279,1178.387192769484,1465.9273920059204,1652.3607279509306,137.69672732924425,225.5002859317441,174.0030059814453,1352.7762451171875,1178.7732391357422,114.3400613541749,4.62956722361645,56.43754020453603,201.8825485761361,-0.0253323249731151,-0.0630716416730104,0.8513422931304895,131.0410911389347,0.3252567302897176,25,1611.8,1611.8,278.6,445.6,1,82.10643564356435,0.0173267326732673,6.103960396039604,6.51980198019802,0.0123762376237623,1.188118811881188,0.0,3.6138613861386135,0.4381188118811882,0.0,82.10643564356435,3,9304.169921875,23.093854458526007,134.8430423460145,1179.873779296875,152.42048961181274,30.44668197942736,112,0.3783224761745456,0.0755716252263184,532,0.0273153541762591,1.3204757302476204,0.006779936513697,0,0.0,7.929098228332651
NP0773301,Sudur Paschim,Dadeldhura,Parashuram,0,416.8300737178607,80.34460226579517,29.128662859612792,119.1263396008342,588.6232523600261,16201.182185713453,1350.0985154761208,1656.8690596898398,1134.3941242564808,1401.823252360026,1739.9630261103314,144.9969188425276,856.0179146154571,271.0,2601.898681640625,2330.898681640625,419.8646560528597,22.58905826959905,70.22205355330044,330.086272193423,-0.0573527432697998,0.0996842006664414,0.7521916377078139,125.67343200568745,0.3014979962572275,46,1685.5,1685.5,329.8,329.9,1,90.03962192094711,0.002386862707657,1.9834829100630127,5.461141875119343,0.0190949016612564,1.895168989879702,0.0,0.599102539621921,0.0,0.0,90.03962192094711,2,27171.31736755371,65.18559739512733,251.5862719217936,1046.5760498046875,593.1122483332193,66.10443645567018,895,1.4229113629998746,0.1585884527622021,12866,0.6082902412317583,30.866294951425687,0.1459324265656252,78,0.1871266132606251,0.5367803996298582
NP0773302,Sudur Paschim,Dadeldhura,Amargadhi,1,140.20535682801736,80.58297645775247,29.28256000105664,114.24958763578358,484.9845021565755,15537.943918466568,1294.828659872214,1592.1544672648113,922.6602252613416,1206.4994303385415,1701.8628027439115,141.8219002286593,1773.5757105094417,874.5740356445312,2574.42333984375,1699.8493041992188,335.59297631477415,22.03144249278286,54.70229911361651,13.887314597213772,0.0577850487822948,0.2337204389164814,0.3599113783489228,45.49428086476969,0.3244831859069063,17,1683.4,1683.4,243.8,243.8,1,82.57211538461539,0.0,9.968891402714933,7.041855203619909,0.3888574660633484,0.0282805429864253,0.0,0.0,0.0,0.0,82.57211538461539,3,16993.67073202133,121.2055738559732,531.0522103756666,1302.748046875,309.9718495859344,43.71150750435907,377,2.2108417010497026,0.3117677419271341,5980,0.4008499407636497,42.651722696554,0.2859020153241018,5,0.0356619754987909,2.184450963213844
NP0773401,Sudur Paschim,Dadeldhura,Bhageshwor,1,234.91312607681573,80.40477388256409,29.28113199200608,115.85922265325496,516.6056077745226,15756.854280842676,1313.0711900702229,1651.0952738126118,1017.8670416937932,1313.723151312934,1759.107235484653,146.59226962372108,1392.9158770106471,355.41973876953125,2640.15185546875,2284.7321166992188,475.77275365824624,27.953633258136268,69.58416107046406,339.38500498721254,-0.0941189602813762,0.2502005954690814,0.5217973792007409,74.20082457037239,0.3158649574400921,21,1693.2,1693.2,213.3,13756.0,1,92.80414804822529,0.0,3.987859371047972,2.6178231177809628,0.0,0.22342129668662,0.0,0.3667481662591687,0.0,0.0,92.80414804822529,1,408.0342321395874,1.7369579935953077,58.29060459136963,82.77339172363281,537.19641924509,81.23464197294663,774,2.2867875806540874,0.3458071642466807,4444,0.2235559722922455,18.91763169737407,0.0951653813585297,14,0.0595964994966779,5.102795578952231
NP0773402,Sudur Paschim,Dadeldhura,Ajayameru,0,149.85521476179764,80.51763015228418,29.36124809519676,113.63066508244066,502.51646118164064,15453.770451211927,1287.814204267661,1631.7482592582703,940.6876634077591,1267.625033569336,1741.5184853553772,145.12654044628144,1480.4451830262226,607.2061157226562,2413.472900390625,1806.2667846679688,355.74558992260995,25.62574070488789,65.54160214388526,206.8483221342913,-0.1011301354451739,-0.1997847859209247,1.3922055591693965,66.89302291922844,0.4463843518929805,20,1720.7,1720.7,310.8,310.9,1,73.35264301230991,0.0,20.45289974326904,6.161543018892766,0.0065828451056546,0.0263313804226186,0.0,0.0,0.0,0.0,73.35264301230991,3,1954.737014770508,13.044170787634318,195.4737014770508,291.6541442871094,576.5727454066121,44.23733791041676,959,3.847532075030577,0.295200523923937,5259,0.3210024590798317,35.0938738325486,0.2142084008154679,17,0.1134428323166621,0.8359361706794931
NP0773403,Sudur Paschim,Dadeldhura,Nawadurga,0,142.76189264446273,80.70019981951158,29.35806219132932,108.48466864824296,481.02369384765626,14753.914936161042,1229.4929113467535,1626.774674987793,970.0690200805664,1347.6653625488282,1700.4825491905212,141.7068790992101,1315.8042753409225,624.0,2391.99609375,1767.99609375,338.0019973254254,28.68200057064031,66.09929047487633,147.67772708896533,0.1086084720682768,-0.17165384105839,1.6393818193701284,49.14856261991844,0.3442694805281061,19,1683.4,1683.4,100.5,4070.2,1,72.60806216610005,0.0,18.823284534794976,7.798515229306875,0.0138763616179837,0.3122181364046347,0.0,0.4440435717754805,0.0,0.0,72.60806216610005,3,2710.678186416626,18.98740718692597,1355.339093208313,2689.162109375,479.1772354529611,2.726811999788611,558,3.3564785852644468,0.0191004192314788,4506,0.2325795873689226,31.56304470704825,0.1629143345333364,0,0.0,8.952179520488238
NP0773404,Sudur Paschim,Dadeldhura,Aalital,1,294.75909110226684,80.51067783435273,29.135106078364515,125.844029443468,572.3258611505681,17114.78800431165,1426.2323336926374,1732.9494707367635,1148.7025353928243,1421.990126176314,1823.7303803617303,151.97753169681087,1266.1282112235467,478.0066528320313,2573.281005859375,2095.274353027344,447.541691058289,26.43549654553489,66.86769476183096,205.6540050586608,-0.0303385824167914,-0.0631686391973739,0.0429839519034995,89.74133816045553,0.3044565574716055,37,1685.5,1685.5,329.8,329.9,1,94.4251692660087,0.0,2.1322464378347425,3.2842658402667837,0.010105433354667,0.1077912891164482,0.0,0.0404217334186681,0.0,0.0,94.4251692660087,1,15214.208322048187,51.61573902658564,90.5607638217154,785.5794677734375,563.4315670587131,12.142834650175637,910,1.911498522239744,0.0411957935029819,8989,0.3690546599985673,30.49609077835452,0.1252055224551237,29,0.098385430256122,2.426736788240305
NP0773405,Sudur Paschim,Dadeldhura,Ganyapdhura,1,136.491777550094,80.67726295946892,29.24583137874172,113.45696702424218,503.6019134521485,15430.147515296936,1285.8456262747447,1613.582379579544,1004.5827829187566,1321.6542701721191,1698.440450310707,141.53670419255891,1655.0271279491617,651.75830078125,2658.178955078125,2006.420654296875,426.060718802838,26.82085424064288,60.94208829335,18.670344608821036,0.076963306021807,0.2277664138851222,1.6445998683958365,40.672240678455935,0.2979830829994779,21,1683.4,1683.4,243.8,243.8,1,87.59071117561683,0.0,7.387518142235123,4.985486211901306,0.0290275761973875,0.0072568940493468,0.0,0.0,0.0,0.0,87.59071117561683,2,0.0,0.0,0.0,0.0,323.7721247803243,64.53042463748442,341,2.372099848003637,0.472778842768027,3710,0.1985550992731909,27.181124508678835,0.1454703739940078,2,0.0146528973092608,4.063413749523643
NP0774301,Sudur Paschim,Baitadi,Dasharathchand,1,136.03010697177405,80.43051555886974,29.53473683991364,116.83423187978129,542.0629577636719,15889.455535650251,1324.121294637521,1769.326017856598,1046.807198264382,1465.5221824645996,1856.0557035207748,154.67130862673125,1452.8354292451506,477.6081237792969,2531.85205078125,2054.243927001953,439.22837916608887,28.19187296246017,73.25444161169003,335.5907390740847,-0.0854780365038439,0.1883543551255112,0.1036918696766982,42.61815964895982,0.3132994643443381,14,1732.1,1732.1,366.5,8150.0,1,78.34246075209931,0.0,16.69222343921139,3.8043081416575393,0.1095290251916757,0.2774735304855786,0.0,0.774005111354509,0.0,0.0,78.34246075209931,2,3312.934814453125,24.354423356739343,3312.934814453125,3312.934814453125,414.8306290536449,73.1582348357327,479,3.049550120104819,0.5378091399348298,3875,0.2716484898991873,28.48634090101873,0.1996973287358759,16,0.1176210204945289,1.918392419264424
NP0774302,Sudur Paschim,Baitadi,Puchaundi,1,199.73292885746125,80.6996232243282,29.599375114730783,125.35199835239088,699.5528259277344,17047.87177592516,1420.6559813270967,2064.916016638279,1200.2614002227783,1822.2590713500977,2140.3318236470222,178.3609853039185,1844.078924600684,942.8405151367188,2754.328369140625,1811.4878540039065,316.7434204700125,29.82126434886893,71.32955301131909,336.37647523992416,-0.0773145375934319,0.1767681153171242,0.239316503729683,63.85307081851605,0.3196922569742347,27,1774.1,1774.1,230.8,230.9,1,73.52970199328992,0.0,21.98539569765147,4.154331951845274,0.0,0.3305703572133412,0.0,0.0,0.0,0.0,73.52970199328992,2,44.708011507987976,0.2238389621768061,2.7942507192492485,4.197904109954834,314.38904446304525,2.2499531134985418,382,1.574047135149197,0.0112648080933325,5035,0.274059226131718,25.20866253152084,0.1372128410169659,5,0.0250334285317982,5.328987967502458
NP0774303,Sudur Paschim,Baitadi,Melauli,1,120.47910236892304,80.41985391251688,29.429143334931013,115.06467029890594,538.7241516113281,15648.795160651209,1304.0662633876009,1714.8923152685163,1018.5939020677048,1401.895164489746,1810.01464509964,150.83455375830331,1467.9908076907202,534.9937744140625,2532.744140625,1997.7503662109373,390.9883308671392,29.404849981804496,66.08016148718556,170.12513913809025,0.0293188712942309,-0.1684258420338515,1.6812399800658837,28.48288813607183,0.2364135155062281,13,1720.9,1720.9,414.0,414.1,1,71.39458572600492,0.0,24.479081214109925,3.855619360131255,0.0656275635767022,0.2050861361771944,0.0,0.0,0.0,0.0,71.39458572600492,2,0.0,0.0,0.0,0.0,414.8864917290248,53.80353574798771,721,3.443638635840655,0.4465798191559738,3990,0.2423445036550463,33.117776623053594,0.2011506550845268,4,0.0332007785694772,3.5593220996921486
NP0774304,Sudur Paschim,Baitadi,Patan,1,220.63588006443504,80.57820203412885,29.445146664812142,118.10515482416923,543.4512329101562,16062.301056087015,1338.5250880072515,1766.1780351400375,1020.4691547047008,1431.433645248413,1859.1320146918297,154.92766789098582,1677.9168000397517,779.352294921875,2415.17431640625,1635.822021484375,298.09030975006283,28.28795437395268,63.01370375736608,320.03588448990365,-0.0622363207157268,0.0742647686719964,0.438701685535299,72.62983532599947,0.3291841531159323,29,1720.9,1720.9,414.0,414.1,1,76.69841840402589,0.0,18.70057512580877,4.443745506829619,0.058411214953271,0.0988497483824586,0.0,0.0,0.0,0.0,76.69841840402589,2,9599.058730125427,43.50633599268666,112.93010270735796,2427.498779296875,638.2417385195878,76.86123755642484,1218,2.892737746613081,0.348362367598498,6720,0.4507235264093179,30.45742151293559,0.204283875441151,13,0.0589206070934765,3.892628394378197
NP0774401,Sudur Paschim,Baitadi,Dilasaini,1,126.0473403039466,80.64758074328215,29.665194919420923,117.6139162070611,661.6428100585938,15995.492604160308,1332.9577170133591,1889.0918108940125,1143.5615557583897,1684.8038208007813,1954.3945115089416,162.8662092924118,1453.4409153320676,617.8828735351562,3067.04443359375,2449.1615600585938,446.5673154223908,31.789324238615347,67.78986192467727,273.98179885293666,-0.1716944643431801,0.0119512388665741,0.8512131340211371,40.78603629137527,0.3235771273953507,22,1774.1,1774.1,230.8,230.9,1,74.23922396933426,0.0,22.06054916686224,2.847531878275835,0.0469373386528983,0.2659782523664241,0.0,0.5397793945083313,0.0,0.0,74.23922396933426,2,1183.3123779296875,9.38784091021901,1183.3123779296875,1183.3123779296875,156.25485769228715,18.64288024469911,217,1.2396521601764787,0.1479037970951568,5061,0.3003398049848633,40.15158104721657,0.2382754005444567,65,0.5156792665617619,1.9551432921536025
NP0774402,Sudur Paschim,Baitadi,Dogada Kedar,1,127.18018731672262,80.52822027419256,29.596853358472625,127.19957706297146,641.9806640625,17299.142480564118,1441.5952067136766,1972.970973587036,1189.9332690152255,1696.7876373291017,2047.0390417099,170.58658680915832,1385.9451955273848,557.5586547851562,2449.28955078125,1891.7308959960935,337.74064041269645,30.728922464076685,70.59733396600056,353.451736411757,-0.0258485581606978,0.22518326490969,0.0053911091318396,39.02815995421237,0.3068729554314837,13,1763.2,1763.2,101.9,1585.1,1,82.12238574748257,0.0,14.515879163439196,2.989930286599535,0.0154918667699457,0.209140201394268,0.0,0.1471727343144849,0.0,0.0,82.12238574748257,2,0.0,0.0,0.0,0.0,232.793482959136,77.394967092996,203,1.8304225514261885,0.6085457863044011,2771,0.1788545715606816,21.787984893427247,0.140630844579016,50,0.3931429969943567,1.0519659602149485
NP0774403,Sudur Paschim,Baitadi,Surnaya,1,125.3006226916865,80.60537750802634,29.52596737600772,121.87225012568868,579.4217987060547,16574.62601709366,1381.2188347578049,1894.3875638246536,1087.9417388222437,1580.2865943908691,1979.4222515821457,164.95185429851213,1862.6799146099645,996.375244140625,2652.123291015625,1655.748046875,280.6797944522695,31.321227139873468,71.40646420638551,260.94665695598894,-0.0599325112459568,-0.0095495833000087,0.8034449430188287,48.0802740331694,0.3837193543042101,18,1720.9,1720.9,414.0,414.1,1,76.35549269212636,0.0,20.13201320132013,3.488920320603489,0.0,0.0235737859500235,0.0,0.0,0.0,0.0,76.35549269212636,2,5339.903271555901,42.61673371484525,14.874382372022009,917.9583129882812,204.58353392610152,33.15282925677431,255,1.6327415581125864,0.2645863088673537,3482,0.2097566601252154,27.78916756517464,0.1674027276315622,33,0.2633666081708107,0.4104667106836746
NP0774404,Sudur Paschim,Baitadi,Pancheshwor,1,121.215097814516,80.31884551406014,29.44736126949255,106.99183534418836,495.6882263183594,14550.889606809616,1212.5741339008014,1618.2433040618896,966.7413839166816,1327.7372161865237,1700.7340615272524,141.72783846060435,1149.214734554591,402.671630859375,2472.387939453125,2069.71630859375,410.5743587709107,30.77153120213227,66.66776070245677,287.3847527421432,-0.2317208205356761,0.072549188781355,1.0644663553348603,35.538899399053044,0.2931887202156521,11,1732.1,1732.1,366.5,8150.0,1,71.43907820544251,0.0,23.126583312903488,3.309634714390782,0.0245158126991909,0.3513933153550707,0.0,1.7487946392089564,0.0,0.0,71.43907820544251,2,5684.850830078125,46.89886765406991,1894.9502766927085,2668.120361328125,308.7314018652553,46.76832600261925,367,2.5469715194857803,0.3858292147252514,1947,0.1162257258177011,16.062355557220354,0.0958838691823277,4,0.032999189639898,2.524225425271882
NP0774405,Sudur Paschim,Baitadi,Shivanath,1,82.19700887959435,80.33525058938395,29.37100671321343,110.4728705111672,520.9364420572916,15024.310389518738,1252.025865793228,1656.6653299331665,995.9334346886836,1360.3328755696614,1748.2805913289387,145.69004927741156,1132.820516552042,379.6547546386719,2099.58984375,1719.935089111328,365.8809182560138,28.000649712069286,65.80223564651921,191.03733693016972,-0.0313365464526219,-0.1606535505573187,2.513457043817732,19.24866320334374,0.234177173424157,8,1709.0,1709.0,96.1,821.0,1,67.2457170240805,0.0,24.10446867137894,7.679405774529771,0.0,0.4193123277824367,0.0,0.5510962022283455,0.0,0.0,67.2457170240805,3,8973.41271018982,109.16957724501208,109.43186231938805,1489.23779296875,287.4122800558037,57.76475338302109,384,3.496626993773184,0.7027597983235295,2835,0.1546951400905943,34.490306139397696,0.1882004493827729,28,0.3406449989076315,1.3285331422216873
NP0774406,Sudur Paschim,Baitadi,Sigas,1,246.91469133404783,80.78116715611226,29.45047204714939,119.34524796780418,558.1015197753907,16230.95372362137,1352.5794769684474,1873.570825767517,1109.3590246027163,1601.300910949707,1945.007737350464,162.08397811253866,1715.5990424095748,689.5,2850.520263671875,2161.020263671875,435.5909763518376,34.34635736896862,75.68820409854679,168.51013336094115,0.0163853729600665,-0.0806096527824784,1.456853864636241,92.63946042107304,0.3751881263952101,47,1692.7,1692.7,133.8,134.0,1,70.88030702806428,0.0,26.79299592228352,1.918925401775006,0.0119932837610937,0.0839529863276565,0.0,0.3118253777884384,0.0,0.0,70.88030702806428,2,4147.861872076988,16.798764989100615,12.49355985565358,768.9024658203125,257.6979413089149,3.821749970459497,289,1.0436719658786058,0.0154780177307841,3049,0.1792333961857176,12.348394433424154,0.0725891988108698,11,0.0445497995302281,0.4448698343327602
NP0775301,Sudur Paschim,Darchula,Mahakali,0,135.9583854809144,80.54109800282689,29.80428022695704,133.44895967870366,776.2709248860677,18149.0585163037,1512.4215430253082,2189.244501829148,1435.232161435214,2071.3966623942056,2229.859996159872,185.821666346656,1778.3501689694149,625.6126708984375,3272.97509765625,2647.3624267578125,581.2518171471273,36.61754485226586,75.50334900812824,327.7371923756692,-0.1856030564342655,0.2940173869540488,1.9480643233782893,33.480970811652426,0.2462589614698861,15,1808.0,1808.0,95.2,3367.1,1,79.77837328891142,0.0,17.79532121387702,1.1878032881871514,0.2317664952560295,0.094155138697762,0.0,0.9125805750706164,0.0,0.0,79.77837328891142,2,6657.059387207031,48.96394851747881,1109.5098978678386,1201.1107177734375,169.89917017755988,41.74745704832173,240,1.2496409807794462,0.3070605531291938,3463,0.2802120144356837,25.47102915168208,0.2061013106654017,68,0.5001530413844589,1.822096205288786
NP0775302,Sudur Paschim,Darchula,Shailyashikhar,1,118.54472275816872,80.56959052711655,29.70915096265037,121.08644701452816,679.8043060302734,16467.75679397583,1372.3130661646526,1938.106529593468,1233.2051963806152,1771.2255859375,1986.663612127304,165.55530101060867,1462.85087793636,634.5,2819.886962890625,2185.386962890625,448.8887157914156,33.44998672409951,67.08868566481569,177.71968624802645,0.0108182276503535,-0.271678177908685,0.1542135234702437,42.543443989224784,0.3588809606988024,16,1774.1,1774.1,119.2,1252.3,1,67.06263498920086,0.0,30.1212826050839,1.8026250207675691,0.1827546104003987,0.2907459710915434,0.0,0.5399568034557235,0.0,0.0,67.06263498920086,2,6191.1249923706055,52.22607002928761,269.17934749437416,2819.2607421875,163.64250136691643,43.636931351452986,205,1.380428394950547,0.3681052208496226,4732,0.3180408116176906,39.91742432645679,0.2682876168739235,96,0.809820949987289,0.7779405450051897
NP0775401,Sudur Paschim,Darchula,Byas,1,844.1889693133365,80.88989932794141,30.05558332279848,72.78124189998891,310.1364450762349,9898.248898398491,824.8540748665409,1116.8248062210698,669.1992116575716,906.3982908187376,1094.959665390753,91.24663878256274,4200.501124215128,992.2659301757812,7081.8984375,6089.632507324219,1061.1290246080368,33.93221333026135,78.8624758766904,311.78531181988046,-0.1746856444587156,0.1561064291440444,0.9234980218824006,244.5979138538389,0.2897430821120476,100,1861.9,1861.9,135.3,135.5,4,19.177556173564973,0.0,26.70498842202027,0.0721441953013183,0.001163616053247,25.483191566110847,15.542419623221122,0.3025401738442383,0.0,12.715996229883988,26.70498842202027,5,431.5407409667969,0.5111897414601522,143.84691365559897,163.32757568359375,132.30730371661295,18.58708378878924,146,0.1567271174180725,0.0220176814249397,1830,0.1247623165505512,2.1677610896628066,0.0147789560259278,38,0.0450136182552932,7.598875615147943
NP0775402,Sudur Paschim,Darchula,Duhun,0,65.75046630451753,80.61567847073854,29.885609153511847,106.9446845405242,544.943473815918,14544.477097511292,1212.039758125941,1716.3763560056686,1084.071667584506,1575.2245254516602,1766.73941385746,147.22828448812166,2222.103691531022,899.6172485351562,3595.22998046875,2695.6127319335938,572.494469981073,33.38279176001931,69.97665165871653,273.11874919056646,-0.351420555869243,0.0191475934754413,0.9540214934743064,24.741907088551034,0.3763001006557285,8,1814.8,1814.8,161.0,3271.8,1,65.77611940298507,0.0,31.19402985074627,1.9402985074626864,0.0,0.9552238805970148,0.0,0.1343283582089552,0.0,0.0,65.77611940298507,2,0.0,0.0,0.0,0.0,73.0392008287076,16.826589499300827,108,1.1108544917450918,0.2559158960389718,1580,0.1236451887230031,24.03024782641644,0.1880521852884682,25,0.3802254402913994,1.1038721723800775
NP0775403,Sudur Paschim,Darchula,Apihimal,1,617.4958254981822,80.90537048881758,29.860531038876623,97.46829668777372,412.9169669773268,13255.688349537228,1104.640695794769,1427.669287018154,881.087557374253,1188.0894364066746,1462.0205360080886,121.83504466734072,3664.243098261969,1212.080078125,6800.669921875,5588.58984375,939.1760581088432,34.74916883912321,76.39198999633186,231.3610896348924,-0.0656240566157351,-0.0524600024894533,0.2320460065524122,195.8065272349255,0.3170977343481684,83,1823.9,1823.9,229.6,229.6,2,35.579028108470894,0.0,33.977851995078225,0.1150545710222279,0.0015979801530864,8.079387654005338,9.084517170296746,0.1038687099506224,0.0,13.058693811022868,35.579028108470894,5,5922.953934907913,9.591893079000824,13.10388038696441,916.140869140625,108.550848057435,0.0,84,0.1757920354681888,0.0,1480,0.0890712900798608,2.396777336601374,0.0144245979327876,50,0.080972207317614,0.700900106862058
NP0775404,Sudur Paschim,Darchula,Malikarjun,1,101.46904714490458,80.4349381443595,29.733297226185798,126.2298801260836,719.509033203125,17167.26369714737,1430.6053080956142,2049.796031475067,1312.6618398030598,1888.2714131673176,2089.2500640551248,174.10417200459372,1366.86187169068,558.44287109375,2813.385498046875,2254.942626953125,427.25678572463454,31.66358591458083,68.48258591412693,269.51655882223736,-0.21192228451649,-0.0017881664421811,1.8394444134530337,30.13550736117111,0.2969921193616374,13,1763.4,1763.4,162.4,6198.6,1,86.3649663513118,0.0,10.796839949283136,1.9116356188432653,0.0,0.1170389154393836,0.0,0.8095191651224031,0.0,0.0,86.3649663513118,2,0.0,0.0,0.0,0.0,160.73125439816494,34.74038935073603,194,1.5840422170184565,0.3423742542996825,2505,0.1688865341911256,24.68733146200429,0.1664414310996183,94,0.9263908812089436,0.1230775892406298
NP0775405,Sudur Paschim,Darchula,Naugad,1,181.3766789769301,80.66497048786611,29.79398035080165,112.05906273395408,623.541259765625,15240.032531817757,1270.002710984813,1793.0272398789723,1136.6270953091707,1645.4746704101562,1845.870849053065,153.8225707544221,2339.370120557839,878.8782348632812,3845.051513671875,2966.1732788085938,582.7983243212253,35.81902101767782,72.7942088482552,188.66278021642572,-0.0191349507734704,-0.1255930619524527,0.6549568344211874,55.70533117323994,0.3071251027830611,29,1786.9,1786.9,206.6,206.6,1,72.22584856396867,0.0,26.81679721496954,0.5167536988685815,0.0054395126196692,0.3862053959965187,0.0,0.0271975630983463,0.0,0.0217580504786771,72.22584856396867,2,0.0,0.0,0.0,0.0,135.24534422533463,26.48886904434277,194,0.7456600539176095,0.1460434119411348,2544,0.1553749449589334,14.02605899694293,0.0856642352453129,49,0.2701560105543253,0.3598505581238698
NP0775406,Sudur Paschim,Darchula,Lekam,1,84.51977758274151,80.45689329039044,29.659631496410856,122.6632646830643,647.8433990478516,16682.203996896744,1390.183666408062,1884.756592750549,1176.837924263694,1650.0490417480469,1944.069223165512,162.005768597126,1108.4549334393755,524.0,1940.8538818359373,1416.8538818359375,283.2730460163155,30.83058040504172,72.12659293709822,165.78982062599738,0.0253214463389051,-0.0999946746673274,1.3634249561764529,19.697998628627666,0.2330578616270506,8,1763.2,1763.2,101.9,1585.1,1,78.99522088821541,0.0,17.985779228348292,1.7834246415666162,0.0116563702063177,0.3963165870148035,0.0,0.8276022846485604,0.0,0.0,78.99522088821541,2,3370.115478515625,39.87369080824208,1123.371826171875,1253.7547607421875,143.6063211496651,21.804542236177085,151,1.6990854123945156,0.2579815382835254,3068,0.1924845542847563,36.29919632711468,0.2277390686414449,96,1.1358288290101073,0.4343703067265146
NP0775407,Sudur Paschim,Darchula,Marma,1,209.288395541884,80.81973815167844,29.739300373260548,105.668172470787,547.2391510009766,14370.871456027033,1197.5726213355858,1644.0318557620049,998.1710968884556,1440.1281852722168,1704.114412128925,142.0095343440771,2387.652029781272,851.5910034179688,4869.935546875,4018.3445434570312,839.024901130625,36.06728747475507,73.18146973946398,336.42157303342896,-0.0558063141142358,0.1278668166784728,0.031498567581535,71.40309821068374,0.3411708423957703,24,1810.6,1810.6,166.2,729.8,1,66.03889071990207,0.0,29.954329299872875,0.4378737228683083,0.0094166392014689,1.5396205094401807,0.0047083196007344,0.1694995056264419,0.0,1.8456612834879231,66.03889071990207,2,14.268873929977415,0.0681780463414267,3.5672184824943542,4.319684505462647,98.08982350183165,1.3933688397533812,154,0.4686825719498688,0.0066576497762606,1836,0.1230463129100158,8.772583856100944,0.0587927068729384,38,0.1815676397232221,1.058854535781263
