adm3_pcode,adm1_name,adm2_name,adm3_name,flood_label,area_km2,centroid_lon,centroid_lat,chirps_monthly_mean_mm,chirps_monthly_max_mm,chirps_total_mm_available_period,chirps_mean_annual_total_mm,chirps_max_annual_total_mm,chirps_mean_monsoon_total_mm,chirps_max_monsoon_total_mm,chirps_latest_12_month_total_mm,chirps_latest_12_month_mean_mm,elevation_mean_m,elevation_min_m,elevation_max_m,elevation_range_m,elevation_std_m,slope_mean_degrees,slope_max_degrees,aspect_mean_degrees,aspect_sin_mean,aspect_cos_mean,nearest_river_distance_km,river_length_km,river_density_km_per_km2,river_intersection_count,hybas_dist_sink,hybas_dist_main,hybas_sub_area_km2,hybas_up_area_km2,landcover_tiles_used_count,lc_10_tree_cover_percent,lc_20_shrubland_percent,lc_30_grassland_percent,lc_40_cropland_percent,lc_50_built_up_percent,lc_60_bare_sparse_vegetation_percent,lc_70_snow_and_ice_percent,lc_80_permanent_water_bodies_percent,lc_90_herbaceous_wetland_percent,lc_100_moss_and_lichen_percent,dominant_landcover_percent,landcover_classes_over_5_percent,worldpop_population_sum,worldpop_population_density_per_km2,worldpop_population_mean_pixel_value,worldpop_population_max_pixel_value,osm_road_length_km,osm_major_road_length_km,osm_road_segment_count,osm_road_density_km_per_km2,osm_major_road_density_km_per_km2,osm_building_count,osm_building_footprint_area_km2,osm_building_density_per_km2,osm_building_footprint_percent,osm_place_count,osm_place_density_per_km2,osm_nearest_place_distance_km
NP0101301,Koshi,Taplejung,Phungling,1,125.0904565,87.71192263,27.38089662,159.2533486,548.3089701,21658.45541,1804.871284,2126.188172,1525.204448,1773.261627,2131.870922,177.6559102,1840.70472,538.7490234,3792.382568,3253.633545,657.2129122,26.39537868,65.08609294,287.7065856,-0.231552935,0.073927294,0.915902714,43.88842258,0.350853485,22,923.2,923.2,280.7,2078,1,83.84658232,0,15.07121827,0.143232275,0.350123339,0.127317578,0,0.461526219,0,0,83.84658232,2,13042.99261,104.2684868,157.1444893,1454.526367,316.2485037,21.95717367,422,2.528158523,0.175530366,8122,0.472886837,64.92901399,0.378035903,59,0.471658683,0.489154525
NP0101401,Koshi,Taplejung,Phaktanlung,1,1851.011109,87.89689923,27.70286473,117.2820571,509.7975355,15950.35977,1329.196647,1552.11811,1122.026462,1244.126791,1541.675388,128.472949,4538.562634,837.5011597,8553.610352,7716.109192,1265.207133,31.41478906,81.0206177,189.0798398,-0.014891871,-0.093182996,0.523145612,601.7855298,0.325111787,283,951.9,951.9,471.2,746.3,1,23.82485964,0,14.69931861,0.009186061,0,19.46472282,30.78249029,0.41229203,0,10.80713054,30.78249029,5,1670.268396,0.902354604,185.5853774,1506.932007,452.4276764,0,447,0.244421913,0,3419,0.187706418,1.847098585,0.01014075,57,0.03079398,6.074782832
NP0101402,Koshi,Taplejung,Mikwakhola,0,441.3382794,87.62769468,27.58343189,129.3589997,540.1032837,17592.82396,1466.068664,1756.251047,1204.285291,1372.134634,1687.618981,140.6349151,3530.944187,659.2775879,5771.32666,5112.049072,1075.928525,30.16302216,73.5132649,209.5848798,-0.087606208,-0.154309618,1.32942356,146.4823056,0.331904828,77,935.9,935.9,339.8,339.8,1,53.4330787,0,16.71563531,0.004520183,0,9.19405144,1.857795055,0.650906297,0,18.14401302,53.4330787,4,0,0,0,0,108.90442,0,94,0.246759516,0,2024,0.106019664,4.586051323,0.024022313,45,0.101962604,5.773311106
NP0101403,Koshi,Taplejung,Sirijanga,1,479.109261,87.94627072,27.47591261,128.2714092,480.1829071,17444.91165,1453.742638,1689.29679,1225.76207,1394.973245,1716.842016,143.070168,3383.860146,748.800293,8494.299805,7745.499512,1417.815507,31.77000398,74.28066186,235.9857099,-0.118256332,-0.079807823,0.208007576,177.8882049,0.371289431,71,947.3,947.3,168.6,168.7,1,56.72677128,0,12.88731953,0.004178768,0,8.81302104,12.00142078,0.142078101,0,9.425210505,56.72677128,5,488.9375681,1.020513707,4.040806348,8.735971451,233.1175348,6.200116977,198,0.486564452,0.012940925,5554,0.285749938,11.59234532,0.059641915,78,0.162802113,2.884126805
NP0101404,Koshi,Taplejung,Meringden,1,209.5804126,87.54492331,27.4653726,147.7313612,523.9359779,20091.46512,1674.28876,1993.669179,1360.730524,1507.225117,1960.952879,163.4127399,2633.888304,634.3582764,4687.342773,4052.984497,938.0144367,30.64413026,70.41768303,100.8794552,0.296672609,-0.057019823,0.784910991,78.8378063,0.376169726,37,935.7,935.7,146.3,146.4,1,77.38894444,0,17.81174118,0.019044898,0.023806123,0.219016331,0.004761225,0.133314288,0,4.399371518,77.38894444,2,0,0,0,0,125.3155023,0,140,0.597935183,0,2889,0.155671988,13.78468515,0.074277928,59,0.281514858,3.365592096
NP0101405,Koshi,Taplejung,Maiwakhola,1,137.3407459,87.51318682,27.37356638,139.3120701,471.6578598,18946.44153,1578.870128,1883.341166,1260.060862,1403.606483,1899.018209,158.2515174,2287.853343,700.2410278,4436.004395,3735.763367,695.7810399,27.83093948,63.42896406,52.53122495,0.324643809,0.248826979,0.867026281,37.68841693,0.274415409,13,922.1,922.1,198.1,198.1,1,79.49317169,0,19.85686117,0.240999051,0,0.175272037,0,0,0,0.233696049,79.49317169,2,0,0,0,0,120.2755342,0,89,0.875745456,0,2882,0.15864626,20.98430426,0.115512887,44,0.320371057,0.437347165
NP0101406,Koshi,Taplejung,Aatharai Tribeni,1,88.50217603,87.61926369,27.30950115,137.9744797,495.6617228,18764.52924,1563.71077,1823.705425,1264.808348,1487.78948,1883.686181,156.9738484,1532.070336,495,2938.453613,2443.453613,541.1211315,24.75162846,64.33494783,57.02921806,0.377296563,0.244745798,1.131372183,17.54556651,0.198250114,10,909.4,909.4,112.7,2969.9,1,82.61211644,0,15.5220861,1.449926942,0,0.056198719,0,0.359671799,0,0,82.61211644,2,0,0,0,0,161.76867,0,109,1.827849633,0,4806,0.265353557,54.30374953,0.299827155,55,0.621453646,0.1871472
NP0101407,Koshi,Taplejung,Pathivara Yangwarak,0,92.40500433,87.75239723,27.31524053,135.7122299,465.3353475,18456.86327,1538.071939,1812.718651,1270.812675,1519.817301,1841.229588,153.435799,1480.180755,511.1878662,2844.475342,2333.287476,510.0485657,30.06965055,68.20212686,192.8564557,-0.054452259,-0.238584127,1.158218566,36.96965628,0.400082837,15,916.8,916.8,106.5,106.6,1,75.67333694,0,23.69929692,0.194699838,0.010816658,0.248783126,0,0.173066522,0,0,75.67333694,2,2165.923442,23.43946042,25.78480288,46.07123947,178.0622891,9.024655754,211,1.926976687,0.097664145,4957,0.227887112,53.6442808,0.246617716,65,0.703425106,0.079655181
NP0101408,Koshi,Taplejung,Sidingba,1,205.1467138,87.94162809,27.35221122,130.2440353,462.4040782,17713.1888,1476.099067,1716.015099,1250.998622,1470.303001,1758.4684,146.5390334,2388.020712,712.6199951,4651.896973,3939.276978,813.9529863,33.03145939,74.0386038,241.8135803,-0.158124417,-0.084737321,1.54854775,67.85654688,0.330770821,36,934.7,934.7,112.7,112.8,1,78.17340477,0,20.69654165,0.048709206,0,0.32148076,0,0.07793473,0,0.681928885,78.17340477,2,6.906256199,0.033664961,3.453128099,3.457484245,140.3450067,0,167,0.68412018,0,3699,0.195404195,18.03099807,0.095250951,61,0.29734817,2.764255343
NP0102301,Koshi,Panchthar,Phidim,1,191.7389863,87.79926982,27.11684446,147.882125,552.090223,20111.969,1675.997416,2018.674517,1371.456798,1688.093946,1974.08724,164.50727,1640.244863,408.5,3193.041748,2784.541748,584.0802393,27.74366454,69.00923677,317.3237001,-0.186906416,0.202716726,0.960126067,77.29921929,0.403148159,28,894.1,894.1,111.2,111.2,1,80.82320905,0,15.38542103,3.414327608,0.308965228,0.015710096,0,0.052366988,0,0,80.82320905,2,14748.14122,76.91780115,254.2782969,634.430481,588.6967748,70.07828408,629,3.070302948,0.365487924,20731,0.942336544,108.120943,0.491468408,20,0.104308468,2.584149556
NP0102401,Koshi,Panchthar,Hilihan,1,122.53455,87.76258172,27.22132223,135.2647989,470.9513916,18396.01265,1533.001054,1820.411413,1231.51594,1501.240094,1833.173172,152.764431,1159.512825,416.5,2504.78833,2088.28833,414.1488586,27.04229643,66.95894262,238.6971952,-0.220603665,-0.134143923,0.284901001,24.32849707,0.198543978,10,887.5,887.5,169.1,4032.5,1,75.72174197,0,21.89691731,1.410862828,0.040776382,0.236503017,0,0.693198499,0,0,75.72174197,2,148.1225433,1.208822681,37.03063583,43.56109619,388.4919352,70.20726142,322,3.170468534,0.572958903,10496,0.452558821,85.65747372,0.369331606,23,0.187702162,1.800584032
NP0102402,Koshi,Panchthar,Yangbarak,1,207.4984229,87.95131371,27.28222594,131.8943494,467.9692307,17937.63152,1494.802627,1773.116465,1245.338789,1504.517498,1795.234814,149.6029012,2292.54598,612.8718262,4634.76416,4021.892334,799.2887453,29.90268587,68.87877331,325.6206159,-0.233074859,0.340660126,0.178698961,67.48389076,0.325226042,29,935.6,935.6,181,181,1,80.68835501,0,18.0693189,0.22236187,0.029003722,0.188524194,0,0.024169768,0,0.778266544,80.68835501,2,0,0,0,0,283.6149053,73.71644436,222,1.366829209,0.355262673,6005,0.293448525,28.939979,0.141422051,68,0.327713334,0.558628883
NP0102403,Koshi,Panchthar,Falelung,1,206.2895612,87.9264956,27.17318618,152.4265086,583.5657872,20730.00517,1727.500431,2102.009182,1415.772619,1767.202157,2049.150857,170.7625714,2256.711648,885.0131836,3587.5979,2702.584717,548.2486865,29.26100632,67.20285261,286.7530097,-0.130578621,0.039307185,1.354867701,70.01771056,0.339414705,33,894.1,894.1,238.3,238.3,1,85.52222869,0,14.03125607,0.441661813,0.004853427,0,0,0,0,0,85.52222869,2,0,0,0,0,393.5193424,32.43674837,381,1.907606668,0.157238923,11631,0.530171182,56.38191255,0.257003398,5,0.024237775,2.108644179
NP0102404,Koshi,Panchthar,Kummayak,0,128.8196565,87.6301595,27.06792715,132.7466477,526.7303284,18053.54409,1504.462007,1780.297533,1247.917082,1487.681946,1754.372941,146.1977451,1094.547283,351,2357.281494,2006.281494,357.115208,26.12057338,60.98934669,274.221301,-0.168771098,0.012456859,2.047407467,30.31535205,0.235331726,9,867.3,867.3,44.4,4958.5,1,65.84320449,0,25.05455112,8.268391521,0.007793017,0.187032419,0,0.639027431,0,0,65.84320449,3,42.68193054,0.331330883,42.68193054,42.68193054,316.2999122,83.02078901,267,2.455369939,0.644472988,2484,0.149257026,19.28277149,0.115865102,6,0.046576743,1.693736064
NP0102405,Koshi,Panchthar,Falgunanda,1,107.1143616,87.73910455,27.04958043,139.9247627,595.6220703,19029.76773,1585.813977,1894.264209,1333.698662,1599.312309,1833.00824,152.7506867,1643.887273,605.0279541,2986.446533,2381.418579,424.4672159,25.66821903,58.47346811,313.7148661,-0.146681181,0.140244413,0.149562762,28.66396442,0.267601506,13,884.9,884.9,179.2,179.2,2,77.42085661,0,10.94040968,11.48044693,0.148975791,0.009310987,0,0,0,0,77.42085661,3,13076.79279,122.0825349,726.4884881,4595.61377,257.2877817,25.79791042,307,2.401991459,0.240844552,8253,0.336375783,77.04849171,0.314034251,9,0.084022346,3.905797173
NP0102406,Koshi,Panchthar,Tumbewa,0,116.9247729,87.57888915,26.9817836,142.913134,632.1629028,19436.18623,1619.682186,1935.493758,1353.878966,1560.861553,1895.961065,157.9967554,1125.622143,330.5,2205.324707,1874.824707,403.068008,27.09653063,61.2732884,283.9839447,-0.119618215,0.02978857,0.982124916,36.56983946,0.312763827,16,854.4,854.4,201.6,201.7,2,72.59475219,0.008574859,15.30612245,11.5331847,0.008574859,0.188646887,0,0.360144058,0,0,72.59475219,3,2503.441595,21.41070307,47.23474708,87.74159241,296.5897821,15.10630096,261,2.536586342,0.129196753,2870,0.150845086,24.54569659,0.129010373,1,0.008552508,1.362884802
NP0102407,Koshi,Panchthar,Miklajung,1,165.9923024,87.62542256,26.92420319,154.6849951,803.9411795,21037.15934,1753.096611,2145.442932,1484.166959,1689.577602,2002.564533,166.8803777,1487.329671,428.9341125,2407.444824,1978.510712,376.3390458,26.60734704,63.70399019,325.5816818,-0.125067553,0.182531339,0.714039953,65.67176623,0.395631395,30,854.4,854.4,201.6,201.7,2,86.77660988,0,4.729974628,8.35447626,0.126857557,0.006040836,0,0.006040836,0,0,86.77660988,2,10143.50695,61.1082972,123.7013042,1893.07373,401.6435183,44.3269426,512,2.419651469,0.267042158,13040,0.569949942,78.55785969,0.343359261,20,0.120487515,1.192744968
NP0103301,Koshi,Ilam,Deumai,1,191.0004635,87.82985371,26.92115829,148.0362958,784.63671,20132.93623,1677.744686,2036.894282,1429.406132,1695.619359,1890.931046,157.5775872,1230.137547,221.4395599,2831.416504,2609.976944,478.7555203,23.16322366,57.97713838,228.1923088,-0.165592351,-0.148096653,0.026789452,59.49375367,0.311484865,29,688.8,688.8,108.6,288.6,2,88.85172216,0,4.390320389,6.360737992,0.10975801,0.282234882,0,0.005226572,0,0,88.85172216,2,18068.37666,94.59860111,602.2792221,4951.390625,645.3228967,34.2620993,1030,3.37864571,0.179382284,19403,0.728914728,101.5861409,0.381629821,10,0.052355894,2.415746776
NP0103302,Koshi,Ilam,Illam,1,172.6068029,87.90859813,26.93125542,160.0813412,879.5078278,21771.06241,1814.255201,2234.074714,1567.53333,1886.784534,2007.773906,167.3144922,1205.803965,287,3046.988037,2759.988037,522.5701028,23.32020032,58.52882658,131.5990436,0.177991315,-0.158022771,0.23313579,67.30087952,0.389908615,24,714.2,714.2,223.3,223.3,2,89.96179229,0,3.797614913,5.019103856,0.526803288,0.688896608,0,0.005789047,0,0,89.96179229,2,36267.87933,210.1184815,294.8608075,2152.171143,822.0554736,81.87489022,1476,4.762590233,0.474343356,29733,1.219375006,172.258564,0.706446667,11,0.063728659,1.70312788
NP0103303,Koshi,Ilam,Suryodaya,1,224.5406388,88.06848929,26.89061482,178.8252727,990.4312592,24320.23709,2026.686424,2531.219338,1784.366296,2151.638885,2213.494096,184.4578413,1378.288773,301.7062683,2732.746826,2431.040558,368.4476568,22.64470402,57.94568411,196.6910471,-0.030356114,-0.101239669,1.281001312,72.7008589,0.323775951,28,714.2,714.2,153.5,153.5,2,96.51095346,0,1.030651854,2.105920671,0.298933655,0.053540356,0,0,0,0,96.51095346,1,38284.29561,170.5005197,239.2768476,1343.35022,944.721078,45.64202437,1714,4.207350095,0.203268436,33665,1.366811353,149.9283167,0.608714467,20,0.089070736,0.508588036
NP0103304,Koshi,Ilam,Mai,1,263.0398671,87.86792598,26.76671821,180.4577381,1049.780174,24542.25239,2045.187699,2421.765622,1786.558198,2018.16861,2179.989244,181.6657703,319.4100778,115,1407.075806,1292.075806,156.6802559,17.13345774,60.17110521,70.07880596,0.016542931,0.00599538,0.218930467,99.34379633,0.377675816,46,635,635,384.9,1329.2,1,85.66835094,0.003827898,1.381871076,9.435767876,0.080385852,3.165671413,0,0.264124943,0,0,85.66835094,2,24557.75626,93.36134682,314.8430289,2444.077881,619.265249,8.901788708,1072,2.354263846,0.033841975,15795,0.572083676,60.04793181,0.217489342,9,0.034215346,2.174606371
NP0103401,Koshi,Ilam,Fakfokathum,0,108.3692072,87.74916017,26.96559412,161.0431279,816.4515788,21901.8654,1825.15545,2249.78182,1558.439128,1818.819326,2051.316346,170.9430288,1430.60768,523.0388184,2273.046387,1750.007568,350.9883131,22.72118894,56.34535006,137.2096237,0.21766775,-0.235138999,0.449354753,32.42223844,0.299183129,15,699.4,699.4,180.2,180.2,2,81.19878464,0,7.973483105,10.74486696,0.073658043,0.009207255,0,0,0,0,81.19878464,3,16941.22008,156.3287258,564.7073359,2089.029785,339.9606194,16.35763898,611,3.13705921,0.150943607,11436,0.474238357,105.528132,0.437613571,4,0.036910854,1.353902036
NP0103402,Koshi,Ilam,Sandakpur,0,155.35734,87.95452991,27.05042951,155.4807421,741.1377869,21145.38092,1762.115077,2203.884527,1488.918378,1869.368093,2021.447767,168.4539806,2188.445201,983.7209473,3613.465576,2629.744629,462.4869755,28.05190086,59.43060294,185.2414196,-0.026353149,-0.287271391,0.655914312,55.78207435,0.359056575,26,714.2,714.2,223.3,223.3,2,88.2607572,0,10.71197829,0.988499806,0.025843132,0,0,0.012921566,0,0,88.2607572,2,0,0,0,0,519.1570446,0,1035,3.341696278,0,12577,0.447836009,80.95529959,0.288261893,18,0.115861922,0.714348313
NP0103403,Koshi,Ilam,Mai Jogmai,0,135.1849088,88.01241039,26.9622852,168.8357812,915.7611816,22961.66624,1913.472186,2401.625659,1672.033656,2053.726202,2110.639193,175.8865994,1634.711677,502.7809448,3075.690674,2572.909729,539.6731029,24.03684851,58.67423109,212.2094629,-0.139988282,-0.222216219,0.716121742,45.50449095,0.336609251,22,714.2,714.2,223.3,223.3,2,91.2462908,0,5.185459941,3.345697329,0.044510386,0.178041543,0,0,0,0,91.2462908,2,11349.37624,83.95446163,420.347268,1326.598145,411.8728277,6.458893229,731,3.046736736,0.047778212,12761,0.798338656,94.39663138,0.59055309,1,0.007397275,1.184214307
NP0103404,Koshi,Ilam,Chulachuli,1,108.0449995,87.72247559,26.74743401,180.3183468,1007.97926,24523.29516,2043.60793,2453.763544,1762.793145,1974.703491,2147.576281,178.9646901,458.4404645,138.527771,2346.57373,2208.045959,423.537017,18.19988669,63.87318402,185.8701882,-0.02504372,-0.243582528,0.370481238,60.1181743,0.556417924,11,653.1,653.1,116.9,117,1,74.52365461,0,1.189701645,21.86076773,0.055767265,2.342225114,0,0.027883632,0,0,74.52365461,2,16934.92339,156.7395388,60.05291981,440.6100464,273.3836498,5.43873816,570,2.530275821,0.050337713,9066,0.417434686,83.90948256,0.38635262,1,0.009255403,3.590263835
NP0103405,Koshi,Ilam,Mangsebung,0,171.7479469,87.72799123,26.83186252,159.1768144,871.6496073,21648.04676,1804.003897,2198.611253,1542.282453,1760.083694,1982.239931,165.1866609,807.2762737,188.0489655,2076.579346,1888.53038,467.8168788,24.98966726,61.14314961,115.0195322,0.150771519,-0.070368498,1.083073812,47.55225939,0.27687236,14,635,635,384.9,1329.2,1,93.24815379,0,2.643300903,3.698276873,0.046887821,0.363380612,0,0,0,0,93.24815379,1,15598.04761,90.81941231,1418.004328,7361.64502,324.0750153,25.05535181,475,1.886922208,0.145884433,8335,0.344099403,48.53042,0.200351392,8,0.046579887,1.967391589
NP0103406,Koshi,Ilam,Rong,0,154.3830869,88.07061643,26.80301992,183.8826567,1013.213159,25008.04131,2084.003443,2544.950335,1838.034758,2140.250238,2195.608764,182.967397,747.6979588,219.0489197,1829.515991,1610.467072,350.5178306,24.48471682,63.17772118,175.9339922,0.00992824,-0.139667961,0.185526077,32.18578553,0.208479997,13,660.5,660.5,154.7,154.7,1,96.39827744,0,1.057027274,1.859585019,0.032624299,0.606811954,0,0.045674018,0,0,96.39827744,1,1249.106888,8.090956807,312.276722,531.4979248,460.4820123,13.20988013,731,2.982723183,0.085565591,8356,0.342569948,54.12509989,0.221896035,7,0.045341754,1.453131592
NP0104301,Koshi,Jhapa,Damak,1,70.59138051,87.67655775,26.67292191,205.4911028,1176.200684,27946.78998,2328.899165,2794.005176,2018.91938,2303.731303,2419.429461,201.6191218,136.8966682,97.83308411,220.8132935,122.9802094,21.91104589,1.737081491,31.16953847,197.9367842,-0.08543409,-0.263929574,0.466904192,13.68674674,0.19388694,3,653.3,653.3,189.8,189.8,1,24.61320085,0.014194464,1.802696948,61.51880767,8.94251242,2.824698368,0,0.283889283,0,0,61.51880767,3,64211.42134,909.6212722,54.50884664,199.6217346,561.8786723,29.30461616,2286,7.959593201,0.415130232,28551,2.248734179,404.4544787,3.185564814,5,0.070830177,1.34500307
NP0104302,Koshi,Jhapa,Shivasatakshi,0,144.8895319,87.82063327,26.61207351,189.9480053,1062.769767,25832.92872,2152.74406,2629.684804,1876.365841,2184.482928,2267.404578,188.9503815,123.756668,82,644.4234619,562.4234619,52.72009167,3.415432627,53.96155759,171.9083727,0.032258694,-0.226899085,1.28048651,40.93534786,0.282527988,14,628.9,628.9,155.5,155.5,1,27.04616453,0.03471017,3.373828532,65.35230823,0.867754252,1.527247484,0,1.79798681,0,0,65.35230823,2,54239.12628,374.3481367,51.02457787,208.6877899,699.499279,34.90051505,2094,4.827811022,0.240876719,24913,1.475120764,171.9447891,1.018100304,3,0.02070543,2.127929434
NP0104303,Koshi,Jhapa,Kankai,1,78.76899723,87.90547882,26.64044658,215.6446568,1280.619222,29327.67332,2443.972777,2938.526805,2155.554405,2442.372823,2566.123271,213.8436059,124.5745546,93.52844238,539.3458252,445.8173828,41.29280397,3.284365981,59.38980155,190.6687112,-0.042176646,-0.223883673,0.337982636,27.70834107,0.351767092,15,635,635,384.9,1329.2,1,30.40377022,0,1.018978474,62.20863584,2.725767418,2.840402496,0,0.802445548,0,0,62.20863584,2,31558.85797,400.6507519,44.01514361,139.0383148,412.6145141,41.17048582,1391,5.23828573,0.522673733,15074,1.005452973,191.369708,1.276457754,3,0.03808605,0.32650533
NP0104304,Koshi,Jhapa,Arjundhara,1,109.3979805,87.98421149,26.70451527,199.5465856,1173.936066,27138.33564,2261.52797,2746.811301,2005.831405,2315.299255,2341.710146,195.1425122,175.2777336,117.7294006,456.6659241,338.9365234,47.61760975,3.762609276,45.70743389,192.5791582,-0.066144065,-0.296417977,0.269198896,79.14281992,0.723439496,18,662.1,662.1,139,139,1,42.16280779,0,1.157662624,50.21131937,1.626240353,4.731716281,0,0.110253583,0,0,50.21131937,2,46459.18114,424.6804275,84.01298579,555.2386475,608.5021978,58.79936981,2244,5.562279987,0.537481309,21989,1.550401346,201.000054,1.417212035,22,0.201100604,1.418365678
NP0104305,Koshi,Jhapa,Mechinagar,1,191.7620542,88.1156532,26.6752713,202.7897167,1106.272496,27579.40147,2298.283456,2799.918177,2022.487227,2350.711169,2379.053082,198.2544235,159.2899776,87,672.0652466,585.0652466,64.7047436,2.838524902,42.71375888,174.4268682,0.030594227,-0.313537941,0.308173758,119.2607731,0.621920607,28,653.3,653.3,105.7,105.9,1,44.29312241,0,3.01712849,46.88072914,2.341417422,3.038080771,0,0.429521764,0,0,46.88072914,2,99940.98968,521.1718767,24.76238595,306.9745178,1007.284016,64.56470734,3349,5.252780691,0.33669178,42723,3.285586864,222.791731,1.713366535,35,0.182517861,1.463116868
NP0104306,Koshi,Jhapa,Gauradaha,1,149.3202789,87.70490565,26.5324854,190.8764052,969.75295,25959.1911,2163.265925,2758.763448,1856.579833,2262.308436,2268.098909,189.0082424,89.68878806,71.5,122.8921814,51.3921814,8.448716639,1.245602068,13.62536889,184.5385027,-0.014350763,-0.180790405,0.6091912,61.03436745,0.408748014,10,626.4,626.4,187.7,494.3,1,10.72008663,0,2.064158094,85.11775853,0.663237683,0.92717921,0,0.507579859,0,0,85.11775853,2,43393.57453,290.6073767,87.13569182,278.3399658,597.4659809,39.13567381,1797,4.001238046,0.262092156,17888,1.073523315,119.7961867,0.718940068,3,0.020091042,3.640884489
NP0104307,Koshi,Jhapa,Birtamod,1,77.91035912,87.99391897,26.60871528,204.2451835,1212.661702,27777.34495,2314.778746,2828.84677,2050.734862,2379.712941,2395.33335,199.6111125,112.6355909,91.50769043,143.709671,52.20198059,8.822363326,1.615755113,24.32958127,183.0892521,-0.010335293,-0.191500956,0.440400374,39.45522717,0.506418243,10,630.3,630.3,129.6,129.6,1,16.51046347,0,0.847348825,74.91333932,7.51059186,0.102708949,0,0.115547567,0,0,74.91333932,3,67265.73039,863.3733839,29.63248035,234.1698914,627.2312592,42.31758998,2713,8.050678579,0.543157424,19936,2.129719539,255.883816,2.733551177,5,0.064176318,1.251902971
NP0104308,Koshi,Jhapa,Bhadrapur,1,95.93365601,88.07419329,26.52426237,198.261732,1125.070394,26963.59555,2246.966295,2933.510835,1960.760623,2472.785522,2352.872407,196.0727006,88.21039036,67.06336975,135.6015625,68.53819275,10.64789568,1.775841287,27.79547982,155.8210111,0.050184705,-0.111775643,1.001040543,26.1831822,0.272930099,7,644.1,644.1,60.5,573.5,1,33.55942815,0,2.754878431,56.93415423,4.226233956,0.688719608,0,1.83658562,0,0,56.93415423,2,57131.78862,595.534362,41.01348788,232.0975037,622.4362696,63.94186998,2162,6.488195024,0.666521768,16883,1.453651147,175.9862045,1.515267121,6,0.062543223,2.857147519
NP0104401,Koshi,Jhapa,Kamal,1,104.1654344,87.73506491,26.61516686,197.0796708,1098.55658,26802.83523,2233.569603,2738.859497,1922.762703,2255.11409,2355.589123,196.2990936,115.919492,82.59268188,161.6112366,79.01855469,16.07174213,1.547358594,20.98681993,191.1050019,-0.045426756,-0.231435163,0.449841897,50.60648289,0.485827983,12,628.7,628.7,158.4,158.4,1,19.62607769,0,4.562627143,72.37237237,1.162452775,1.830863121,0,0.445606897,0,0,72.37237237,2,36968.42226,354.9010523,47.15359982,164.4346771,475.9193338,58.74351969,1275,4.568879656,0.563944461,15747,0.957100292,151.1729884,0.918827151,2,0.019200227,2.988301234
NP0104402,Koshi,Jhapa,Buddhashanti,0,79.42961138,88.06590577,26.73245709,193.2317505,1110.04893,26279.51807,2189.959839,2650.377154,1946.971172,2226.407918,2247.579531,187.2982943,259.2144375,134.93396,802.5672607,667.6333008,114.6379825,6.163278762,54.14411304,187.0898792,-0.047314926,-0.380414762,1.42066653,22.62415116,0.284832706,3,653.3,653.3,105.7,105.9,1,66.00101112,0.012639029,1.504044489,28.69059656,1.11223458,2.641557128,0,0.037917088,0,0,66.00101112,2,29532.92263,371.8125032,138.0043114,656.7944946,410.0825733,31.64464272,1107,5.162842499,0.398398559,11884,0.770939749,149.6167461,0.97059489,38,0.478411002,0.816514439
NP0104403,Koshi,Jhapa,Gauriganj,1,100.9574117,87.74825548,26.46446889,198.4552636,943.2388,26989.91585,2249.159654,2902.989151,1942.674352,2404.989204,2335.119217,194.5932681,74.7431575,62,95.26186371,33.26186371,4.665079945,1.065813125,20.00397563,175.8881514,0.0110085,-0.153132437,0.03358454,45.5108361,0.450792422,5,628.7,628.7,158.4,158.4,1,7.055184113,0.009979044,5.219040016,83.56451452,1.307254765,1.157569105,0,1.686458437,0,0,83.56451452,3,27731.37405,274.6838848,90.92253786,271.1254883,393.1891961,37.04941202,1168,3.894604561,0.366980605,11802,0.525317593,116.9007783,0.520335837,3,0.0297155,1.350375904
NP0104404,Koshi,Jhapa,Jhapa,1,93.73297832,87.86488155,26.51086054,198.7778552,1041.594727,27033.7883,2252.815692,2857.654473,1973.855663,2396.21965,2378.345959,198.1954966,83.52117472,70.1043396,104.5992432,34.49490356,5.905013499,0.894844563,19.27001718,192.4352852,-0.032765647,-0.148590326,0.29788352,24.33462738,0.259616496,7,635,635,384.9,1329.2,1,8.831140824,0,1.434116886,86.316584,1.369419884,0.46366185,0,1.585076558,0,0,86.316584,2,27866.87852,297.3006835,62.34201012,261.8083801,445.7627343,50.18517439,1215,4.755665959,0.535405738,15073,0.778950863,160.8078637,0.831031806,1,0.010668604,1.237017692
NP0104405,Koshi,Jhapa,Barhadashi,1,79.98571749,87.9284532,26.53445734,203.0638666,1109.759115,27616.68586,2301.390488,2858.310354,2033.956997,2409.44283,2433.388518,202.7823765,89.39843211,72,133.5462646,61.54626465,9.377629649,1.341132476,26.83630593,186.550893,-0.015628573,-0.136095332,0.136104793,23.37165553,0.292197861,6,630.4,630.4,138.6,381.3,1,12.57657207,0,1.912739092,82.44780598,0.987623453,0.812601575,0,1.262657832,0,0,82.44780598,2,26349.1441,329.4231136,44.06211388,179.305542,334.6123252,23.43957708,1000,4.183400934,0.293047032,10584,0.57667817,132.3236239,0.720976429,1,0.012502232,1.909697242
NP0104406,Koshi,Jhapa,Haldibari,1,116.8394878,88.00143282,26.51561441,199.7355855,1153.2229,27164.03963,2263.66997,2899.741686,1987.284672,2447.868213,2373.026793,197.7522328,97.70837665,74.5,146.8265076,72.32650757,12.11545676,2.917341354,27.36641925,185.5888293,-0.006281486,-0.064192413,1.393085071,44.3793564,0.37983183,14,630.3,630.3,129.6,129.6,1,53.85075647,0,0.658175912,45.11496709,0.282075391,0.09402513,0,0,0,0,53.85075647,2,25354.35567,217.001599,69.27419581,250.7455597,404.9335941,36.22925289,1070,3.465725517,0.310077129,10147,0.668637001,86.84563922,0.572269713,1,0.00855875,3.146307096
NP0104407,Koshi,Jhapa,Kachanakawal,1,109.1788081,87.99945827,26.42364318,207.0207769,1070.429718,28154.82566,2346.235472,3012.22411,2037.404592,2507.77758,2468.077628,205.6731356,69.50080814,55.43696213,112.5574417,57.12047958,5.80704454,1.288587683,23.45779249,167.6934352,0.030548661,-0.140031721,0.462307605,62.86847719,0.575830404,19,627.8,627.8,160.3,848.7,1,17.40611193,0.009204713,1.491163476,79.24337261,1.021723122,0.156480118,0,0.662739323,0.009204713,0,79.24337261,2,31576.77667,289.2207491,78.94194167,418.1347351,475.3942445,29.36957534,1417,4.354272159,0.269004359,11432,0.618302197,104.708965,0.566320706,9,0.08243358,1.252049744
NP0105101,Koshi,Morang,Biratnagar,1,76.75651389,87.27709847,26.44934656,156.4310454,814.5415039,21274.62218,1772.885181,2258.401007,1509.330855,1827.857869,1771.730611,147.6442176,70.4788045,59.35129547,88.43850708,29.08721161,5.337051839,1.302976529,17.27177099,183.8787794,-0.005122928,-0.075558202,2.306158658,23.65530814,0.308186328,4,639.9,639.9,177.4,415.7,1,10.97417071,0,1.389799397,59.27625541,28.05821424,0.144224466,0,0.157335781,0,0,59.27625541,3,171706.6818,2237.03075,42.48062391,169.6775818,812.960892,130.0543544,3664,10.59142542,1.694375471,56975,4.808087578,742.2822783,6.264077581,19,0.247535995,1.224242119
NP0105301,Koshi,Morang,Letang,0,218.4590302,87.51657514,26.7553958,172.1485511,955.190421,23412.20295,1951.016912,2319.699298,1677.721623,1900.300193,2078.968368,173.247364,528.2695006,123.6790237,1908.770508,1785.091484,395.4088489,15.60292326,61.82875211,180.143408,-0.000530784,-0.212063563,1.203717858,81.57450133,0.373408695,21,638.6,638.6,227.4,227.4,1,85.56270096,0,1.727147451,9.554432706,0.422599908,2.696371153,0,0.036747818,0,0,85.56270096,2,25767.95809,117.9532751,123.8844139,891.2872314,607.0191138,72.88928344,1647,2.778640523,0.333651959,14583,0.696847445,66.75393545,0.318983127,2,0.009155035,2.357894644
NP0105302,Koshi,Morang,Sundarharaicha,0,109.798122,87.34979171,26.65746092,160.3940872,876.1286469,21813.59586,1817.799655,2229.692944,1560.221944,1796.512978,1901.497605,158.4581338,126.7325559,93.5,200.6782837,107.1782837,21.27380062,1.873771417,22.9670062,199.8726605,-0.092378679,-0.255574249,0.536933412,61.3285018,0.558556929,8,641.9,641.9,100.4,100.4,1,40.67951411,0,0.849392639,51.38368801,5.525618778,1.534386702,0,0.027399763,0,0,51.38368801,3,77598.12196,706.7345101,29.66289066,293.4958496,588.3911102,46.4555666,1951,5.358844937,0.423099829,35353,2.416089614,321.9818277,2.200483551,2,0.018215248,3.398941776
NP0105303,Koshi,Morang,Belbari,1,132.3356662,87.43939486,26.62960761,172.8230687,955.2806193,23503.93734,1958.661445,2357.804118,1675.663233,1922.104568,2049.027864,170.752322,126.4965255,80,218.26651,138.26651,31.68733446,2.07532285,22.89311886,197.0751956,-0.072302512,-0.235385528,0.416141192,56.21536624,0.424793768,13,642.1,642.1,324.4,324.4,1,46.23386484,0,1.017463933,48.83067578,2.148823083,1.71602126,0,0.053151101,0,0,48.83067578,2,65022.6646,491.3464862,81.58427176,421.3264771,531.3042462,29.26639372,1615,4.014822771,0.221152729,28963,1.381044436,218.8601216,1.043592008,1,0.007556542,4.13452881
NP0105304,Koshi,Morang,Pathari Shanishchare,0,79.31935091,87.56510021,26.61180863,202.4283173,1075.980072,27530.25115,2294.187596,2762.499121,1988.921152,2283.134567,2427.233495,202.2694579,109.8684432,85.41356659,168.5191345,83.10556793,16.11671119,2.138065826,22.73935803,185.2007724,-0.016458119,-0.180817273,0.778186892,23.79702384,0.300015363,6,638.4,638.4,196.4,196.4,1,34.93715882,0,1.167957344,60.60683001,2.539037705,0.660149803,0,0.08886632,0,0,60.60683001,2,50543.55426,637.2159338,43.76065304,383.0384521,527.9134158,17.79995421,2168,6.655543821,0.224408722,25774,1.261695643,324.9396232,1.59065301,1,0.012607264,5.041130215
NP0105305,Koshi,Morang,Urlabari,1,74.33957562,87.62165619,26.64923887,220.7780417,1185.82015,30025.81367,2502.151139,2996.239168,2183.434825,2489.792979,2615.826558,217.9855465,119.7757225,90,163.6115265,73.61152649,15.21543153,1.34050103,17.66259815,182.4268432,-0.010813476,-0.255144616,1.533312848,45.49282008,0.611959642,9,653.1,653.1,116.9,117,1,17.42659992,0,1.840075768,71.01880666,4.803138953,4.505479637,0,0.405899066,0,0,71.01880666,2,40191.97444,540.6538053,20.63243041,212.9276733,458.6990916,24.6108616,1798,6.170321633,0.331060023,21972,1.460942679,295.5626235,1.965228704,1,0.013451785,2.294507497
NP0105306,Koshi,Morang,Rangeli,0,111.390257,87.47015666,26.49454435,172.344614,944.5526855,23438.86751,1953.238959,2417.986799,1673.894018,1981.913147,2054.973037,171.2477531,75.11791467,62.5,95.66248322,33.16248322,5.811680367,1.107530508,14.58803123,182.564327,-0.007104466,-0.158631907,0.882286779,19.05605175,0.171074673,5,638.6,638.6,227.4,227.4,1,13.88015452,0,2.416674153,80.83730123,2.183092265,0.395292427,0,0.287485401,0,0,80.83730123,2,45567.53808,409.0801057,74.33529867,375.5848694,446.3948048,20.80899849,1507,4.007485188,0.186811657,25605,0.95705699,229.867501,0.85919273,2,0.017954892,1.902882232
NP0105307,Koshi,Morang,Sunwarshi,1,106.0141535,87.5545828,26.48132195,180.8427385,925.1103821,24594.61244,2049.551036,2610.533701,1763.384417,2152.384232,2124.944011,177.0786676,75.97366767,62.5,99.95787811,37.45787811,6.783904515,1.047305242,14.27740209,204.353431,-0.063970612,-0.141327652,0.007966995,46.62770311,0.439825264,8,638.4,638.4,196.4,196.4,1,12.38248979,0.018991549,1.101509828,83.71474694,2.155540784,0.341847878,0,0.284873231,0,0,83.71474694,2,40085.85379,378.1179443,108.0481234,319.6660461,419.1811956,40.82865169,1267,3.954011627,0.385124536,21403,0.815092435,201.8881375,0.768852468,19,0.179221353,2.041947601
NP0105308,Koshi,Morang,Ratuwamai,1,141.6241383,87.61995376,26.47913138,193.1009199,959.1809204,26261.72511,2188.477092,2786.416324,1877.840499,2286.508807,2255.220308,187.9350257,78.41108705,61,104.7319565,43.73195648,8.668004851,1.076183965,18.61661464,186.5780525,-0.016284644,-0.141217826,0.119982111,44.98431902,0.317631723,7,612,612,153.2,456.4,1,10.91820171,0.021172983,2.110240666,82.83576823,1.411532218,1.722069306,0,0.981014892,0,0,82.83576823,2,44420.60556,313.6513739,103.06405,336.9114685,624.8995596,47.85341204,1911,4.412380311,0.337890225,24796,1.079632225,175.0831482,0.762322184,2,0.014121886,2.27863753
NP0105401,Koshi,Morang,Kerabari,0,219.0924038,87.40409315,26.78582865,144.7008226,760.717186,19679.31187,1639.942656,1976.611211,1400.161051,1599.913139,1789.876222,149.1563518,688.7752982,135.3955231,2040.738892,1905.343369,495.8506816,18.6265874,62.82571394,186.0676825,-0.029561386,-0.278097302,0.219202355,65.30511406,0.298071101,23,674.6,674.6,133.5,133.5,1,84.86377397,0,1.807173654,10.67791946,0.311897991,2.247500229,0.018346941,0.073387763,0,0,84.86377397,2,19479.43553,88.90968009,126.4898411,5240.09668,595.6198843,47.11261143,1708,2.718578436,0.215035349,14938,0.698750209,68.1812776,0.318929455,1,0.004564284,2.615043094
NP0105402,Koshi,Morang,Miklajung,1,158.3989715,87.61227115,26.78086706,173.1379023,982.4114624,23546.75471,1962.229559,2365.662074,1687.975337,1923.0362,2092.126032,174.343836,673.6358553,140.5522003,2402.43457,2261.88237,528.4971732,16.90675137,60.07236369,169.0905431,0.064194793,-0.333062768,0.689296142,66.01965626,0.416793465,19,662.6,662.6,192.3,192.3,1,78.37460317,0,1.987301587,16.45714286,0.419047619,2.73015873,0,0.031746032,0,0,78.37460317,2,20615.68761,130.150388,124.1908892,773.5671387,541.428662,17.07105567,1388,3.418132433,0.107772516,14210,0.636469572,89.71017844,0.401814208,14,0.088384412,1.352056727
NP0105403,Koshi,Morang,Kanepokhari,1,82.00709856,87.50035124,26.59642281,182.8300478,977.9983215,24864.8865,2072.073875,2510.075062,1778.069605,2052.722977,2214.501884,184.5418236,109.4911453,75.5,188.7566071,113.2566071,24.38300235,2.191463082,28.2239457,178.940803,0.004445853,-0.240464803,0.677784961,39.63982128,0.48337061,8,638.6,638.6,227.4,227.4,1,40.23255814,0,1.064871481,56.27906977,0.844553244,1.481028152,0,0.097919217,0,0,56.27906977,2,30292.64146,369.3904795,150.709659,393.9699707,390.3962913,27.16225677,1290,4.760518274,0.331218361,14080,0.724628686,171.692454,0.883617027,4,0.048776265,1.668507611
NP0105404,Koshi,Morang,Budhiganga,1,56.23141054,87.29809922,26.56132904,158.3212297,829.3468628,21531.68724,1794.30727,2226.389711,1530.486142,1769.267029,1864.748661,155.3957217,88.30893203,71.06025696,110.2654266,39.20516968,7.171041732,1.456890008,17.23426023,190.3621128,-0.028046377,-0.153383862,0.921560727,20.66502294,0.367499637,3,639.9,639.9,177.4,415.7,1,20.37269307,0,1.25425551,69.43200143,8.475183659,0.394194589,0,0.071671743,0,0,69.43200143,3,126313.4331,2246.314505,114.0012934,977.796875,326.763547,50.34449994,1200,5.811050155,0.895309213,16558,1.343292649,294.4617579,2.38886529,22,0.391240408,1.584586077
NP0105405,Koshi,Morang,Gramthan,0,71.599053,87.35536544,26.55384935,162.4911105,890.2532654,22098.79103,1841.565919,2267.805031,1570.928698,1838.867905,1882.737308,156.8947757,88.50283066,72.10710144,112.6983795,40.59127808,6.682589232,1.277774079,16.55412031,184.0234996,-0.012871551,-0.182993153,1.187104879,26.77942909,0.37401932,3,642.1,642.1,324.4,324.4,1,16.73843589,0,1.319627726,78.52479511,2.736491179,0.597305181,0,0.083344909,0,0,78.52479511,2,26662.68129,372.3887421,38.69765063,161.062561,281.8013304,15.95848979,682,3.935824827,0.222886884,16675,0.698210187,232.8941418,0.97516679,8,0.111733321,1.14004005
NP0105406,Koshi,Morang,Katahari,1,51.42249299,87.34324626,26.48710472,165.3522939,899.0579224,22487.91198,1873.992665,2311.067968,1601.94747,1874.918381,1916.269607,159.6891339,74.37326389,63.71327209,94.48464966,30.77137756,3.888983697,1.089082275,13.72954018,178.5067909,0.003728582,-0.143036647,0.465466131,30.69777827,0.596971801,5,642.1,642.1,324.4,324.4,1,10.43546489,0,3.785798352,78.65829737,5.84542958,0.902314633,0,0.372695175,0,0,78.65829737,3,21248.07233,413.2057995,23.34953003,119.9875488,218.3444539,14.94525018,587,4.246088456,0.290636438,15191,0.756757323,295.4154713,1.47164651,2,0.038893486,2.821398742
NP0105407,Koshi,Morang,Jahada,1,62.17302578,87.33279548,26.40571937,160.9232653,827.112793,21885.56408,1823.797007,2280.350809,1564.789103,1861.152786,1840.987243,153.4156036,64.14326784,56,81.72843933,25.72843933,3.253209939,1.348592321,15.14951415,177.3536181,0.003836365,-0.083000558,0.075202441,16.89573499,0.271753462,4,622.5,622.5,88.1,513,1,18.53705797,0,0.452123365,78.65331826,2.309058615,0.032294526,0,0.016147263,0,0,78.65331826,2,32619.433,524.6557103,42.80765486,144.587326,212.1464217,0,478,3.412193937,0,13896,0.470639453,223.5052875,0.75698335,1,0.016084146,5.68831077
NP0105408,Koshi,Morang,Dhanapalthan,0,70.02530583,87.40255927,26.45671813,171.713117,912.881958,23352.98391,1946.081992,2473.719362,1671.21028,2020.983348,2004.891429,167.0742858,69.08000023,59.76085663,89.57486725,29.81401062,4.011943892,1.155609097,15.6322079,178.7689125,0.002770695,-0.128930488,0.878192243,22.18458714,0.316808144,5,618.5,618.5,123.4,729.5,1,13.21187778,0,1.563620714,81.293932,3.127241429,0.573805767,0,0.229522307,0,0,81.293932,2,31906.1034,455.636759,52.04910832,182.2662201,255.9606138,8.367636399,661,3.655258777,0.119494464,14191,0.486558299,202.6553091,0.694832095,4,0.057122207,3.189215926
NP0106201,Koshi,Sunsari,Dharan,1,191.9955738,87.27438879,26.80083956,149.4834472,738.9151524,20329.74882,1694.145735,2032.0993,1481.051391,1672.586884,1859.217977,154.9348314,477.8024374,116.4995041,1792.429443,1675.929939,348.2313552,13.23376284,65.86802385,205.7300241,-0.144803864,-0.300477156,1.627252507,69.56279202,0.362314561,12,710.6,710.6,126.9,126.9,1,85.74328545,0.00520508,1.32209036,5.116593796,6.423068915,1.348115761,0,0.041640641,0,0,85.74328545,3,184962.2394,963.3672055,70.7312579,1375.910645,924.4995601,53.70512561,3688,4.815212881,0.279720644,49856,3.247638719,259.6726529,1.691517494,4,0.020833814,1.641813224
NP0106202,Koshi,Sunsari,Itahari,1,93.4793304,87.26489665,26.67268367,144.0328411,762.7882894,19588.46639,1632.372199,1981.070198,1430.758521,1630.164815,1744.090383,145.3408653,118.4309191,86.97727203,200.3052368,113.3279648,22.01566741,1.698547338,23.69743728,206.3430628,-0.114642167,-0.231522554,0.445766489,32.31170742,0.345656171,5,664.3,664.3,169.9,169.9,1,29.54813781,0,0.965976173,54.91037888,13.79199313,0.590318772,0,0.182462166,0.010733069,0,54.91037888,3,632314.016,6764.212081,128.5191089,859.2232666,679.7916279,39.82309733,2987,7.272106305,0.426009655,53110,4.593878612,568.1469879,4.914325543,12,0.128370624,1.424561351
NP0106301,Koshi,Sunsari,Barahachhetra,0,221.4141435,87.13344914,26.75467881,162.4341166,813.2112088,22091.03986,1840.919989,2222.119486,1628.645762,1871.023536,2023.770081,168.6475067,155.6203619,67.43769836,878.0581055,810.6204071,136.661775,4.845828743,58.14247537,238.8332011,-0.117927023,-0.071325778,0.887926186,38.11887761,0.172160988,16,710.6,710.6,117.2,117.3,1,39.78558125,0.027256621,5.842002453,38.84068505,1.521828011,4.579112343,0,9.394448735,0.00908554,0,39.78558125,4,260276.1283,1175.517174,185.9115202,1171.001831,709.5470599,84.34490039,1927,3.204614884,0.380937275,25422,1.509165858,114.8165135,0.681603187,8,0.036131387,0.636621999
NP0106302,Koshi,Sunsari,Ramdhuni,1,91.4154622,87.18051685,26.68755737,158.6691059,811.4370931,21578.9984,1798.249866,2177.60399,1581.241233,1800.512197,1952.917254,162.7431045,101.6770769,82,150.1382141,68.13821411,9.350163858,1.473953697,22.89285887,233.3669358,-0.17811109,-0.132436512,0.40410097,47.3953684,0.51846118,10,710.6,710.6,126.9,126.9,1,24.49136699,0,0.538876059,71.67051578,2.936324645,0.263939294,0,0.098977235,0,0,71.67051578,2,139964.3553,1531.079665,89.8936129,344.6116028,354.6223952,13.50449405,1104,3.879238661,0.147726585,19479,1.141406452,213.0821147,1.248592333,2,0.021878137,2.586428853
NP0106303,Koshi,Sunsari,Inaruwa,1,77.68210764,87.1623054,26.60703764,150.9930498,793.4757284,20535.05477,1711.254564,2080.473995,1482.570513,1698.099284,1844.754063,153.7295053,86.43379636,73.00299072,107.2367554,34.23376465,4.836397961,1.244920254,16.7437861,207.2761277,-0.067173155,-0.130278758,0.709569664,30.34205785,0.390592619,5,664.3,664.3,169.9,169.9,1,19.82282706,0,0.924380537,73.06457825,5.969957633,0.192579278,0,0.025677237,0,0,73.06457825,3,239347.1416,3081.110295,67.10040414,364.3123474,355.965247,24.44063497,960,4.582332506,0.314623737,20014,1.191247402,257.6397656,1.533490064,52,0.669394814,0.559809282
NP0106304,Koshi,Sunsari,Duhabi,1,67.54169384,87.24637228,26.55448087,153.9193357,804.8054504,20933.02965,1744.419137,2143.908968,1492.702667,1753.318695,1820.334098,151.6945082,84.56764293,68.96520996,106.7575302,37.79232025,6.579267141,1.265667985,16.26770856,206.3880365,-0.064801642,-0.130610532,0.371766494,19.18329313,0.284021499,6,639.9,639.9,177.4,415.7,1,15.52491103,0,1.290035587,76.2455516,6.494661922,0.355871886,0,0.088967972,0,0,76.2455516,3,615020.6461,9105.792454,227.3643793,1236.334351,328.8340304,40.46637286,1015,4.868607992,0.599131745,17537,1.344213465,259.647027,1.990198038,59,0.873534504,0.371589471
NP0106401,Koshi,Sunsari,Koshi,0,75.77210139,87.00706099,26.56706344,146.8699966,675.1136169,19974.31954,1664.526629,2122.752985,1427.222972,1695.797348,1762.217377,146.8514481,79.31815054,70.5,94.40254211,23.90254211,3.209608007,1.028225985,14.69469557,189.277979,-0.010612572,-0.064963667,1.994071624,21.36468167,0.281959735,7,757.9,757.9,47.8,55749,2,18.08426073,0,12.3608903,54.53100159,4.319024907,2.927927928,0,7.604663487,0.172231055,0,54.53100159,4,172955.241,2282.571524,159.2589696,483.5348511,239.9139669,19.76691221,715,3.166257271,0.260873222,11161,0.557191757,147.2969575,0.735352125,4,0.052789878,6.57308265
NP0106402,Koshi,Sunsari,Bhokraha Narsingh,0,63.18533636,87.0975926,26.59175437,150.6557207,746.9936523,20489.17801,1707.431501,2148.470893,1462.610663,1726.891418,1838.81955,153.2349625,81.71837773,74.5,104.0574646,29.5574646,3.572044899,1.245220418,19.15465719,180.8599815,-0.001363145,-0.090811957,1.295882753,32.18265237,0.509337359,3,689.8,689.8,180.4,424.7,1,24.65579997,0,0.569710397,70.4383605,4.25700269,0.063301155,0,0.015825289,0,0,70.4383605,2,166586.5121,2636.474247,40.2480097,362.2277527,213.9280247,5.593771027,459,3.385722654,0.088529576,10408,0.598428764,164.721763,0.947100701,10,0.158264569,0.917551433
NP0106403,Koshi,Sunsari,Gadhi,1,66.86561921,87.19659734,26.56059755,150.4278121,781.2640584,20458.18244,1704.848537,2102.155425,1458.730724,1702.73823,1791.177367,149.2647806,82.16371018,69.42977142,110.2411118,40.81134033,6.413392426,1.091332413,16.46903421,206.5857122,-0.072391913,-0.144653396,0.698583327,18.58719067,0.277978293,6,664.3,664.3,169.9,169.9,1,12.43259437,0,0.359496705,85.59017376,1.587777112,0.029958059,0,0,0,0,85.59017376,2,128996.1093,1929.184397,123.4412529,332.9349365,247.9729551,3.737738706,651,3.708527013,0.055899261,12172,0.546156239,182.0367499,0.816796801,35,0.52343791,0.674700241
NP0106404,Koshi,Sunsari,Harinagar,1,52.14188243,87.11334503,26.49873272,153.7223001,771.1912842,20906.23281,1742.186067,2192.037234,1481.677383,1773.540863,1791.267485,149.2722904,74.71968377,68.91448975,90.14044189,21.22595215,2.749698842,1.315806794,14.56108373,169.0154062,0.013366308,-0.068862547,1.537458515,8.800910089,0.168787732,2,674,674,106.9,531.6,1,20.0038432,0,0.403535742,73.25134512,6.225980015,0.096079939,0,0.019215988,0,0,73.25134512,3,220257.9959,4224.204912,162.5520265,568.2677002,163.3151362,6.448293866,340,3.132129655,0.123668222,10940,0.579462099,209.8121412,1.11131795,5,0.095892203,0.976128734
NP0106405,Koshi,Sunsari,Dewangunj,1,53.40158019,87.15053963,26.45243753,156.1449016,785.7220459,21235.70661,1769.642218,2290.924205,1506.3735,1876.000183,1767.481966,147.2901639,70.75639689,62.5,85.75508881,23.25508881,2.658965622,1.506816338,14.15345116,145.3499044,0.031763537,-0.045957848,0.954806442,11.37486929,0.21300623,6,639.9,639.9,152.9,322.6,1,24.41287879,0,0.227272727,70.35984848,4.943181818,0.056818182,0,0,0,0,70.35984848,2,134600.2198,2520.528781,142.2835305,521.7241821,214.3265944,13.7332557,484,4.013487872,0.257169463,9589,0.463883081,179.5639748,0.868669204,3,0.056178113,1.20973277
NP0106406,Koshi,Sunsari,Barju,0,69.21487152,87.20593214,26.45952443,160.3008582,832.5358887,21800.91671,1816.743059,2319.687383,1542.028224,1894.160436,1814.786443,151.2322036,69.99934037,62.36268616,87.96218109,25.59949493,2.833105057,1.157255237,19.02707588,208.4239416,-0.037926585,-0.070073749,0.837740274,22.86125798,0.330294017,11,639.9,639.9,152.9,322.6,1,12.36231884,0,0.507246377,84.7826087,2.115942029,0.043478261,0,0.130434783,0.057971014,0,84.7826087,2,151974.7693,2195.695318,213.4477097,394.2770386,316.0443055,21.68581033,761,4.56613295,0.313311429,11418,0.52144748,164.9645481,0.753374916,4,0.057791049,1.490758546
NP0106595,Koshi,Sunsari,Koshi Tappu,0,66.8340852,87.02307424,26.65248215,153.9537858,703.3126526,20937.71487,1744.809572,2160.124179,1512.214389,1774.224854,1884.890028,157.074169,86.25105745,79,101.4077911,22.40779114,3.805419071,0.972879704,16.11505406,345.9622137,-0.046859105,0.187414971,0.814837352,41.59232126,0.622321995,5,764.7,764.7,153.8,1120.2,2,20.10723861,0.074471254,7.670539172,18.03693774,0,9.100387251,0,44.98063747,0.029788502,0,44.98063747,5,0,0,0,0,30.07905381,24.3543896,23,0.450055592,0.364400733,13,0.000339377,0.194511527,0.000507791,0,0,2.819517362
NP0107301,Koshi,Dhankuta,Mahalaxmi,1,128.9713165,87.33002401,27.13697431,108.891034,433.8334859,14809.18063,1234.098386,1451.861879,994.9748447,1166.109108,1476.991465,123.0826221,1210.432911,231.5,2665.932617,2434.432617,580.5410104,23.51300288,67.64100885,272.3697894,-0.354381539,0.014665806,0.024490115,37.8210245,0.293251442,11,848.9,848.9,178.1,29059.5,1,84.27634118,0,6.553454265,8.606715554,0.115785411,0.131223466,0,0.316480124,0,0,84.27634118,3,757.4875488,5.873302446,757.4875488,757.4875488,338.9506972,60.44523866,246,2.628109151,0.468671952,4122,0.190912036,31.96059489,0.14802674,13,0.100797606,2.774816444
NP0107302,Koshi,Dhankuta,Pakhribas,0,143.8416227,87.25176857,27.0524642,85.15297466,362.6868591,11580.80455,965.0670461,1136.457582,791.1876965,907.2882271,1113.63468,92.80288996,1042.896388,180,2150.926025,1970.926025,434.1787695,22.33986948,65.67547165,284.1061568,-0.280180126,0.070408391,2.668656794,37.853071,0.263157981,11,814.3,814.3,190.2,30066.9,2,79.53200084,0.034821366,8.189985375,11.1289087,0.194999652,0.222856745,0,0.696427328,0,0,79.53200084,3,2985.217947,20.75350577,28.98269852,147.7725067,343.1416247,52.65547724,263,2.38555168,0.366065651,6169,0.288110663,42.88744721,0.200297144,4,0.027808363,2.452980998
NP0107303,Koshi,Dhankuta,Dhankuta,1,110.4838686,87.32829337,26.98317682,94.73010052,462.0863876,12883.29367,1073.607806,1271.270024,866.7578484,991.7417412,1248.547955,104.0456629,1077.840601,225,2192.330078,1967.330078,429.2136616,24.10406177,61.13906742,151.2127211,0.166659338,-0.303311708,1.162914274,35.11920441,0.317867258,12,830.9,830.9,130.8,5968.3,2,84.47595118,0,5.330222541,7.959440057,1.067839196,0.762742283,0,0.403804738,0,0,84.47595118,3,23882.69137,216.1645104,112.6542046,2185.681152,404.735417,57.25478825,522,3.663298742,0.518218532,19978,0.91142179,180.8227775,0.824936528,70,0.633576656,1.61947808
NP0107401,Koshi,Dhankuta,Shahidbhumi,0,99.24209484,87.21620007,26.95484054,114.2957812,567.960553,15544.22625,1295.352187,1535.012022,1094.703916,1241.732568,1479.761782,123.3134819,750.4709605,116.0733871,1658.052856,1541.979469,368.6668229,26.76730223,64.0231576,253.2982101,-0.098757392,-0.029632,1.727150573,38.96465329,0.392622237,15,814.3,814.3,190.2,30066.9,2,87.49246534,0.010046213,5.645971469,4.972875226,0.060277275,0.572634117,0,1.24573036,0,0,87.49246534,2,6655.368484,67.06195083,316.9223088,844.4066162,195.0820422,46.50800513,98,1.965718706,0.468631836,1995,0.10545617,20.1023568,0.106261532,1,0.010076369,2.036171567
NP0107402,Koshi,Dhankuta,Chhathar Jorpati,0,102.4858427,87.38784655,27.02667323,109.1808062,519.7820374,14848.58965,1237.382471,1456.479207,1016.174053,1178.7936,1438.449982,119.8708318,1318.23692,286,2701.170166,2415.170166,500.1748831,23.17869046,67.13599908,139.9951681,0.049590056,-0.059089007,1.067641923,18.18941864,0.177482257,11,846.7,846.7,164.4,5707.8,2,80.45865319,0,6.46195705,11.75784666,0.184627344,0.57331649,0,0.563599261,0,0,80.45865319,3,3524.557251,34.39067445,1762.278625,1764.117065,255.6251968,21.70115273,207,2.494248866,0.21174781,5022,0.250531092,49.00189011,0.244454342,52,0.507387154,0.235535016
NP0107403,Koshi,Dhankuta,Sangurigadhi,1,165.9050091,87.30735506,26.89607644,104.7915659,532.8190053,14251.65296,1187.637747,1430.993854,964.9777609,1115.677223,1350.630355,112.5525295,886.6323135,106.3320465,2043.032227,1936.70018,407.6258487,27.96385958,61.48942284,352.6304422,-0.036456815,0.281874419,0.304040422,54.13185047,0.326282195,22,813.3,813.3,113.4,6081.6,1,90.44597534,0,3.837321731,3.710418177,0.138989606,1.160261059,0,0.707034083,0,0,90.44597534,1,2491.769792,15.01925593,67.3451295,530.1296387,395.8747065,67.91927709,543,2.386152828,0.409386537,8124,0.3182194,48.96778009,0.191808193,12,0.072330547,1.227933889
NP0107404,Koshi,Dhankuta,Chaubise,1,147.0872362,87.47496825,26.91414156,135.41886,704.519989,18416.96496,1534.74708,1855.170402,1278.910686,1467.364309,1762.991717,146.9159764,1161.805937,299.5,2268.647217,1969.147217,417.3905641,25.63987314,59.70958423,345.7813138,-0.045135527,0.17812956,0.742594904,31.28063657,0.21266724,16,846.7,846.7,164.4,5707.8,1,83.34921067,0,7.253674469,7.750408274,0.068045727,1.177191072,0,0.401469788,0,0,83.34921067,3,2596.840356,17.65510335,8.14056538,743.9591675,386.3578807,41.04042267,629,2.626726089,0.279020966,8282,0.369336443,56.30672119,0.251100267,16,0.108778983,1.696493498
NP0108301,Koshi,Terhathum,Laligurans,0,89.95728126,87.44801377,27.12791418,118.98546,472.2854207,16182.02256,1348.50188,1591.908597,1108.248709,1303.694102,1602.076845,133.5064038,1784.158803,558.7627563,3016.963379,2458.200623,503.9333756,25.42846864,63.1125908,113.5092131,0.348651505,-0.151664656,0.068532356,19.46898305,0.21642476,8,867.2,867.2,161.2,161.3,1,83.09376382,0,10.1835471,6.612118532,0.077399381,0.033171163,0,0,0,0,83.09376382,3,3638.276733,40.44449412,1819.138367,1845.557129,245.8704067,26.37636882,217,2.733190724,0.293209938,6570,0.286329859,73.0346661,0.318295367,26,0.289026076,0.505112722
NP0108302,Koshi,Terhathum,Myanglung,0,99.86079583,87.52598697,27.13871028,123.101818,456.7981364,16741.84725,1395.153938,1645.01906,1131.247654,1345.435649,1661.326544,138.4438787,1400.412012,361.5,2907.105469,2545.605469,540.1272707,23.92874914,62.55029048,137.623856,0.160999274,-0.176464201,1.958243168,27.16604256,0.272039115,11,867.2,867.2,161.2,161.3,1,73.66362451,0,16.95918163,8.56483803,0.361047036,0.120349012,0,0.330959783,0,0,73.66362451,3,0,0,0,0,268.7023819,67.28933378,217,2.690769482,0.673831339,7097,0.374509321,71.06893092,0.37503138,7,0.070097579,1.707983965
NP0108401,Koshi,Terhathum,Menchhayayem,0,69.84600619,87.52078205,27.24415107,125.5292666,442.998586,17071.98026,1422.665022,1636.150616,1144.238791,1328.136531,1716.877433,143.0731194,2135.86223,1077.613037,3045.532227,1967.919189,405.3836209,21.30929741,59.60278896,166.279642,0.095607038,-0.391591096,1.036361531,23.24248306,0.332767531,11,875.3,875.3,159.2,159.2,1,82.2132681,0,14.86544827,2.878111959,0.043171679,0,0,0,0,0,82.2132681,2,0,0,0,0,130.4210205,15.59084174,121,1.867265254,0.223217369,3380,0.164374829,48.39217279,0.23533891,9,0.128854898,0.899612665
NP0108402,Koshi,Terhathum,Phedap,1,110.4339845,87.58450128,27.1803139,132.3424223,462.5612717,17998.56943,1499.880786,1787.542435,1210.746918,1468.024025,1771.520851,147.6267376,1446.903602,381.5,2700.084229,2318.584229,477.7412436,24.85748514,64.19238504,149.1992099,0.121179079,-0.203273423,1.521263954,33.91801073,0.307133813,19,875.3,875.3,170.6,4755.1,1,78.47278635,0,13.67451936,7.581911725,0.009026085,0.099286939,0,0.162469537,0,0,78.47278635,3,0,0,0,0,299.5140032,46.98938318,234,2.712154274,0.425497489,5610,0.246585755,50.7995797,0.223287927,7,0.063386285,2.244101906
NP0108403,Koshi,Terhathum,Aatharai,0,166.445053,87.66104234,27.21422204,131.2872198,460.1295471,17855.06189,1487.921824,1755.168337,1156.670905,1408.125983,1781.158502,148.4298752,1314.038695,393,2721.971924,2328.971924,497.6227011,23.60098663,65.84771853,164.6211576,0.047475198,-0.17260655,3.011916473,50.22902867,0.301775437,24,887.5,887.5,169.1,4032.5,1,72.99957727,0,23.618576,2.681321336,0.048312096,0.09058518,0,0.561628118,0,0,72.99957727,2,0,0,0,0,389.7460491,41.28491862,210,2.341589865,0.248039325,7489,0.332747664,44.99382748,0.199914421,22,0.132175752,1.141139905
NP0108404,Koshi,Terhathum,Chhathar,1,133.4627371,87.47899744,27.04031177,119.6138433,525.5915039,16267.48268,1355.623557,1599.560304,1129.091597,1324.508716,1596.342944,133.0285787,1115.979849,314,2684.617432,2370.617432,459.5273255,23.50026764,59.01924938,150.415233,0.087684796,-0.154448751,1.116854616,44.76455715,0.335408655,13,854.4,854.4,222,5341.8,2,68.75891583,0,21.81845484,8.348975148,0.022524214,0.397927772,0,0.653202192,0,0,68.75891583,3,0,0,0,0,333.7335067,15.61198881,291,2.500574421,0.116976387,7635,0.303213577,57.206979,0.227189689,76,0.569447335,0.377574248
NP0109301,Koshi,Sankhuwasabha,Khandabari,1,122.403089,87.19289179,27.39896055,159.6036132,592.6772461,21706.09139,1808.840949,2184.125062,1459.535938,1715.555008,2335.413565,194.6177971,895.1820508,272.5,2180.996094,1908.496094,411.5116822,21.33834259,66.53576305,193.1554593,-0.057694977,-0.246846786,1.310904241,39.61722148,0.323661942,17,870.2,870.2,189.4,27826,1,73.38334828,0,15.69762701,8.382940553,0.481122075,0.709451195,0,1.345510886,0,0,73.38334828,3,19470.37164,159.0676494,142.119501,296.7695007,589.0643187,56.65168918,1048,4.812495531,0.462828918,18694,0.916627103,152.7249039,0.748859453,8,0.065357828,0.757988664
NP0109302,Koshi,Sankhuwasabha,Panchakhapan,1,147.5618225,87.30705719,27.35494502,130.5242777,469.5517476,17751.30177,1479.275148,1748.133527,1201.330681,1370.816121,1867.434164,155.6195137,1141.593301,283,3553.506836,3270.506836,619.499275,24.10645633,60.93083583,207.2993655,-0.101490423,-0.196639435,0.766589217,43.41576448,0.294220847,15,870,870,127.8,397.3,1,86.02492887,0,10.90638125,2.960303482,0.0135483,0.088063948,0,0.00677415,0,0,86.02492887,2,3831.012085,25.96208165,1277.004028,1547.956055,356.5377096,56.36346907,287,2.416192098,0.381965119,10005,0.327585309,67.80209018,0.221998687,37,0.250742362,0.758861531
NP0109303,Koshi,Sankhuwasabha,Chainapur,1,222.9603008,87.36116325,27.30520053,125.6999703,438.6477836,17095.19596,1424.599664,1680.282078,1143.483383,1287.78047,1773.414256,147.7845213,1555.540693,261.468689,3700.389893,3438.921204,811.5410955,25.34021668,67.58152033,249.9260961,-0.224562042,-0.08206208,1.312700803,71.21452996,0.319404529,32,868.9,868.9,138.7,138.9,1,83.7752809,0,12.88089888,2.647191011,0.071910112,0.269662921,0,0.35505618,0,0,83.7752809,2,9780.381104,43.86602041,575.3165355,2103.699219,602.0536236,60.28299134,538,2.700272746,0.270375449,15120,0.621789238,67.8147632,0.278878902,58,0.260135996,0.133720926
NP0109304,Koshi,Sankhuwasabha,Dharmadevi,1,132.3942248,87.3460612,27.20787269,121.4092846,411.2125854,16511.66271,1375.971892,1621.007894,1063.989382,1220.388402,1685.841501,140.4867917,1532.973514,251,3009.766357,2758.766357,673.9301556,23.91342265,70.67322983,326.1233467,-0.166620166,0.248175351,2.261116714,32.93326449,0.248751519,13,869.1,869.1,111.6,111.7,1,86.04176123,0,8.654864579,4.705704343,0.128612498,0.242094114,0,0.226963232,0,0,86.04176123,2,10253.82092,77.44915564,2050.764185,3253.605225,395.5556643,113.1623118,313,2.987710868,0.854737523,10997,0.430363385,83.06253552,0.325062053,3,0.022659599,0.971012193
NP0109305,Koshi,Sankhuwasabha,Madi,1,109.7326065,87.41552429,27.25713514,120.4676645,422.3513489,16383.60237,1365.300198,1556.905264,1100.376487,1254.259975,1684.62573,140.3854775,1899.372027,551.750061,3083.209473,2531.459412,535.9700625,24.88441615,65.57517846,285.4625442,-0.374942982,0.103716978,2.884907475,35.39273303,0.322536156,15,869.1,869.1,111.6,111.7,1,80.28002546,0,15.78325302,3.900354578,0.027275207,0.009091736,0,0,0,0,80.28002546,2,0,0,0,0,258.2737133,0,213,2.353664253,0,8891,0.322997262,81.02423051,0.294349394,38,0.34629634,1.722914233
NP0109401,Koshi,Sankhuwasabha,Makalu,1,1190.797995,87.22515245,27.68466474,142.7964532,644.8033156,19420.31764,1618.359803,1998.59949,1356.437554,1649.355951,2027.202311,168.9335259,3630.882272,545.0321655,8052.227051,7507.194885,1526.672381,31.59672898,85.59277331,187.7959358,-0.010595429,-0.077389344,0.743175915,339.2219852,0.284869463,159,912.8,912.8,191.8,192,2,48.26799715,0,16.45046329,0.028510335,0.005869775,6.949813425,21.57477674,0.38740514,0,6.335164144,48.26799715,5,2796.609142,2.348516839,699.1522856,1139.000366,460.9115424,23.83823715,458,0.387061067,0.020018708,7471,0.258789401,6.273944056,0.021732435,65,0.054585245,4.154562262
NP0109402,Koshi,Sankhuwasabha,Bhotkhola,1,730.9795173,87.4486407,27.75898405,109.05728,472.6618242,14831.79008,1235.982506,1487.032391,1028.906032,1235.36002,1530.228342,127.5190285,3485.688712,955.2758179,6149.245117,5193.969299,1122.173747,31.46920775,85.51824077,205.4780454,-0.055683768,-0.116858663,0.665730728,269.3225473,0.368440621,111,957.3,957.3,233.7,233.7,1,47.9172361,0,23.91351883,0.012299787,0.002733286,14.65041273,3.046247198,0.296561526,0,10.16099054,47.9172361,4,3693.400635,5.052673224,527.6286621,632.3207397,279.4097018,0,262,0.382240125,0,3123,0.142159109,4.272349534,0.019447755,31,0.042408849,1.623874602
NP0109403,Koshi,Sankhuwasabha,Silichong,0,500.4766215,87.05386398,27.56051475,136.9953524,614.5488993,18631.36792,1552.613994,1905.051664,1312.26611,1567.204294,1980.441859,165.0368216,2761.793428,381.0192566,6126.679688,5745.660431,1130.224062,33.75797927,76.44152307,109.7928634,0.22021381,-0.079250867,1.248550216,164.9354575,0.329556767,76,898.7,898.7,228.4,228.4,2,75.1438389,0,13.10332428,0.027968675,0,3.064567684,2.934713121,0.11986575,0,5.605721592,75.1438389,3,5058.82056,10.10800573,316.176285,2052.047607,302.536239,0,502,0.604496246,0,6167,0.202646363,12.3222539,0.040490675,25,0.049952383,1.935480668
NP0109404,Koshi,Sankhuwasabha,Chichila,0,88.26479433,87.23182262,27.47997509,217.8360643,820.2582194,29625.70474,2468.808729,3088.554332,1966.443939,2351.417043,3187.396259,265.6163549,1426.637658,403.853241,2304.866455,1901.013214,385.4363641,26.69415733,67.1719928,26.10878111,0.026951791,0.054994116,1.094783904,21.12434953,0.239329278,9,892.3,892.3,126.9,27053.6,1,88.17800929,0,11.19918469,0.135884951,0,0.079266221,0,0.407654852,0,0,88.17800929,2,3116.784737,35.31175437,42.69568132,178.7428131,201.48278,14.40278184,171,2.282708315,0.163176972,2834,0.126484975,32.10793184,0.143301728,22,0.24925,1.881139095
NP0109405,Koshi,Sankhuwasabha,Sabhapokhari,1,221.3556758,87.36152506,27.44742723,153.8230644,590.0771746,20919.93676,1743.328064,2142.760488,1435.490773,1667.47883,2161.175275,180.0979396,1927.689825,363.2616882,4648.356445,4285.094757,952.9551203,32.52732199,73.72061955,259.9893072,-0.160051462,-0.02825219,1.714833214,74.48139661,0.336478368,35,892,892,151,151.1,1,74.56286241,0,23.81894188,0.732683058,0.02247494,0.170809547,0,0.008989976,0,0.683238189,74.56286241,2,2283.826206,10.3174504,1141.913103,2248.838867,158.7674054,36.25614276,142,0.717250212,0.16379134,4197,0.168165061,18.96043544,0.075970521,27,0.121975639,1.494335311
NP0110301,Koshi,Bhojpur,Shadananda,1,240.4480589,87.10876069,27.32996652,116.7944278,480.930898,15884.04219,1323.670182,1596.694589,1086.694779,1260.819334,1678.745425,139.8954521,1217.618406,267.5,3330.42041,3062.92041,621.6173102,24.30457978,62.12470825,74.63346494,0.273402659,0.075135864,0.780871059,75.10854433,0.312369102,25,870.2,870.2,189.4,27826,1,86.07216922,0,8.851099129,4.243052675,0.024885939,0.269597677,0,0.539195355,0,0,86.07216922,2,1973.659531,8.208257283,281.9513615,1085.011108,563.9389466,46.07982372,718,2.345367017,0.191641488,7532,0.331451052,31.32485259,0.137847256,4,0.016635609,3.957930564
NP0110302,Koshi,Bhojpur,Bhojpur,1,159.0605789,87.05799887,27.20191029,104.8996155,397.2460754,14266.3477,1188.862308,1431.425153,978.2788255,1124.311292,1457.89073,121.4908942,1587.896571,427.5493469,2735.740967,2308.19162,475.3180216,24.80367353,61.6471604,194.5901579,-0.052488427,-0.201648171,0.884135153,40.13492536,0.252324779,16,840.6,840.6,116.9,446.7,2,77.88770559,0,13.72487239,8.084945491,0.245762178,0.056714349,0,0,0,0,77.88770559,3,7113.502804,44.7219723,94.84670405,1579.619995,371.0801725,60.84722642,511,2.332948711,0.382541211,9289,0.416668392,58.39913361,0.261955788,6,0.037721477,2.967968833
NP0110401,Koshi,Bhojpur,Salpa Silichho,0,192.7979384,87.00316418,27.39877314,122.5088357,528.5208359,16661.20165,1388.433471,1702.78359,1159.066616,1386.338285,1789.209195,149.1007662,2006.021522,338.7842407,4048.864746,3710.080505,732.4083685,32.21301576,73.51837831,119.726654,0.214554769,-0.122512198,0.094851366,53.87679958,0.279446969,22,888.4,888.4,210.4,210.4,2,85.98804863,0,13.79559036,0.123634865,0,0.025757264,0,0.066968885,0,0,85.98804863,2,627.8548641,3.256543454,33.04499285,39.66766739,274.0618842,0,402,1.421498002,0,3107,0.11936438,16.11531755,0.061911647,12,0.062241329,0.426737546
NP0110402,Koshi,Bhojpur,Temkemaiyum,0,172.9384828,86.96589684,27.21040824,109.4263049,443.3443247,14881.97747,1240.164789,1501.014824,1023.293387,1171.809425,1538.885431,128.2404526,1944.779274,669.1924438,3333.409668,2664.217224,507.3911161,24.78867344,62.90646042,123.8529025,0.374255503,-0.251042953,0.462540533,60.14769169,0.347798192,27,856.9,856.9,175.1,175.1,2,76.17507795,0,18.72040651,5.092966855,0.005774339,0.005774339,0,0,0,0,76.17507795,3,0,0,0,0,264.7689293,67.88717024,232,1.531000648,0.392550976,4586,0.195407801,26.51810011,0.112992665,2,0.011564806,0.8394732
NP0110403,Koshi,Bhojpur,Arun,0,154.2853465,87.19644171,27.18973584,110.7168982,383.4194183,15057.49816,1254.791513,1499.592019,1005.129812,1141.695081,1532.408699,127.7007249,918.8305923,222.5,2068.910889,1846.410889,399.7340011,22.15572817,64.22053902,74.23977085,0.226368945,0.063886276,0.567360826,53.07250758,0.343989295,16,848.9,848.9,178.1,29059.5,1,73.7839586,0,15.68564036,9.029754204,0.038809832,0.595084088,0,0.866752911,0,0,73.7839586,3,4601.359734,29.823699,230.0679867,763.4412842,332.1173643,53.57279857,271,2.152617678,0.34723193,2434,0.213327212,15.77596353,0.138267967,5,0.032407485,1.393972563
NP0110404,Koshi,Bhojpur,Ramprasad Rai,1,157.9815939,87.02125037,27.08518171,108.5131908,418.1777039,14757.79395,1229.816162,1474.616932,1021.379656,1173.035974,1480.204745,123.3503954,1381.22429,342.5220947,2526.072021,2183.549927,434.8559103,26.29047537,61.86257327,57.17935403,0.222430252,0.143459981,0.817640417,43.46359408,0.275118088,14,848.7,848.7,154.9,329.8,2,78.27980059,0.006310343,10.40575503,11.26396163,0.025241371,0.018931028,0,0,0,0,78.27980059,3,1665.638916,10.54324668,1665.638916,1665.638916,312.6586115,45.70476985,250,1.979082524,0.289304398,3947,0.176681132,24.98392314,0.111836529,2,0.012659703,0.868320077
NP0110405,Koshi,Bhojpur,Pauwa Dunma,0,118.505789,87.14493308,27.12532015,102.5755375,384.4604797,13950.2731,1162.522758,1395.198145,959.0783353,1102.480255,1403.100254,116.9250212,1113.562106,199,2296.750488,2097.750488,434.4292524,24.55513744,69.2116462,165.9963246,0.057905623,-0.232183318,2.477011412,35.67961672,0.301079103,17,840.6,840.6,116.9,446.7,1,63.85237614,0.00842602,25.39602292,10.10279744,0.016852039,0.261206606,0,0.362318841,0,0,63.85237614,3,2739.606517,23.11791297,8.72486152,513.7879028,242.6018615,0,263,2.047173083,0,3658,0.19113093,30.86769034,0.161284045,6,0.050630438,1.329309966
NP0110406,Koshi,Bhojpur,Aamchowk,1,184.1679794,87.021286,26.96478989,128.676712,548.1126366,17500.03284,1458.33607,1747.340267,1258.779909,1445.523674,1696.642714,141.3868928,1122.416831,126,2421.556641,2295.556641,559.8239747,26.41716087,66.35278854,170.8039636,0.033001532,-0.203846958,0.25168839,49.89071392,0.270897873,18,819.1,819.1,108.4,108.5,4,84.78024959,0.005425936,7.688551275,6.608790016,0.032555616,0.303852415,0,0.580575149,0,0,84.78024959,3,6197.378098,33.65068193,516.4481748,1483.228027,305.1660109,47.76551523,279,1.656998203,0.259358415,4583,0.200485251,24.88489049,0.108859994,2,0.010859651,3.261954965
NP0110407,Koshi,Bhojpur,Hatuwagadhi,1,142.1883677,87.12899309,27.00408377,106.8701986,481.9959961,14534.34701,1211.195585,1441.812544,1025.743595,1174.601416,1417.360715,118.1133929,872.3865468,119.5,1860.152954,1740.652954,378.3761097,26.78288835,64.0850969,81.85615162,0.120456717,0.017237592,0.823049642,46.87004365,0.32963346,19,814.3,814.3,190.2,30066.9,2,82.28859907,0.028046557,8.932828495,8.063385219,0.035058197,0.196325901,0,0.455756556,0,0,82.28859907,3,5863.071256,41.23453523,344.8865445,2418.304199,237.3625157,10.73897611,239,1.669352561,0.075526404,2233,0.117581838,15.70451955,0.082694415,1,0.007032924,2.137019609
NP0111301,Koshi,Solukhumbu,Solu Dhudhakunda,1,563.8481503,86.57238863,27.56720169,118.5542177,661.262662,16123.3736,1343.614467,1831.093389,1190.412453,1578.594536,1692.330659,141.0275549,3231.325152,1026.366943,6839.201172,5812.834229,892.8746159,27.44785669,76.37588262,125.5605833,0.111682953,-0.079840985,1.265187565,176.5212772,0.313065277,66,992.7,992.7,203.5,203.5,1,58.85899732,0,25.969604,0.040788097,0.056748657,6.510134955,3.376545071,0.127684477,0,5.05949742,58.85899732,4,791.975976,1.404590891,10.99966633,47.07121658,954.6912397,63.10497295,1522,1.693170828,0.111918382,11225,0.734846567,19.9078422,0.130327033,36,0.063846977,0.574418307
NP0111401,Koshi,Solukhumbu,Khumbu Pasanglhamu,1,1535.496252,86.72668618,27.87738336,89.30311412,501.2970854,12145.22352,1012.10196,1393.771602,884.690501,1203.838156,1379.250382,114.9375318,4955.966672,1586.894775,8705.242188,7118.347412,920.5096052,30.61060494,81.71974086,175.3618994,0.009887903,-0.12188116,0.620333838,511.8116135,0.333320002,226,1021.4,1021.4,58.7,726.7,1,7.842017483,0,18.50116488,0.001946876,0.011681257,23.24375539,38.78112568,0.767718196,0,10.85059023,38.78112568,5,2170.350103,1.413451906,45.21562715,124.9777222,676.4808982,0,1207,0.440561739,0,5348,0.44849764,3.482913094,0.029208644,86,0.056007952,1.92480457
NP0111402,Koshi,Solukhumbu,Mahakulung,1,646.3629922,86.90193043,27.64458454,116.5136689,583.3984773,15845.85897,1320.488247,1710.197578,1144.741319,1439.141183,1695.272685,141.2727237,4103.441051,1180.303101,7278.48291,6098.17981,1257.295145,31.74441275,77.75310951,230.1712092,-0.098567343,-0.082207161,1.489149909,216.6626716,0.33520278,96,1001.5,1001.5,155.4,310.7,2,32.75928703,0,18.83067695,0.003091811,0.006183623,15.71103931,21.60403172,0.884258043,0,10.20143151,32.75928703,5,1216.184956,1.881581975,110.5622687,349.4700317,255.1948305,0,300,0.394816587,0,3822,0.147511599,5.913086062,0.022821789,36,0.055696258,7.414561724
NP0111403,Koshi,Solukhumbu,Likhu Pike,0,124.1411835,86.4370751,27.55685757,117.0568414,676.2797394,15919.73043,1326.644203,1868.535605,1154.478196,1596.488907,1630.598118,135.8831765,2716.518901,1295.635132,4214.608398,2918.973267,589.0297657,30.65240294,71.40859895,294.3752208,-0.348810793,0.158045734,1.317368077,34.97146625,0.281707208,14,1002.2,1002.2,143.4,384.1,1,75.23473236,0,24.6529171,0.008025038,0,0.096300457,0,0.008025038,0,0,75.23473236,2,432.8651209,3.48687767,16.6486585,24.25513077,252.9848921,0,284,2.037880459,0,2352,0.144385121,18.94617026,0.116307189,6,0.048332067,2.294745343
NP0111404,Koshi,Solukhumbu,Mapya Dudhkoshi,0,167.2853248,86.69281175,27.53323674,119.4237788,616.0805766,16241.63391,1353.469493,1782.348477,1189.363759,1522.392977,1701.288938,141.7740782,2195.970592,886.0302734,4240.003906,3353.973633,585.7286185,30.77607564,69.72844229,114.4352755,0.181662048,-0.082540456,1.32694609,61.22000162,0.365961579,27,979.1,979.1,115.4,1696.9,1,75.38580247,0,24.50735992,0,0,0.059354226,0,0.047483381,0,0,75.38580247,2,0,0,0,0,328.4384451,0,521,1.963342843,0,6038,0.253151789,36.09402085,0.151329346,32,0.191289942,0.487673029
NP0111405,Koshi,Solukhumbu,Necha Salyan,0,67.38142873,86.60803114,27.37062316,126.5033881,602.0021362,17204.46078,1433.705065,1761.257522,1267.83356,1495.680626,1784.278431,148.6898692,1758.575116,567.4404297,3142.056396,2574.615967,567.1809903,26.190706,69.24622809,49.46829442,0.332567465,0.284357874,0.709389379,20.5580222,0.305099233,5,963.2,963.2,119.1,524.8,1,78.92264788,0,17.98033172,3.052986937,0.029355644,0,0,0.014677822,0,0,78.92264788,2,1661.672474,24.66068923,69.23635308,150.4682617,273.9001991,30.0109495,428,4.064921215,0.445389035,5152,0.208488657,76.46023685,0.309415607,3,0.044522653,2.651424705
NP0111406,Koshi,Solukhumbu,Thulung Dudhkoshi,1,144.2739553,86.69869773,27.4298374,127.6727336,598.637854,17363.49177,1446.957647,1822.838486,1271.263513,1553.554971,1817.983517,151.4986264,1723.986212,582.440979,3131.747314,2549.306335,562.8219858,28.02518254,70.26081753,188.0152697,-0.007966816,-0.05657743,0.161777891,31.32124354,0.217095618,10,963.1,963.1,127.3,2739.7,1,70.64226567,0,28.48096862,0.424465938,0.013916916,0.118293786,0,0.320089068,0,0,70.64226567,2,1454.199146,10.07942939,111.8614728,184.3322144,398.4410331,3.482353887,642,2.761697579,0.024137093,7449,0.317927374,51.63094047,0.220363664,3,0.020793774,3.252237624
NP0111407,Koshi,Solukhumbu,Sotang,0,102.7488946,86.7867522,27.49690754,115.6160225,566.0671997,15723.77906,1310.314922,1689.349096,1143.101752,1435.014713,1651.053361,137.5877801,2072.749838,813.6132202,3607.625244,2794.012024,584.5261152,31.91443901,68.25539026,275.3276872,-0.293296061,0.027351209,1.303177578,27.17107924,0.264441572,11,978.9,978.9,151.2,305.5,1,80.90953072,0,18.8969521,0.019351717,0.029027576,0.058055152,0,0.087082729,0,0,80.90953072,2,796.1001358,7.748016549,132.683356,140.5486755,182.5036597,0,409,1.776210444,0,2380,0.108816551,23.16326622,0.105905325,15,0.145986972,1.242913744
NP0112301,Koshi,Khotang,Halesi Tuwachung,1,279.559456,86.60387142,27.16666601,119.39316,522.0513916,16237.46977,1353.12248,1621.003148,1167.599278,1314.746314,1636.805477,136.4004564,883.1770031,256.5,1943.61084,1687.11084,331.6007642,27.68327772,64.38605604,191.8152661,-0.026952519,-0.128842925,1.800892697,92.68439047,0.331537312,34,893.9,893.9,101.5,16668.8,1,54.19959764,0.014369881,31.18623365,12.14254922,0.061071993,1.199885041,0,1.196292571,0,0,54.19959764,3,5580.678238,19.96240198,293.7199073,1833.505127,978.07104,72.27605644,1810,3.498615479,0.258535545,15191,0.666097856,54.33906697,0.238266974,46,0.164544604,1.967477961
NP0112302,Koshi,Khotang,Diktel Rupakot Majhuwagadhi,1,245.8986791,86.80250685,27.23304606,114.9302978,537.1580086,15630.5205,1302.543375,1589.283306,1090.871449,1284.165673,1663.337447,138.6114539,1605.372709,456.6802063,2988.08252,2531.402313,483.8479549,24.33052517,64.66392852,169.0552262,0.030996551,-0.160288135,0.262580502,69.50757599,0.282667545,34,899.7,899.7,193,193,1,72.7043923,0,16.44881059,10.71689535,0.113664042,0.01623772,0,0,0,0,72.7043923,3,7586.628101,30.85265903,106.8539169,365.2514343,668.3171732,177.4890869,628,2.71785589,0.721797643,14891,0.854652508,60.55746235,0.347562871,16,0.06506745,1.017226045
NP0112401,Koshi,Khotang,Aiselukharka,0,125.0832095,86.76117293,27.37191319,121.2396295,547.3094025,16488.58961,1374.049134,1708.147451,1182.679081,1423.646244,1743.560291,145.2966909,1680.259282,492,3460.639404,2968.639404,590.4327262,29.21813142,64.92353602,208.2590167,-0.102841158,-0.191324483,2.05800868,47.0069537,0.375805465,24,963.1,963.1,127.3,2739.7,1,77.60611611,0,20.74540097,1.282153381,0.047782114,0.111491598,0,0.207055825,0,0,77.60611611,2,1934.935669,15.46918789,644.9785563,655.1480103,268.0260088,16.40782446,383,2.142781673,0.131175275,4902,0.223656122,39.18991223,0.178805871,1,0.007994678,1.759308365
NP0112402,Koshi,Khotang,Kepilasgadhi,0,191.0842253,86.88394576,27.34478205,112.6285639,529.9462776,15317.48469,1276.457057,1594.848234,1072.737173,1304.082628,1627.851854,135.6543211,2178.004709,748.9296875,3616.684326,2867.754639,578.7301766,30.94103119,68.50624808,245.0949213,-0.129226812,-0.059999012,0.64718111,59.66027747,0.312219794,27,963.4,963.4,171.4,171.4,1,83.97321896,0,15.45663772,0.57014332,0,0,0,0,0,0,83.97321896,2,2106.786621,11.02543456,702.262207,784.6777954,314.536337,11.10735352,321,1.64606124,0.058128051,4379,0.246336205,22.91659603,0.128914988,4,0.020933177,5.06197554
NP0112403,Koshi,Khotang,Rawa Besi,0,97.1953917,86.71010451,27.27874589,142.0100892,649.5785065,19313.37214,1609.447678,1977.322462,1388.144979,1634.497341,2022.288385,168.5240321,1132.105386,417,2620.0271,2203.0271,450.1922944,28.68939313,63.76274607,315.666416,-0.231408482,0.236855174,0.207859072,34.1363908,0.351214087,11,951.4,951.4,80,404.1,1,74.93842365,0,17.31321839,7.040229885,0.030788177,0.318144499,0,0.359195402,0,0,74.93842365,3,0,0,0,0,255.3587362,14.904827,338,2.627272051,0.153349112,6061,0.238375193,62.35892354,0.245253596,3,0.030865661,1.589783453
NP0112404,Koshi,Khotang,Diprung Chuichumma,1,136.1473079,86.78866251,27.10380508,113.6390465,476.1937561,15454.91032,1287.909193,1536.387561,1092.257522,1233.670264,1592.020185,132.6683487,1320.015552,243.5,2602.342041,2358.842041,556.9297873,25.31841164,64.12841296,276.0552661,-0.199504176,0.021163316,0.190694542,52.45478575,0.38527964,19,884.2,884.2,162.9,356,1,67.70648968,0.007374631,13.679941,18.24483776,0.029498525,0.081120944,0,0.250737463,0,0,67.70648968,3,2569.362061,18.87192704,2569.362061,2569.362061,324.182085,58.03345106,218,2.381112708,0.426254856,8262,0.382334494,60.68427006,0.280824131,7,0.051414898,0.8960456
NP0112405,Koshi,Khotang,Sakela,0,79.77932356,86.88081194,27.17232213,116.6364181,514.2604218,15862.55286,1321.879405,1611.493244,1108.342222,1276.568726,1657.362999,138.1135833,1891.108889,613.9233398,3004.464844,2390.541504,505.5246317,26.3504341,65.18179073,273.1986756,-0.376345991,0.021032281,1.625933451,22.68929997,0.284400756,10,899.7,899.7,193,193,1,75.06876719,0,13.79094774,11.14028507,0,0,0,0,0,0,75.06876719,3,0,0,0,0,175.9383153,23.5168078,116,2.205312197,0.294773216,3992,0.214332787,50.03802767,0.268657062,1,0.012534576,3.479550005
NP0112406,Koshi,Khotang,Khotehang,1,163.6707493,86.85046416,27.04816256,104.4420945,416.8042603,14204.12485,1183.677071,1414.959741,995.1210246,1127.223796,1435.030806,119.5859005,1274.413205,224.9651642,2685.192139,2460.226974,485.3966767,26.56764885,64.4880877,197.7506692,-0.070739332,-0.220980722,1.130892419,52.23537349,0.319149107,22,868.6,868.6,186.7,186.7,2,71.97039212,0,14.99969413,12.60781795,0.055055974,0.195754573,0,0.171285251,0,0,71.97039212,3,190.8300457,1.165938608,47.70751143,62.45209503,395.0607664,75.78932066,319,2.413753025,0.463059655,10040,0.464989948,61.34266532,0.284100824,12,0.073317927,1.525608235
NP0112407,Koshi,Khotang,Baraha Pokhari,0,141.2469111,86.82305624,26.93501065,113.9447923,474.8263092,15496.49175,1291.374313,1528.239615,1115.007587,1241.115715,1521.54914,126.7957617,858.5924752,170,1849.225342,1679.225342,374.537259,29.8870252,68.52282531,224.5399297,-0.080634773,-0.081940236,1.772399759,42.55043549,0.301248609,14,842.6,842.6,174.8,17812.9,2,88.336058,0,5.096311038,4.676949321,0.014215651,0.611273012,0,1.265192977,0,0,88.336058,2,4129.663623,29.23719598,14.24021939,726.1757202,287.9418388,20.6244633,267,2.038570872,0.146017093,4989,0.210892599,35.32112638,0.14930776,1,0.007079801,0.786561797
NP0112408,Koshi,Khotang,Jante Dhunga,0,128.2810153,86.91378313,26.97340837,127.9276177,516.2563629,17398.156,1449.846333,1726.637053,1246.744794,1404.127556,1717.704516,143.142043,1123.806856,162,2187.567871,2025.567871,405.3773455,27.81870937,64.61359102,222.6771824,-0.036953857,-0.040078524,0.711400371,44.51842178,0.347038271,16,842.6,842.6,107.7,107.7,2,79.25042855,0,9.903381643,9.607293128,0.007791803,1.00514259,0,0.225962288,0,0,79.25042855,3,3235.276053,25.22022489,41.47789812,272.1477051,309.055196,16.92309802,280,2.409204475,0.131922077,5966,0.27869398,46.50727146,0.217252708,1,0.007795386,2.896963074
NP0113301,Koshi,Okhaldhunga,Siddhicharan,1,167.5320768,86.51398433,27.32356857,123.1037298,519.9590912,16742.10725,1395.175604,1707.74464,1215.449161,1389.742488,1712.755337,142.7296114,1729.026882,386,3347.067871,2961.067871,627.957687,26.93752674,67.28946385,279.9064469,-0.032030646,0.005593957,1.606689422,41.16800446,0.245732073,20,949,949,140.1,140.1,1,73.1262298,0,20.171725,5.819569495,0.298133683,0.327947051,0,0.256394968,0,0,73.1262298,3,5231.719265,31.22816458,227.466055,964.2817383,677.441816,87.74721397,1463,4.04365438,0.523763662,14485,0.627900448,86.46105438,0.374794165,7,0.041783043,1.389880933
NP0113401,Koshi,Okhaldhunga,Khiji Demba,1,179.4396786,86.36227113,27.45350947,121.8060026,653.0571655,16565.61635,1380.468029,1842.826033,1222.809627,1588.766261,1683.598664,140.2998887,2382.497222,797.3667603,3442.372559,2645.005798,517.4050673,27.86752928,73.71433118,333.2014665,-0.103742165,0.205387641,1.817498724,64.16840452,0.357604322,24,983.4,983.4,131.8,652.2,1,77.79563338,0,21.66130999,0.443311537,0.033248365,0.060955336,0,0.005541394,0,0,77.79563338,2,0,0,0,0,326.8887353,0,404,1.821719353,0,5321,0.320952935,29.65341914,0.178863971,4,0.022291614,3.169588277
NP0113402,Koshi,Okhaldhunga,Likhu,0,87.88299307,86.26649883,27.38085358,119.4339749,566.4536591,16243.02059,1353.585049,1708.360947,1193.977229,1451.926922,1608.654578,134.0545482,1489.158007,491.0059814,2787.139893,2296.133911,605.3469895,28.12850533,73.69453367,293.9517149,-0.327482772,0.14547416,0.112056269,39.61059189,0.45071965,12,971.5,971.5,146,798.3,1,66.58300057,0,26.18368511,6.628636623,0.034227039,0.467769538,0,0.102681118,0,0,66.58300057,3,5199.325578,59.16190831,14.12860212,214.2460022,297.5600841,15.26196189,641,3.385866522,0.173662291,5452,0.29487537,62.03703139,0.335531779,3,0.034136298,2.896497273
NP0113403,Koshi,Okhaldhunga,Molung,1,112.2789388,86.4279233,27.36540541,120.4360988,591.3373617,16379.30944,1364.942453,1683.997225,1200.943126,1435.351115,1684.889171,140.4074309,1755.602758,656.8447266,3019.419189,2362.574463,533.2673444,29.12030998,67.89894305,167.3087477,0.022090937,-0.098095048,0.92082854,49.38361122,0.439829693,21,928.8,928.8,410.4,410.4,1,78.57524013,0,17.37815724,3.868729989,0.044468161,0.133404482,0,0,0,0,78.57524013,2,5718.057428,50.92724859,154.5420927,981.3295288,369.0945405,27.81532465,627,3.287299866,0.247734125,7108,0.325524351,63.306619,0.289924677,2,0.01781278,0.959096734
NP0113404,Koshi,Okhaldhunga,Champadevi,0,126.6934453,86.29134674,27.31024469,113.1484465,497.1731506,15388.18872,1282.34906,1551.254067,1115.10749,1303.34308,1546.389189,128.8657658,1410.084255,380,2810.750732,2430.750732,501.9991155,31.3839119,70.35299302,250.4649796,-0.191131996,-0.067814892,0.480608878,33.9839366,0.268237528,16,959,959,210,1008,1,61.24367889,0,29.40897598,8.644121365,0.039506953,0.229140329,0,0.434576485,0,0,61.24367889,3,7250.057495,57.22519802,1812.514374,2417.368164,358.6413998,43.34592919,814,2.830781016,0.342132374,7485,0.322728376,59.07961522,0.254731707,2,0.015786136,2.538687408
NP0113405,Koshi,Okhaldhunga,Sunkoshi,1,143.4817882,86.37230675,27.26971669,114.9777655,487.5060425,15636.97611,1303.081342,1591.015703,1129.194841,1294.603363,1563.227138,130.2689281,1327.077419,358.5,2809.535645,2451.035645,511.5485221,32.31298046,70.9190845,147.0073814,0.108100704,-0.166507445,0.281247552,51.30015596,0.357537752,22,928.8,928.8,410.4,410.4,1,63.83097803,0,29.3199944,6.023506366,0.020987827,0.433748426,0,0.370784945,0,0,63.83097803,3,3862.78981,26.92181259,429.1988678,2841.635254,472.1129565,43.45576535,1292,3.29040335,0.30286607,8119,0.292192198,56.58557859,0.203644101,12,0.083634308,1.432468852
NP0113406,Koshi,Okhaldhunga,Chishankhu Gadhi,1,111.6840176,86.6143894,27.30730627,141.4850534,632.5694885,19241.96726,1603.497272,1975.688339,1404.601826,1622.709633,1987.200791,165.6000659,1195.915429,422.5,3043.947754,2621.447754,457.2182285,28.85543415,67.72492703,159.3750908,0.059777999,-0.158827097,0.5513091,44.45417333,0.398035227,12,949,949,140.1,140.1,1,68.62411601,0,25.92426819,4.287888282,0.00895175,0.823561006,0,0.331214752,0,0,68.62411601,2,6873.53743,61.54450366,458.2358287,1498.577148,443.4628673,42.96057946,988,3.970692288,0.384661838,6726,0.255959132,60.22347821,0.229181522,6,0.053722996,1.372323295
NP0113407,Koshi,Okhaldhunga,Manebhanjyang,0,146.3165048,86.46850345,27.21713248,119.5965722,513.78302,16265.13382,1355.427818,1622.201014,1181.717744,1325.817711,1585.568558,132.1307132,1092.600165,331,2289.193604,1958.193604,405.9636899,31.72670696,72.55714879,180.5683161,-0.002420462,-0.24401508,0.821613141,43.29023041,0.295867035,23,919.3,919.3,215.2,4081.7,1,62.27811665,0,27.04406826,9.039819067,0.150777877,0.664793366,0,0.822424782,0,0,62.27811665,3,11732.20745,80.18375964,355.5214379,2884.607666,595.987238,35.01478085,1770,4.07327416,0.239308483,8293,0.381043879,56.67849989,0.2604244,6,0.041006994,1.009598244
NP0114301,Koshi,Udayapur,Katari,1,424.0915082,86.38407015,26.99883757,116.5556905,519.7623393,15851.57391,1320.964492,1689.903716,1126.877596,1318.805916,1474.093977,122.8411648,577.7387826,122,2113.529785,1991.529785,360.9388433,20.45530655,65.0830948,340.4170833,-0.039888116,0.112124623,1.377936441,135.9564914,0.320582914,51,830.4,830.4,116.5,116.5,2,80.95181805,0.026005958,4.952952858,11.19438271,0.33807745,1.870064778,0,0.666698189,0,0,80.95181805,2,81630.24471,192.4826202,292.5815223,2206.939941,912.58261,124.0924129,1964,2.151853061,0.292607634,12007,0.628341739,28.31228584,0.14816183,14,0.033011743,4.211875421
NP0114302,Koshi,Udayapur,Triyuga,1,546.163882,86.6908121,26.80688855,132.07835,531.7397781,17962.6556,1496.887967,1853.19593,1286.151291,1450.949339,1657.202604,138.100217,365.6789973,124,1940.567505,1816.567505,261.796664,14.81823806,66.70184654,101.840394,0.045054318,-0.009445492,1.711137263,141.7306065,0.259501976,45,823.2,823.2,181.3,181.3,1,83.3321059,0.029458335,1.955296977,11.75203447,0.82299223,1.911109475,0,0.197002614,0,0,83.3321059,2,16788.27748,30.73853479,19.52125289,956.1348267,741.7875424,102.3721656,1596,1.358177585,0.187438549,27126,1.669455508,49.6664113,0.305669335,6,0.010985714,0.866707848
NP0114303,Koshi,Udayapur,Chaudandigadhi,1,283.0440256,86.88017532,26.8087152,137.8428218,561.3074285,18746.62377,1562.218648,1920.273191,1352.527823,1587.288685,1767.506501,147.2922084,273.9675239,101,1061.690674,960.6906738,189.3205228,12.33456157,60.17070073,166.0980135,0.003969545,-0.016037802,0.307289583,88.30910107,0.311997757,24,797.5,797.5,122.2,604,1,72.34640849,0.003559479,1.907880686,21.13262618,0.541040792,3.064711326,0,1.003773048,0,0,72.34640849,2,36309.49154,128.2821337,38.06026367,2156.307861,516.4709491,61.84551814,957,1.824701822,0.218501408,16935,0.992460434,59.83168154,0.350638185,2,0.007066039,0.575142643
NP0114304,Koshi,Udayapur,Belaka,1,338.3742358,87.04997425,26.8244931,156.3527473,740.6544911,21263.97363,1771.997803,2143.805292,1575.871391,1822.904297,1993.452506,166.1210422,315.7362827,73.79639435,1217.624512,1143.828117,250.753643,14.31094285,63.23231484,163.6895418,0.022002777,-0.075192677,1.037650287,120.3239819,0.355594396,36,782.6,782.6,218.7,218.7,2,69.79518144,0.3551767,3.99573788,20.98206358,0.304860001,1.971230687,0,2.595749719,0,0,69.79518144,2,21419.21462,63.30037086,24.9641196,814.8225098,589.1708876,41.1568388,976,1.741181288,0.121631124,11569,0.660200233,34.18995531,0.195109486,11,0.032508385,1.951137924
NP0114401,Koshi,Udayapur,Tapli,0,118.8603316,86.5428711,27.07837596,113.9109247,494.1539673,15491.88576,1290.99048,1497.057615,1109.341855,1207.07804,1489.433744,124.1194787,1086.417181,287.5,2119.169434,1831.669434,415.0605919,29.00917172,65.43904721,340.2302629,-0.080441873,0.223806731,0.779939198,32.85799057,0.276442023,15,906.5,906.5,198.9,16567.3,1,74.90341005,0,12.95145305,10.99445658,0.025197379,0.688728372,0,0.436754578,0,0,74.90341005,3,2099.323763,17.66210589,6.192695466,18.34454536,480.3630918,52.20844396,1131,4.041407972,0.439241951,4882,0.207806069,41.0734173,0.174832146,9,0.075719122,2.034289436
NP0114402,Koshi,Udayapur,Limchunbung,0,106.5560613,86.64083498,27.08713993,118.1614242,514.397054,16069.95369,1339.162807,1584.511759,1153.678671,1290.592041,1613.802883,134.4835735,1114.114816,251,2244.665527,1993.665527,468.5526316,31.09472986,60.00404431,27.97905827,0.084054769,0.158223515,1.166869007,34.24205879,0.32135252,9,884.2,884.2,145.5,16814.3,1,74.74415548,0,15.9046099,8.018026476,0,0.553938597,0,0.779269552,0,0,74.74415548,3,169.2144775,1.588032398,169.2144775,169.2144775,402.0298387,5.388311832,474,3.772941997,0.050567859,2233,0.103010358,20.95610492,0.096672453,8,0.07507785,2.031951985
NP0114403,Koshi,Udayapur,Udayapurgadhi,1,268.9459093,86.53643439,26.93768892,127.1484649,516.9273193,17292.19123,1441.015936,1773.411887,1242.902601,1404.859709,1638.400161,136.5333468,766.4106712,131.5040588,2122.003662,1990.499603,361.3026952,23.66244781,66.22593254,216.4870316,-0.084119251,-0.113734472,0.726237688,73.64592173,0.273831723,25,839.6,839.6,112.5,112.5,2,88.80502677,0,3.030190363,7.960291493,0.033462225,0.171029149,0,0,0,0,88.80502677,2,5843.007751,21.725587,265.5912614,1039.498657,678.9890731,40.72799364,1083,2.524630603,0.151435632,7980,0.409034816,29.67139385,0.152088134,2,0.00743644,3.403942183
NP0114404,Koshi,Udayapur,Rautamai,1,203.6109292,86.671094,26.98201204,118.7005197,477.8014221,16143.27068,1345.272556,1547.293289,1159.795522,1264.616435,1575.04871,131.2540592,1091.612415,197.9146729,2342.051758,2144.137085,465.7617268,29.9630356,66.22660391,71.37685511,0.126978127,0.042789971,1.348733413,64.22261045,0.315418287,24,873,873,117.8,117.8,2,87.3638559,0,6.786259918,5.357054852,0.08870928,0.137992213,0,0.26612784,0,0,87.3638559,3,10021.36679,49.21821648,81.47452676,348.705658,644.6123959,93.02463717,981,3.165902726,0.456874479,4251,0.219386104,20.87805412,0.107747705,4,0.019645311,1.819663654
NP0114595,Koshi,Udayapur,Koshi Tappu,0,5.370247999,86.99849916,26.71495486,0,0,0,0,0,0,0,0,0,91.20961968,88.5,99.33872986,10.83872986,0.632884426,0.454404244,6.265447401,197.8933122,-0.011665184,-0.036130524,0.292718967,4.954537823,0.922590134,3,782.6,782.6,218.7,218.7,2,31.83453237,2.517985612,32.01438849,27.87769784,0,3.417266187,0,2.338129496,0,0,32.01438849,3,0,0,0,0,7.780575028,0,9,1.448829743,0,5,0.000481169,0.931055698,0.008959902,0,0,2.972853997
NP0215301,Madhesh,Saptari,Surunga,1,106.8094661,86.53956906,26.69936548,127.8372694,530.0392456,17385.86864,1448.822387,1918.427874,1228.729876,1449.590341,1534.619397,127.8849497,126.0614998,82.42838287,386.4330444,304.0046616,32.89956643,3.022961406,46.16407487,237.4975383,-0.209817205,-0.133680976,0.624298364,45.06412334,0.421911325,12,726.8,726.8,220.6,220.6,1,26.01595495,0.009385265,6.166119193,60.08446739,2.196152041,5.24636321,0,0.281557954,0,0,60.08446739,4,34941.12472,327.1350939,57.00020345,1440.269043,212.6355113,26.19258147,569,1.990792756,0.245227155,8016,0.482697475,75.04952785,0.451923872,12,0.112349593,1.363897416
NP0215302,Madhesh,Saptari,Khadak,0,96.55256663,86.60454803,26.64074166,134.5352197,581.4252319,18296.78987,1524.73249,2028.73199,1292.830255,1540.527551,1606.601761,133.8834801,137.8771734,83.66913605,431.9741516,348.3050156,55.86780982,5.47740875,52.02870824,201.0878173,-0.095135126,-0.246704615,0.885145267,44.58516521,0.461770896,5,726.8,726.8,220.6,220.6,1,38.22887434,0.02078786,3.294875793,54.32907182,3.066209334,0.997817275,0,0.06236358,0,0,54.32907182,2,35436.83067,367.0211152,53.85536577,317.0292969,158.3870534,10.5120512,461,1.640423024,0.108873866,7828,0.470062094,81.07500684,0.486845778,11,0.113927577,0.73531541
NP0215303,Madhesh,Saptari,Shambhunath,0,108.4540299,86.68197973,26.63815831,140.6959862,579.7858683,19134.65413,1594.554511,2065.170821,1353.710779,1582.543055,1684.518506,140.3765422,160.6130919,80.52698517,452.9016418,372.3746567,69.91352853,7.98152835,58.87670139,188.7655627,-0.032767565,-0.212510359,0.102913952,27.58875838,0.254382049,7,719.5,719.5,321.9,322.1,1,49.06555091,0.027894003,2.436076244,45.68107857,2.026964203,0.650860065,0,0.111576011,0,0,49.06555091,2,31064.66015,286.4315893,45.28376115,538.6113281,158.2229476,18.11004993,463,1.458894131,0.166983651,5826,0.323099244,53.71861245,0.297913544,8,0.073763972,0.732290557
NP0215304,Madhesh,Saptari,Saptakoshi,1,60.08947454,86.92725022,26.7106389,154.8345866,616.1811523,21057.50378,1754.791982,2167.221417,1522.056896,1807.705994,1943.13414,161.927845,128.795999,86.21031952,290.2835083,204.0731888,42.31804659,4.450002373,35.38989776,117.0608431,0.20264699,-0.103525006,0.947714511,17.09496472,0.284491832,6,764.7,764.7,153.8,1120.2,1,54.98241501,0,2.311170658,34.98576453,1.942723162,4.220398593,0,1.557528052,0,0,54.98241501,2,16893.00547,281.1308569,15.48396468,191.7362518,96.82094724,7.833841299,209,1.611279645,0.130369609,8239,0.421339905,137.1121991,0.701187534,4,0.066567399,1.385306642
NP0215305,Madhesh,Saptari,Kanchanrup,0,117.0261175,86.89818398,26.63609918,149.2725411,617.9223226,20301.06559,1691.755466,2113.853513,1454.536252,1746.694005,1795.12183,149.5934858,118.2061749,76,363.8879089,287.8879089,49.36855363,4.27637252,50.24180999,129.2040568,0.138166649,-0.11270226,2.498789903,33.95115797,0.290116076,9,757.9,757.9,212.9,213,1,36.19991383,0,5.359758725,45.18741922,2.34381732,3.050409306,0,7.841447652,0.017233951,0,45.18741922,4,42602.30509,364.0410022,38.76460882,322.7254333,279.402969,35.37382568,730,2.387526605,0.302272915,24312,1.173846689,207.7484968,1.003063858,8,0.068360808,1.595650966
NP0215306,Madhesh,Saptari,Bode Barsain,0,58.80137221,86.57134055,26.56442762,129.9586841,582.8189697,17674.38103,1472.865086,2003.234838,1254.992956,1521.651215,1526.277644,127.1898037,84.46674433,65.51107788,114.1145554,48.60347748,8.169765698,1.332801698,15.37148385,208.5760888,-0.099461352,-0.182606306,0.571963123,20.50125706,0.348652698,7,726.8,726.8,220.6,220.6,1,9.312977099,0,2.103477523,83.20610687,4.223918575,0.593723494,0,0.559796438,0,0,83.20610687,2,34207.62383,581.7487339,38.00847093,237.9051361,152.5745806,19.0142766,437,2.594745239,0.323364505,6294,0.379840948,107.0383184,0.645972931,8,0.136051247,1.759604443
NP0215307,Madhesh,Saptari,Dakneshwori,0,68.95549701,86.63036262,26.53016349,133.7915525,583.5341797,18195.65114,1516.304262,2017.159689,1283.415405,1539.258408,1564.759418,130.3966181,78.6466305,65.24389648,103.5846329,38.34073639,7.005367042,1.288573823,15.27979901,183.3683983,-0.011183901,-0.190016697,0.088406489,39.00063792,0.565591427,4,719.5,719.5,321.9,322.1,1,8.985338946,0,2.235447815,84.22122224,3.425751198,0.899985484,0,0.232254318,0,0,84.22122224,2,32237.46564,467.5111781,55.2011398,218.2171631,183.204403,9.594316334,550,2.656849866,0.139137803,11519,0.498713847,167.0497712,0.723240161,11,0.159523178,1.653492659
NP0215308,Madhesh,Saptari,Rajbiraj,0,55.13607138,86.76534827,26.53548945,136.2299483,601.8563639,18527.27297,1543.939414,2061.419399,1312.230903,1630.661255,1590.68217,132.5568475,81.57972641,66.65068054,106.4011154,39.75043488,7.333244418,1.602166712,16.45535016,179.501994,0.001521643,-0.175061176,0.359876198,18.58131349,0.337008296,2,719.7,719.7,375.1,375.1,1,14.66787989,0,3.967242948,69.31756142,8.298453139,3.348498635,0,0.400363967,0,0,69.31756142,3,52894.2828,959.3407995,30.12202893,121.7171555,212.7498223,34.45327337,543,3.858632234,0.62487719,9245,0.710860688,167.6760743,1.289284257,7,0.126958628,1.523710896
NP0215309,Madhesh,Saptari,Hanumannagar Kankalini,1,117.8792181,86.87617487,26.51246942,147.5760274,642.2215271,20070.33973,1672.528311,2146.125071,1433.566764,1706.449898,1710.242308,142.5201923,73.91118884,61.97572708,97.91261292,35.93688583,4.259796499,0.910494435,17.86031891,213.1569707,-0.039104819,-0.05985649,0.244704242,55.45021941,0.470398602,24,743.8,743.8,181.2,56143.3,1,12.22610623,0,12.86554693,46.5683349,1.551709438,2.958478984,0,23.53141785,0.298405661,0,46.5683349,4,36986.03991,313.7621755,37.02306297,319.9789124,324.6529307,37.43035046,1006,2.754115068,0.317531377,18784,0.837771933,159.349547,0.710703673,12,0.101799114,1.84257631
NP0215401,Madhesh,Saptari,Rupani,1,55.94372543,86.72961124,26.61263603,141.1424766,614.5073547,19195.37682,1599.614735,2086.755389,1353.623807,1652.946747,1668.254219,139.0211849,129.5788873,83.66458893,400.7283936,317.0638046,56.23532232,4.252297536,52.80325813,183.562497,-0.016124205,-0.258991948,0.251662739,10.84083114,0.193781001,3,719.7,719.7,375.1,375.1,1,29.26391382,0.017953321,3.967684022,61.16696589,2.262118492,3.123877917,0,0.197486535,0,0,61.16696589,2,21465.28554,383.6942459,36.6927958,206.5712738,117.1655407,11.95489013,255,2.094346413,0.213694923,4793,0.250108488,85.67538116,0.447071563,4,0.071500422,2.198832413
NP0215402,Madhesh,Saptari,Agnisair Krishna Sabaran,1,102.8229174,86.79443714,26.64708456,143.4977958,619.5994263,19515.70022,1626.308352,2071.270618,1395.667089,1657.510235,1713.333471,142.7777893,161.460635,84.76977539,411.6363831,326.8666077,60.26153214,8.582029161,56.00189929,160.6457411,0.063402157,-0.180499991,1.299470076,22.79610709,0.22170259,8,757.9,757.9,212.9,213,1,61.13781265,0.00980873,2.246199117,34.07552722,1.314369789,1.157430113,0,0.058852379,0,0,61.13781265,2,21466.83723,208.7748313,38.33363791,145.719101,125.4163881,20.84962118,283,1.219731858,0.202772122,5657,0.276475265,55.01691785,0.268884868,7,0.068078208,2.2092775
NP0215403,Madhesh,Saptari,Tirahut,0,37.71542492,86.85333195,26.59327682,142.8212779,608.8751831,19423.6938,1618.64115,2104.444969,1387.302293,1664.441696,1686.661567,140.5551306,91.81806176,77.91989899,126.784462,48.86456299,7.566220379,1.58609127,23.28824351,155.2022063,0.117879313,-0.25514001,1.290145919,12.14842182,0.322107516,1,743.8,743.8,181.2,56143.3,1,19.12626532,0,2.797016516,73.44166223,1.518380394,3.036760788,0,0.079914758,0,0,73.44166223,2,16459.62829,436.4163554,83.55141263,278.3104248,103.2561077,11.6274771,215,2.737768643,0.308295005,6732,0.305057112,178.4946083,0.808839122,5,0.132571753,1.645785779
NP0215404,Madhesh,Saptari,Balan-Bihul,1,32.97535307,86.51955581,26.57150534,126.2394262,554.6290894,17168.56196,1430.713497,1947.632899,1210.554821,1464.013062,1506.62055,125.5517125,83.4205462,72.6307373,101.8258057,29.19506836,3.999641566,1.274751101,14.54478487,155.3432941,0.049815751,-0.108523138,1.91305162,5.251339778,0.159250449,2,748.1,748.1,132,369,1,8.408408408,0,2.702702703,79.48948949,3.663663664,3.663663664,0,2.072072072,0,0,79.48948949,2,17771.65031,538.9373778,55.36339661,181.8370361,78.60199854,14.06306521,198,2.383659043,0.426472013,2364,0.124595991,71.68990716,0.377845812,5,0.151628399,0.989180509
NP0215405,Madhesh,Saptari,Mahadewa,0,34.88144462,86.81564034,26.55063034,140.4330727,610.0410767,19098.89788,1591.574824,2099.561722,1355.750031,1661.674194,1644.051649,137.0043041,80.93952214,72.07299805,103.5066223,31.43362427,4.551625379,1.266711242,15.14548087,162.7013514,0.068899161,-0.221228116,0.935342679,13.19434595,0.3782626,2,735.4,735.4,90.8,56234.1,1,13.12697048,0,1.862997994,82.11521926,2.2642591,0.544568644,0,0.085984523,0,0,82.11521926,2,22773.31406,652.8776059,50.60736457,222.7788696,112.8858816,4.297079095,218,3.23627312,0.123190973,8087,0.348386764,231.842462,0.998773897,6,0.172011224,1.435180564
NP0215406,Madhesh,Saptari,Rajgadh,0,47.80861619,86.67307331,26.49539856,139.6218444,662.1396484,18988.57083,1582.380903,2152.672771,1351.921194,1700.189186,1562.811709,130.2343091,72.39521149,63.21037292,96.71773529,33.50736237,6.214622909,1.335057174,15.03506285,187.7031202,-0.019487529,-0.14407378,1.03866287,26.19098336,0.547829773,2,719.7,719.7,375.1,375.1,1,9.46969697,0,1.157407407,86.30050505,2.672558923,0.294612795,0,0.105218855,0,0,86.30050505,2,22094.61802,462.147198,64.98417063,145.3495026,114.3898304,2.846151688,274,2.392661397,0.059532191,6088,0.275467075,127.3410629,0.576187091,9,0.188250586,0.31641834
NP0215407,Madhesh,Saptari,Bishnupur,0,36.52886904,86.71779993,26.51861612,0,0,0,0,0,0,0,0,0,77.07369318,64.45908356,99.60435486,35.1452713,5.636653804,1.605986148,15.29515499,186.7239653,-0.020210443,-0.171424477,0.248180185,14.36243948,0.393180513,4,719.7,719.7,375.1,375.1,1,13.35327713,0,2.855588795,79.82050585,3.073157465,0.707098178,0,0.190372586,0,0,79.82050585,2,18988.03471,519.8089951,40.9224886,156.2784424,93.55137291,5.390289994,294,2.561025714,0.147562466,4664,0.246380772,127.6798358,0.674482345,4,0.109502432,1.686380614
NP0215408,Madhesh,Saptari,Chhinnamasta,0,38.6149473,86.73155203,26.46200204,146.4590751,709.9852295,19918.43422,1659.869518,2222.209456,1424.743104,1778.679276,1634.073605,136.1728004,66.69593097,60.22306824,85.43605042,25.21298218,3.341660659,1.400297504,16.70987373,183.0391831,-0.004948653,-0.093206288,1.276156328,21.24375622,0.550143343,3,719.7,719.7,375.1,375.1,1,13.307393,0,0.907911803,82.12710765,3.242542153,0.259403372,0,0.155642023,0,0,82.12710765,2,21173.5102,548.3242029,47.05224489,156.9811707,120.5910359,14.53896284,286,3.122910798,0.37651127,10454,0.368884813,270.7241814,0.955290214,5,0.129483538,1.043913273
NP0215409,Madhesh,Saptari,Tilathi Koiladi,1,32.83243666,86.80603124,26.48948692,148.7543886,687.7950745,20230.59685,1685.883071,2246.030607,1449.141792,1799.940742,1700.91047,141.7425392,70.4422462,64.29321289,87.01613617,22.72292328,3.009874319,1.30654591,15.61467255,184.6161273,-0.01078021,-0.133515286,0.94937582,15.68809695,0.477823109,3,735.4,735.4,90.8,56234.1,1,15.92785081,0,3.026597371,72.48547845,2.873738918,1.406297768,0,4.280036686,0,0,72.48547845,2,25122.1513,765.1625604,41.52421703,149.8081818,90.28800281,15.1669929,203,2.749963511,0.461951486,12113,0.446945471,368.9339334,1.361292417,8,0.243661477,0.632311685
NP0215595,Madhesh,Saptari,Koshi Tappu,0,70.49773647,86.97062682,26.64196027,156.4853124,680.289917,21282.00249,1773.500207,2189.059508,1532.701262,1817.774307,1918.234258,159.8528548,84.86209184,77.5,95.62557983,18.12557983,3.47127449,0.68830316,9.218308441,261.6189563,-0.047165634,-0.006948871,0.759718637,38.99061892,0.553076182,10,764.7,764.7,153.8,1120.2,2,26.19182747,0.099318956,14.78433598,43.5584563,0,4.597048808,0,10.74063564,0.028376844,0,43.5584563,4,0,0,0,0,22.94517774,0,13,0.325473964,0,17,0.000606509,0.241142494,0.000860325,0,0,3.803992519
NP0216301,Madhesh,Siraha,Karjanha,0,76.72114059,86.17942483,26.86816785,120.9191061,639.9145101,16444.99843,1370.416536,1931.823436,1170.146277,1482.195038,1497.541807,124.7951506,142.5203416,90,482.6610718,392.6610718,70.43782721,6.131207644,47.5320637,216.1648022,-0.151754261,-0.207613391,0.091919563,26.9954698,0.351864813,8,772.7,772.7,162.5,1880.4,1,35.75986457,0.247428051,4.96158354,48.62612319,3.581195468,5.443417112,0,1.380388071,0,0,48.62612319,3,47088.96837,613.7678351,178.3673044,1120.841309,237.8048083,12.27211675,565,3.099599491,0.159957434,13372,0.75156674,174.2935506,0.979608403,4,0.052136868,0.554853249
NP0216302,Madhesh,Siraha,Mirchaiya,1,91.81916774,86.25747616,26.83528353,122.3010593,599.3181915,16632.94406,1386.078672,1913.526367,1183.550476,1475.971855,1495.943573,124.6619644,168.4714652,88.4384613,659.2171021,570.7786407,100.2303707,6.581116942,55.73799483,208.2418418,-0.141193876,-0.262864345,1.080075683,35.33029546,0.384781264,9,772.7,772.7,162.5,1880.4,1,40.07453688,0.021922613,3.398005042,51.2441083,4.59278746,0.591910556,0,0.054806533,0.021922613,0,51.2441083,2,70153.73568,764.0423825,144.6468777,884.1351318,223.9793594,17.74672769,651,2.439352968,0.193279117,7005,0.595430809,76.29126001,0.648482037,4,0.043563889,0.732048648
NP0216303,Madhesh,Siraha,Golbazar,1,111.7360233,86.34378922,26.81469605,126.1275473,570.2549896,17153.34643,1429.445536,1916.564961,1218.080398,1463.886566,1513.655472,126.137956,192.8011924,98.83644104,660.7177734,561.8813324,96.90602518,6.256828567,60.13677128,212.0676232,-0.159358796,-0.254358871,0.998658399,33.95832494,0.303915639,6,757.8,757.8,129.2,129.2,1,37.88466745,0.054146738,6.199801462,49.40889811,4.38588575,2.01245375,0,0.054146738,0,0,49.40889811,3,70279.50623,628.9780515,115.4014881,2574.809082,271.3299642,21.93132355,655,2.428312339,0.196278003,9650,0.905414421,86.36426922,0.810315594,6,0.053697991,0.784648766
NP0216304,Madhesh,Siraha,Dhangadhimai,0,159.1984899,86.41362987,26.81066702,134.5072259,591.0827433,18292.98272,1524.415227,2021.701573,1314.054753,1552.498266,1638.698242,136.5581868,233.8266914,100.08638,725.4360962,625.3497162,115.434938,8.45485643,56.3122478,189.0679405,-0.04033306,-0.252713091,0.098734302,66.77927693,0.419471799,16,769.5,769.5,150.8,150.8,1,52.71366581,0.031444563,2.823721779,40.26161877,2.169674863,1.92440727,0,0.075466952,0,0,52.71366581,2,30788.89368,193.3994079,244.3562991,1614.93335,360.4645511,19.05959573,1111,2.264246045,0.119722214,11016,0.84148738,69.19663626,0.528577489,4,0.025125866,5.250285641
NP0216305,Madhesh,Siraha,Lahan,1,166.8342524,86.48111005,26.75670765,129.7980606,565.2276611,17652.53624,1471.044687,1957.729098,1260.255943,1490.128965,1564.326173,130.3605144,151.0422453,95.2956543,381.2939758,285.9983215,51.69691372,5.168108865,48.72964348,174.738281,0.01748269,-0.189836599,0.81625488,55.59097832,0.333210822,14,769.5,769.5,150.8,150.8,1,41.47058824,0.030012005,2.629051621,49.30372149,3.871548619,2.539015606,0,0.150060024,0.006002401,0,49.30372149,2,84702.06155,507.7018678,44.76853147,665.8642578,414.9381675,19.7178397,1076,2.487128162,0.118188198,21702,1.524021325,130.0812015,0.913494264,10,0.05993973,1.271960962
NP0216306,Madhesh,Siraha,Kalyanpur,0,76.68864467,86.19960203,26.76047519,111.9274027,543.7254333,15222.12676,1268.510564,1780.662125,1076.219369,1350.100449,1340.953493,111.7461244,89.2633146,76.36833191,118.162178,41.79384613,6.706542973,1.039028798,13.25968653,222.0806121,-0.121190162,-0.134215082,0.581880918,34.05330148,0.444046203,7,772.7,772.7,113.7,113.7,1,8.366064415,0,5.564283844,77.52029327,4.529981671,1.741293532,0,2.278083268,0,0,77.52029327,3,76394.19877,996.160502,140.9487062,857.7588501,272.2490194,25.97596373,729,3.550056473,0.338719818,21660,0.922072249,282.440772,1.202358254,4,0.052158961,1.659916663
NP0216307,Madhesh,Siraha,Sukhipur,0,54.67503613,86.35018516,26.69662112,123.7675461,580.560201,16832.38627,1402.698856,1924.963982,1201.833448,1458.350978,1457.634387,121.4695323,96.68823635,81.30476379,120.6009979,39.29623413,6.271635073,1.205696873,11.45221508,202.368817,-0.086020205,-0.209023481,0.044598776,24.16334685,0.441944781,3,763,763,229.3,229.3,1,10.38510677,0,2.810731885,81.78499726,4.617630955,0.273772586,0,0.12776054,0,0,81.78499726,2,57108.19664,1044.50222,173.0551413,722.4210205,173.3722433,15.58778607,474,3.170958001,0.28509878,10387,0.661379118,189.9770121,1.209654652,1,0.018289883,1.685172165
NP0216308,Madhesh,Siraha,Siraha,1,94.04631483,86.21947442,26.64740657,102.6916716,456.8869527,13966.06733,1163.838945,1656.516159,1006.636464,1264.005219,1163.370304,96.94752534,75.86167267,61.63768768,96.01445007,34.37676239,5.1641462,1.213751921,13.10435064,212.8664678,-0.064235951,-0.099421198,0.708377136,38.27542022,0.406984796,6,757.8,757.8,129.2,129.2,1,10.7275624,0,1.858736059,79.20339883,6.266595858,0.477960701,0,1.46574615,0,0,79.20339883,3,147379.1086,1567.090734,84.7981062,1382.920532,320.962984,40.29144448,779,3.412818297,0.4284213,35405,1.696564416,376.4634485,1.803966928,9,0.09569753,1.579957957
NP0216401,Madhesh,Siraha,Naraha,1,29.22773739,86.27974838,26.77512219,115.9131193,545.2529297,15764.18423,1313.682019,1810.918406,1114.780157,1381.357681,1382.759095,115.2299246,117.0966146,97,155.9424286,58.94242859,11.82227342,1.458475702,17.86385772,227.3119888,-0.242216544,-0.223417172,1.46569,2.070129731,0.070827574,1,772.7,772.7,113.7,113.7,1,11.72460804,0,1.431492843,82.07225631,4.635310157,0.068166326,0,0.068166326,0,0,82.07225631,2,34467.769,1179.282835,282.5226968,1880.753296,102.3046714,19.54236654,191,3.500259703,0.668623995,3039,0.267833533,103.976574,0.916367661,2,0.06842815,0.880186935
NP0216402,Madhesh,Siraha,Bishnupur,0,26.29978001,86.25120779,26.72885654,119.3526573,549.0606079,16231.96139,1352.663449,1849.367296,1164.315099,1408.167984,1407.001329,117.2501107,93.86040889,80.31234741,111.202507,30.89015961,5.748392567,1.180760192,12.26041778,227.1477833,-0.204659374,-0.189863406,0.796938799,8.912227896,0.338870815,2,749,749,118.9,2112.9,1,10.76807229,0,0.978915663,82.60542169,5.30873494,0.075301205,0,0.263554217,0,0,82.60542169,3,28428.5519,1080.942574,160.6132876,339.7408752,84.34540447,1.268348551,229,3.207076426,0.048226584,3883,0.274977465,147.6438205,1.045550439,5,0.190115659,0.630970274
NP0216403,Madhesh,Siraha,Arnama,0,37.69332306,86.28823873,26.69612377,115.3309274,560.2648315,15685.00613,1307.083844,1856.946558,1124.544862,1421.98468,1335.557287,111.2964405,92.12064153,74.23336029,117.1314011,42.89804077,8.466450979,1.199124672,12.06293362,201.1321332,-0.088489485,-0.228943479,0.891954752,20.94736363,0.555731412,2,749,749,122.7,251.8,1,8.492569002,0,1.539278132,85.32377919,4.40552017,0.079617834,0,0.159235669,0,0,85.32377919,2,30795.58754,817.0037834,119.3627424,297.6656494,96.88660115,13.69325276,210,2.570391605,0.363280593,7633,0.369114373,202.5027082,0.979256652,2,0.053059795,0.779792777
NP0216404,Madhesh,Siraha,Aurahi,0,35.804788,86.30651897,26.64221681,113.4366718,547.4006653,15427.38737,1285.615614,1828.15265,1105.687175,1384.702843,1303.869761,108.6558134,80.65383149,70.73518372,96.98636627,26.25118256,4.241098407,1.061017594,12.50021936,216.2471072,-0.090658941,-0.123656286,0.133427012,4.865941192,0.135901969,2,749,749,122.7,251.8,1,5.793103448,0,1.544827586,88.63448276,3.696551724,0.193103448,0,0.137931034,0,0,88.63448276,2,43580.88851,1217.180465,191.986293,916.194519,91.1302587,10.93154263,245,2.54519755,0.30530952,6462,0.30562517,180.4786555,0.85358743,1,0.027929226,1.389717398
NP0216405,Madhesh,Siraha,Bariyarpatti,0,37.64655065,86.36701392,26.63023134,122.9586442,611.9415283,16722.37562,1393.531301,1947.931036,1191.69077,1455.142181,1438.30773,119.8589775,84.07140359,73.5,98.03840637,24.53840637,3.060218161,1.285842699,12.21313223,208.7724202,-0.075631606,-0.137730382,0.255369458,16.75607379,0.445089218,3,763,763,229.3,229.3,1,7.307998937,0,2.285410577,85.67632208,4.411373904,0.292319957,0,0.026574542,0,0,85.67632208,2,40064.3716,1064.224236,242.8143733,980.9174805,110.6054202,15.9551686,299,2.937996131,0.423814887,6856,0.331380947,182.1149582,0.880242522,2,0.053125717,1.221530575
NP0216406,Madhesh,Siraha,Laxmipur Patari,0,42.24928129,86.41233721,26.66880245,123.1983364,630.4721069,16754.97375,1396.247812,1968.136256,1186.771346,1466.76799,1419.855747,118.3213122,95.76287004,83.20305634,116.8269958,33.62393951,6.216332181,1.138173391,12.41455886,197.8211938,-0.072570302,-0.225743101,0.463356997,18.34507182,0.43421027,3,763,763,229.3,229.3,1,8.051148473,0,0.876154393,86.24200805,4.025574236,0.663035757,0,0.142079091,0,0,86.24200805,2,39992.77563,946.5906736,176.1796283,564.5523682,120.4189673,0,294,2.850201556,0,6838,0.383483283,161.848907,0.907668182,1,0.023669042,1.81980065
NP0216407,Madhesh,Siraha,Nawarajpur,0,32.11325696,86.43264646,26.6078892,123.7283236,580.8713786,16827.05202,1402.254335,1913.854435,1196.404524,1458.322922,1457.906318,121.4921932,86.47155343,76.12352753,105.9616318,29.83810425,4.009236803,1.342833807,13.16822898,213.3198058,-0.083332904,-0.126766706,0.714110506,19.25964497,0.599741253,1,700.9,700.9,397.2,397.2,1,8.172778123,0,0.839030454,86.97949037,3.822249845,0.186451212,0,0,0,0,86.97949037,2,20857.38821,649.4946383,74.75766384,193.961731,97.44095296,7.939258769,215,3.034290577,0.247226832,5366,0.282789848,167.0961001,0.880601579,2,0.062279575,2.43091447
NP0216408,Madhesh,Siraha,Sakhuwa Nankarkatti,1,32.77765959,86.46918557,26.63679452,0,0,0,0,0,0,0,0,0,93.36777194,84.83722687,109.7946243,24.95739746,3.661705177,1.197258983,18.88022085,213.8420587,-0.073349406,-0.109394237,1.971571704,15.89635728,0.484975361,1,748.1,748.1,132,369,1,9.286798179,0,4.64339909,75.23520486,3.641881639,6.130500759,0,1.062215478,0,0,75.23520486,3,30148.99975,919.8033088,79.33947302,354.0691528,96.79504034,12.80796803,211,2.953079675,0.390752976,4740,0.24743028,144.6106909,0.754874764,2,0.061017169,1.380083205
NP0216409,Madhesh,Siraha,Bhagawanpur,0,32.96439781,86.4718522,26.58608945,125.785072,570.4910889,17106.7698,1425.56415,1953.309134,1215.681749,1480.605591,1488.018584,124.0015487,85.29250166,77.5,100.7339859,23.2339859,3.051420154,1.16569449,13.52704578,201.645406,-0.047077527,-0.118629506,0.105999284,20.9450612,0.635384311,2,748.1,748.1,132,369,1,8.201701094,0,2.187120292,82.41190765,3.584447145,2.582017011,0,1.032806804,0,0,82.41190765,2,19282.7819,584.9578085,46.3528411,174.3712311,84.45376015,7.835987167,192,2.561968844,0.237710612,5762,0.29881924,174.7946386,0.90649082,1,0.030335758,1.699104148
NP0217201,Madhesh,Dhanusa,Janakpurdham,0,91.8585341,85.93425953,26.72569314,97.94420246,593.5254517,13320.41153,1110.034295,1699.660143,1020.643605,1395.967143,1112.992741,92.74939511,74.46758509,62.66623688,92.97990417,30.3136673,4.704544408,1.215444169,12.44117518,194.9799118,-0.03431017,-0.128227108,1.432187304,33.14513491,0.360828041,4,786.5,786.5,306.3,306.3,1,13.21354224,0,1.895474964,69.04787992,15.31719075,0.098608524,0,0.405390599,0.021913005,0,69.04787992,3,50946.92818,554.6237885,16.45041272,404.4867554,587.6390225,78.63246662,2303,6.397217507,0.856016998,42587,3.050272004,463.6150622,3.320619074,18,0.195953486,0.65134906
NP0217301,Madhesh,Dhanusa,Mithila,1,187.6885894,85.96471793,26.97899951,128.6202959,683.036204,17492.36025,1457.696687,2050.711685,1246.39049,1600.147135,1618.357232,134.8631027,271.6368265,109.8115768,717.7129517,607.9013748,105.2538587,7.101204708,49.34324381,200.570546,-0.104589438,-0.27869061,0.464394816,69.85409105,0.372180809,14,808.1,808.1,177.6,177.6,2,66.13461027,0.069167332,4.501197127,21.24501197,2.548550146,5.480180899,0,0.021282256,0,0,66.13461027,3,35398.74775,188.6036219,165.4147091,10263.10352,321.7320629,47.51506914,620,1.714180196,0.253159072,14839,1.010851531,79.06181218,0.538579108,29,0.154511258,2.877560404
NP0217302,Madhesh,Dhanusa,Ganeshman Charnath,1,243.9456996,86.12327361,26.93925942,130.6162518,715.9946289,17763.81025,1480.317521,2099.073996,1278.352901,1651.800494,1626.25872,135.52156,215.2622847,93.81017303,485.6191101,391.8089371,77.7711584,9.651312878,55.18943518,176.4059259,0.011046164,-0.175864003,0.92167495,82.30016236,0.337370827,22,801.4,801.4,193.7,1578.6,2,71.37816436,0.016411603,3.491568539,20.12883108,1.169326714,3.241291593,0,0.574406105,0,0,71.37816436,2,26165.61425,107.2599939,108.1223729,740.0765381,249.0068413,26.1766359,476,1.020747001,0.107305175,7460,0.505087127,30.58057597,0.207048998,5,0.020496365,2.256711154
NP0217303,Madhesh,Dhanusa,Chhireshwornath,0,50.78034827,85.97330806,26.84649964,113.8305238,656.7227478,15480.95123,1290.079269,1940.032359,1116.129877,1512.221222,1382.425382,115.2021152,110.9812044,86.75148773,158.3717041,71.62021637,13.81135872,1.370198797,13.91817451,199.071136,-0.097910047,-0.283208684,1.203142113,23.92564546,0.471159539,1,786.5,786.5,306.3,306.3,1,16.73895899,0.039432177,7.176656151,64.0181388,8.320189274,2.917981073,0,0.749211356,0.039432177,0,64.0181388,4,23656.99767,465.8691498,79.12039356,526.0082397,218.8012253,19.44237507,498,4.308777564,0.382872031,11394,0.783712851,224.3781382,1.543338866,19,0.37416049,1.786929038
NP0217304,Madhesh,Dhanusa,Dhanushadham,1,91.51408595,86.04302784,26.87416188,121.4668363,688.5928345,16519.48973,1376.624144,2047.448728,1183.852768,1583.100048,1500.960713,125.0800594,135.0139637,90.67008972,336.7991333,246.1290436,38.8375333,2.706774259,44.99514367,174.9307587,0.026447334,-0.298144159,1.17807923,22.13628288,0.241889351,5,786.5,786.5,361.4,361.8,1,31.42982168,0.010939722,5.49174051,58.7244284,3.238157751,0.853298326,0,0.240673887,0.010939722,0,58.7244284,3,36914.44269,403.3744347,187.3829578,576.2171021,203.0254767,33.20991937,293,2.218516139,0.362894073,10081,0.678002929,110.1579051,0.740872754,5,0.054636398,1.649608572
NP0217305,Madhesh,Dhanusa,Mithila Bihari,0,37.54583317,86.0010226,26.79743578,101.6310298,587.4143372,13821.82005,1151.818338,1743.211274,1021.499181,1379.494537,1199.534129,99.96117745,93.01770144,78.10792542,120.4824982,42.37457275,7.096571868,1.393761673,16.1581479,185.6008257,-0.021362931,-0.217843699,2.20426878,0,0,0,786.5,786.5,361.4,361.8,1,15.15795062,0,2.22989116,76.24104062,5.787098487,0.39819485,0,0.185824263,0,0,76.24104062,3,26419.91759,703.6710962,97.85154661,527.4256592,121.9857448,0.171429504,240,3.248982231,0.004565873,8389,0.546399027,223.4335821,1.455285395,11,0.292975254,0.153904915
NP0217306,Madhesh,Dhanusa,Sabaila,0,64.37823902,86.10217951,26.79872179,113.7350244,593.7421875,15467.96332,1288.996944,1865.914674,1102.739894,1419.700027,1395.593127,116.2994272,90.11959868,79.12407684,111.8501511,32.72607422,4.236443359,1.017535615,14.67418106,189.1288136,-0.02672253,-0.166298767,0.066661902,25.36384388,0.393981635,6,786.5,786.5,361.4,361.8,1,8.88372093,0,2.201550388,79.25581395,5.333333333,1.581395349,0,2.728682171,0.015503876,0,79.25581395,3,50029.16476,777.1129735,76.14789156,1513.506226,214.8199403,29.9990043,513,3.336840889,0.465980505,12852,0.84362361,199.6326739,1.310417344,8,0.124265592,0.957054155
NP0217307,Madhesh,Dhanusa,Hansapur,1,48.64533754,86.0274806,26.75799279,0,0,0,0,0,0,0,0,0,81.55348826,69.51816559,102.8931274,33.37496185,4.590692692,1.371307771,14.61982504,183.2063346,-0.00968275,-0.172845803,0.039503175,25.26010488,0.519270832,5,786.5,786.5,361.4,361.8,1,16.14027892,0,1.004922067,78.30188679,4.286300246,0.123051682,0,0.143560295,0,0,78.30188679,2,29990.48398,616.5130206,135.7035474,557.1897583,140.729611,18.81738472,181,2.892972238,0.386828125,7469,0.448613543,153.5398946,0.922212828,12,0.246683456,0.641015435
NP0217308,Madhesh,Dhanusa,Shahidnagar,0,57.28611979,86.10672126,26.73499975,113.696878,564.8594157,15462.77541,1288.564618,1853.569445,1116.692717,1420.705434,1350.782194,112.5651828,81.07571986,72.44086456,99.85335541,27.41249084,3.905119698,1.116360866,13.60131625,206.8990157,-0.056218057,-0.110816561,1.607431001,14.49759938,0.253073509,2,786.5,786.5,361.4,361.8,1,11.32273283,0,1.17071466,81.44329897,5.486632885,0.192206885,0,0.384413769,0,0,81.44329897,3,37753.27902,659.0301308,84.45923718,353.2504883,186.074198,16.39630334,501,3.248155028,0.286217733,9943,0.534231466,173.5673499,0.93256703,2,0.034912471,1.591828308
NP0217309,Madhesh,Dhanusa,Nagarain,0,38.9542748,85.92450517,26.6443482,88.96059923,481.1886597,12098.6415,1008.220125,1532.436932,929.448204,1237.933472,1033.273558,86.10612983,64.94087638,60.08068085,79.23921204,19.15853119,2.252372445,1.311813831,13.73789069,221.6057192,-0.045268589,-0.050976988,0.989838285,9.692014335,0.248804897,2,786.5,786.5,306.3,306.3,1,15.33110023,0,1.829425406,77.6603968,4.895645452,0.025766555,0,0.25766555,0,0,77.6603968,2,31714.09093,814.1363455,103.3032278,337.2630005,189.233421,6.705137526,521,4.857834526,0.172128414,8561,0.49838428,219.7704885,1.27940844,20,0.51342247,0.552525029
NP0217310,Madhesh,Dhanusa,Bideha,0,45.44632983,86.06032181,26.67893751,108.0243685,539.2048645,14691.31411,1224.276176,1816.036977,1085.770074,1411.149086,1234.274182,102.8561818,72.69269617,64.99363708,88.07984924,23.08621216,3.011410332,1.343944582,12.86538512,207.0683328,-0.033486499,-0.065527639,1.089431073,18.1194674,0.398700345,5,780.6,780.6,165,325.6,1,12.82785982,0,0.859598854,81.88230108,4.209830284,0.022040996,0,0.198368966,0,0,81.88230108,2,101910.7881,2242.442645,167.6164277,4485.439453,101.6414186,12.93406536,184,2.236515445,0.284600878,10540,0.415596911,231.9219184,0.914478491,1,0.022003977,1.291036078
NP0217311,Madhesh,Dhanusa,Kamala,0,65.74503475,86.15585577,26.69952877,110.06954,502.1587016,14969.45744,1247.454786,1753.364319,1083.661951,1348.996674,1278.059564,106.5049637,78.08645192,68.96037292,93.35558319,24.39521027,3.428751564,1.063267714,13.17706202,202.7934161,-0.024208119,-0.057607368,0.868271431,43.88502565,0.66750327,10,749,749,118.9,2112.9,1,11.12797935,0,9.093669349,67.96720814,4.736602399,2.550478215,0,4.524062547,0,0,67.96720814,3,26364.77184,401.0154065,71.83861536,1129.248779,177.7287372,15.42826012,428,2.70330281,0.234668066,11762,0.588483179,178.9032441,0.895099046,32,0.486728772,2.15642547
NP0217401,Madhesh,Dhanusa,Bateshwor,0,31.61777517,85.92269615,26.88504224,121.7998376,704.3650513,16564.77791,1380.398159,2040.826574,1190.832275,1604.842545,1488.78172,124.0651433,128.4303011,92.18679047,174.7352142,82.54842377,17.45237125,1.870449323,11.95407095,196.6433441,-0.093508482,-0.312803452,0.011383504,4.437350696,0.140343546,1,808.1,808.1,177.6,177.6,1,30.60520539,0.031357792,5.111320163,55.59736595,5.769833804,2.539981185,0,0.344935717,0,0,55.59736595,4,19725.02431,623.8587063,519.0795872,4103.972656,127.3399878,21.09355649,252,4.02748097,0.667142339,5377,0.363859833,170.0625667,1.150807833,19,0.600927798,0.579123212
NP0217402,Madhesh,Dhanusa,Laxminiya,0,30.61885222,85.93412585,26.79814897,103.9110312,595.7576904,14131.90025,1177.658354,1772.019997,1035.293481,1399.750145,1231.427558,102.6189631,89.43795698,78.89151764,105.7756729,26.88415527,4.849092496,1.213452455,12.03978671,208.6045185,-0.109076867,-0.200023593,1.757292922,3.3097453,0.108095015,1,786.5,786.5,306.3,306.3,1,13.47167325,0.032938076,2.832674572,75.65876153,7.575757576,0.362318841,0,0.065876153,0,0,75.65876153,3,19417.08144,634.1544518,16.89911353,525.6208496,133.4593499,18.49645675,369,4.358731313,0.604087202,3675,0.283533833,120.0240941,0.926010651,17,0.555213497,0.455335427
NP0217403,Madhesh,Dhanusa,Aurahi,1,25.52095825,86.01564562,26.71177324,109.7143107,578.4921265,14921.14626,1243.428855,1829.594154,1114.170774,1443.073822,1260.586223,105.0488519,73.24431834,68.87673187,84.50686646,15.63013458,1.953943491,1.202859044,13.12606133,209.3143476,-0.042921191,-0.076439804,1.520171435,5.172558912,0.202678867,3,786.5,786.5,361.4,361.8,1,15.21568627,0,0.941176471,78.82352941,4.784313725,0.039215686,0,0.196078431,0,0,78.82352941,2,16539.71094,648.0834605,73.83799526,384.6842346,66.19800802,15.12217814,133,2.593868435,0.59253959,6149,0.269809931,240.9392289,1.057209249,1,0.039183482,1.797738684
NP0217404,Madhesh,Dhanusa,Dhanauji,0,22.09892367,85.98316563,26.67725904,98.29025067,546.9943848,13367.47409,1113.956174,1685.404524,1013.918282,1350.930481,1109.851665,92.48763875,69.02407284,63.25859451,84.56524658,21.30665207,2.241791016,1.308526851,12.0999794,207.6621415,-0.0398486,-0.076022408,0.605246516,0,0,0,786.5,786.5,361.4,361.8,1,14.90711373,0,2.129587676,77.93384685,4.666968736,0.090620752,0,0.181241504,0.090620752,0,77.93384685,2,19833.3763,897.4815517,168.0794602,719.5632324,60.45710938,0.995838596,99,2.735749048,0.045062765,6701,0.259757651,303.2274377,1.175431234,3,0.135753218,0.919504381
NP0217405,Madhesh,Dhanusa,Mukhiyapatti Musaharmiya,1,26.80564683,85.87845558,26.60421486,95.53555066,512.2350464,12992.83489,1082.736241,1660.573082,983.2912584,1334.196426,1071.779085,89.31492372,61.5594257,55.70399857,73.11051178,17.40651321,2.101711111,1.509371099,12.49941008,235.8668311,-0.04822233,-0.032689701,0.673306213,10.65629776,0.397539288,3,786.5,786.5,306.3,306.3,1,21.09375,0,1.078869048,73.21428571,4.501488095,0.074404762,0,0,0.037202381,0,73.21428571,2,19306.6976,720.2474061,45.96832762,266.9385681,167.4118428,0,502,6.245394632,0,5287,0.305086141,197.2345615,1.138141313,17,0.634194732,0.427172992
NP0217406,Madhesh,Dhanusa,Janak Nandini,1,27.57427356,86.13368098,26.64459695,0,0,0,0,0,0,0,0,0,72.25170998,65.67588043,83.89263153,18.2167511,1.976854762,1.18759238,12.07481332,235.9835985,-0.056307206,-0.038003146,2.248079474,0,0,0,797.4,797.4,160.8,160.8,1,11.58202411,0,4.713189624,75.30142492,5.261234929,0.767263427,0,2.374862989,0,0,75.30142492,3,26312.22266,954.2308561,74.11893708,334.9605103,122.7830298,4.502000964,579,4.452811042,0.163268162,7983,0.369449435,289.5089868,1.339833791,2,0.072531376,2.16214112
NP0218301,Madhesh,Mahottari,Bardibas,1,315.2226984,85.85523283,27.03595387,130.1736263,653.0000793,17703.61318,1475.301098,2036.628695,1256.408383,1568.059247,1666.271854,138.8559878,322.0447686,101.9966202,787.9960327,685.9994125,145.2769295,8.251819256,56.32392653,198.8627004,-0.087226196,-0.255309103,1.116808236,141.0623571,0.447500633,24,823.5,823.5,180.7,180.7,2,66.87296625,0.051043195,4.150449818,21.65507561,1.764180438,5.477572896,0,0.028711797,0,0,66.87296625,3,46991.82067,149.0749902,150.6148098,3914.372314,656.3156131,51.05790632,1331,2.082069649,0.161974079,20484,1.354745871,64.98263006,0.429774213,53,0.1681351,0.279786612
NP0218302,Madhesh,Mahottari,Gaushala,0,144.590392,85.78147328,26.94946206,130.0135708,683.5220825,17681.84563,1473.487135,2120.555714,1267.074516,1655.888043,1632.0344,136.0028667,142.3033977,93.9566803,232.7787323,138.822052,29.44215623,1.761973596,21.51797042,202.6714967,-0.1385094,-0.331580619,0.210308304,87.89255084,0.607872692,13,823.5,823.5,180.7,180.7,2,38.63384956,0.193584071,3.947732301,49.77184735,3.284015487,4.113661504,0,0.055309735,0,0,49.77184735,2,52191.91381,360.9639139,219.2937555,4932.537109,461.5472594,54.65076901,662,3.192101861,0.377969575,13097,0.899125154,90.58001585,0.621842947,37,0.255895288,0.404071974
NP0218303,Madhesh,Mahottari,Aurahi,1,35.71841314,85.80062443,26.86588676,124.1608287,651.597229,16885.8727,1407.156058,2030.312769,1205.325652,1581.298889,1535.53561,127.9613008,100.0257541,82.65258789,132.0434113,49.39082336,8.081558986,1.160995466,13.39958006,203.5107441,-0.111454405,-0.256196195,1.780323459,14.78107052,0.41382215,2,783.5,783.5,244.2,549.1,1,12.89325843,0.084269663,5,75.81460674,5.168539326,0.814606742,0,0.224719101,0,0,75.81460674,4,28579.71965,800.1396796,110.7741072,435.3281555,164.0053553,54.36679694,271,4.591619304,1.522094409,6237,0.359049756,174.61582,1.005223146,18,0.50394176,1.034325187
NP0218304,Madhesh,Mahottari,Bhangaha,1,77.12684808,85.87201872,26.84934996,118.060766,661.4644775,16056.26418,1338.022015,1985.522886,1152.884974,1546.862162,1427.851557,118.9876297,99.66245406,80.32842255,141.0272675,60.69884491,10.63406176,1.078936757,14.5154922,197.2792183,-0.094378707,-0.303402696,0.443950592,41.39677585,0.536736258,9,808.2,808.2,126,257.6,1,11.59022606,0.026133542,5.383509735,76.38834444,3.750163335,2.077616621,0,0.770939501,0.013066771,0,76.38834444,3,37027.53618,480.0862099,172.2210985,1082.583862,278.3927262,30.11709987,616,3.609543669,0.390487886,9090,0.548554056,117.8577918,0.711236191,38,0.492694839,0.368404554
NP0218305,Madhesh,Mahottari,Ram Gopalpur,0,39.49742834,85.78349937,26.80998535,113.1657494,611.3661296,15390.54192,1282.54516,1900.268353,1100.90258,1475.934916,1365.517446,113.7931205,84.20205851,74.20903778,100.6075821,26.39854431,4.355770609,1.307866677,12.6704721,185.669465,-0.016166564,-0.16284619,1.432528737,13.43601424,0.340174406,2,783.5,783.5,244.2,549.1,1,16.86899342,0,2.857865453,74.63328275,4.855842185,0.581689428,0,0.202326758,0,0,74.63328275,2,26036.50552,659.1949555,108.4854397,413.4897461,134.4877623,21.71938555,246,3.404975157,0.549893663,5768,0.333558528,146.0348241,0.844506952,13,0.329135353,0.654439983
NP0218306,Madhesh,Mahottari,Manara Shisawa,0,49.68004966,85.75327105,26.7246859,114.1269179,611.4822693,15521.26084,1293.438403,1963.037651,1135.790766,1563.752228,1328.971968,110.747664,70.76211826,59.72164536,89.75959778,30.03795242,4.585377784,1.491053503,16.01668336,197.9036915,-0.031539463,-0.097626551,1.585009896,11.90318117,0.239596805,4,783.5,783.5,244.2,549.1,1,23.29236349,0,0.664920411,70.0382833,5.923836389,0.040298207,0,0.040298207,0,0,70.0382833,3,38555.62503,776.0786331,54.5341231,217.0358276,145.9853161,48.70222287,275,2.938509866,0.980317516,9173,0.509967341,184.6415224,1.026503284,19,0.382447283,0.590848385
NP0218307,Madhesh,Mahottari,Balawa,1,44.02837992,85.8193626,26.76845509,108.1313053,604.0966187,14705.85752,1225.488127,1854.563799,1079.226485,1482.390572,1259.529643,104.9608036,78.86580028,69.07537842,98.86717987,29.79180145,5.065163163,1.450072705,12.73215497,208.2538995,-0.069741873,-0.129774753,2.010632523,1.543397481,0.035054605,1,776,776,202.1,637.3,1,21.4708561,0,5.601092896,66.32513661,5.942622951,0.455373406,0,0.182149362,0.02276867,0,66.32513661,4,33882.45319,769.55939,179.2722391,1152.946289,202.4838704,16.50147726,464,4.598939838,0.374791834,11138,0.698386296,252.9731964,1.586218474,24,0.545102955,0.552220388
NP0218308,Madhesh,Mahottari,Loharpatti,0,50.00851459,85.86499749,26.76951381,102.4542788,578.1531372,13933.78191,1161.148493,1785.208785,1015.902378,1405.228775,1187.773863,98.98115528,79.07628708,65.90116882,97.13298035,31.23181152,4.762986579,1.288955188,15.35617568,191.3739444,-0.031674599,-0.157458033,0.546162583,19.25575723,0.385049574,4,808.1,808.1,177.6,177.6,1,18.83912432,0.040168709,4.980919863,70.97810805,4.780076321,0.28118096,0,0.100421771,0,0,70.97810805,2,32022.7923,640.3468001,61.93963694,368.8287964,219.1157587,20.97725635,588,4.381569029,0.419473694,10616,0.705127913,212.2838498,1.410015712,39,0.779867195,0.83328514
NP0218309,Madhesh,Mahottari,Jaleshwor,1,44.21108635,85.79951097,26.6466326,103.7835175,559.3098145,14114.55838,1176.213198,1804.783706,1053.831214,1458.328491,1178.032758,98.16939648,63.59004121,57.74137878,75.5100174,17.76863861,2.419243803,1.508334144,12.22763981,204.5110909,-0.027290553,-0.059852948,1.320841161,20.80881997,0.470669728,3,776,776,202.1,637.3,1,27.35527809,0,1.770715096,62.45175936,8.240635641,0.158910329,0,0.022701476,0,0,62.45175936,3,46272.91633,1046.63604,45.01256452,339.3098755,249.541843,43.52182623,720,5.64432733,0.98440979,17692,1.089239393,400.1711213,2.463724561,26,0.588087788,0.289144563
NP0218310,Madhesh,Mahottari,Matihani,0,28.98797705,85.85977285,26.64275285,0,0,0,0,0,0,0,0,0,63.68939416,56.77981186,75.76926422,18.98945236,2.177155899,1.341004531,13.12173251,192.0447457,-0.018367093,-0.086079769,1.186320618,7.407763456,0.255546065,1,786.5,786.5,306.3,306.3,1,17.94782609,0,1.495652174,74.33043478,6.086956522,0.034782609,0,0.069565217,0.034782609,0,74.33043478,3,24350.50473,840.0208364,85.74121384,348.7645264,162.1552643,21.77545542,513,5.593879974,0.751189204,4911,0.265271943,169.4150644,0.91511023,15,0.517455908,0.324309488
NP0218401,Madhesh,Mahottari,Sonama,1,57.72016669,85.72287894,26.866925,121.6050931,643.4957275,16538.29267,1378.191056,2023.293662,1180.975839,1573.71022,1522.899688,126.9083074,93.31539811,80.88950348,118.3862762,37.49677277,6.386609962,1.49905053,14.71833674,209.356821,-0.091857089,-0.163307712,0.132207013,5.591629039,0.09687479,2,816.8,816.8,184.8,184.8,1,22.68381714,0.069528941,2.346601773,71.26716496,3.215713541,0.417173649,0,0,0,0,71.26716496,2,28708.0633,497.3662577,38.95259607,132.7837677,169.2992568,31.04675995,287,2.933104086,0.537884101,7541,0.443455417,130.6475784,0.768285059,15,0.259874509,1.15003354
NP0218402,Madhesh,Mahottari,Samsi,0,21.55204575,85.74776887,26.80572542,0,0,0,0,0,0,0,0,0,83.11948762,75.08433533,102.4701691,27.38583374,4.66137071,1.670807301,12.52042416,197.2334065,-0.035162971,-0.113359188,1.257241985,8.654113502,0.401544874,1,783.5,783.5,244.2,549.1,1,23.96463471,0,0.37226617,67.752443,7.910656119,0,0,0,0,0,67.752443,3,26899.79156,1248.131703,63.14505062,603.4627075,68.39992098,10.18321981,140,3.173708972,0.472494348,6164,0.347251696,286.005332,1.611223824,12,0.556791691,0.529342257
NP0218403,Madhesh,Mahottari,Ekadara,0,23.97288222,85.76490989,26.68738611,110.5019171,587.7913208,15028.26072,1252.35506,1909.753509,1111.199083,1534.421265,1248.696292,104.0580244,66.3299511,60.75473404,78.644104,17.88936996,2.284256947,1.466496841,14.90178356,212.0370937,-0.049668136,-0.079371244,0.509059693,4.328070319,0.180540257,1,783.5,783.5,244.2,549.1,1,26.9343371,0,0.460058553,66.24843162,6.273525721,0.041823505,0,0.041823505,0,0,66.24843162,3,22959.22433,957.7164777,34.99881757,173.9051819,77.9046577,14.22284604,188,3.249699263,0.593288946,5756,0.313464311,240.1046293,1.307578739,14,0.583993192,0.458805662
NP0218404,Madhesh,Mahottari,Mahottari,0,28.05000072,85.81165058,26.70341647,0,0,0,0,0,0,0,0,0,68.88471255,63.43631744,84.45366669,21.01734924,2.837270666,1.455248224,15.14756299,196.0240991,-0.02689373,-0.093640915,0.963252541,12.85726643,0.458369558,1,776,776,202.1,637.3,1,22.51066856,0.035561878,1.244665718,70.09246088,5.903271693,0,0,0.213371266,0,0,70.09246088,3,21594.48327,769.8567814,74.2078463,380.0429993,90.55756697,10.67317137,216,3.228433678,0.380505208,5808,0.329944627,207.0588182,1.176273151,10,0.35650623,0.67389178
NP0218405,Madhesh,Mahottari,Pipara,0,39.93245427,85.86834012,26.69437425,101.7606817,597.3514709,13839.45271,1153.287726,1762.993526,1043.313065,1436.530273,1176.284227,98.02368561,69.22035526,61.95219803,85.00809479,23.05589676,3.314808052,1.406591066,16.54185173,181.9195612,-0.003146737,-0.093889845,1.419449887,6.317720325,0.158210169,2,776,776,202.1,637.3,1,21.39117427,0,1.171777612,71.67788581,5.509847918,0.124657193,0,0.124657193,0,0,71.67788581,3,25841.72262,647.1358472,51.37519409,197.1702881,186.2787726,39.1871356,553,4.664846577,0.981335516,8342,0.455424445,208.9027622,1.140486989,15,0.375634312,0.549316073
NP0219301,Madhesh,Sarlahi,Bagmati,1,101.1249952,85.47711633,27.07765402,137.941893,705.8114136,18760.09745,1563.341454,2167.177135,1353.192106,1721.872607,1700.398657,141.699888,134.9996061,93.96134186,631.3872681,537.4259262,67.66414448,3.412965711,58.84826455,210.0498796,-0.121648725,-0.210278798,0.823184307,43.12450449,0.426447531,11,880.4,880.4,222.8,223,1,32.05014313,0.345474287,4.224656993,52.62066923,2.487414865,6.218537163,0,2.053104333,0,0,52.62066923,3,31005.04139,306.6011655,53.82819686,291.6584473,428.1539217,21.43443843,974,4.233907955,0.211959846,16185,0.934784896,160.0494513,0.924385602,14,0.138442528,0.38905577
NP0219302,Madhesh,Sarlahi,Hariwan,1,95.32833258,85.57412197,27.10056244,136.0939326,662.750351,18508.77484,1542.397903,2078.349167,1348.726191,1651.295959,1705.117556,142.0931297,212.3993763,118.2419434,614.7122803,496.4703369,109.4123165,8.407468489,58.99591445,197.6205412,-0.093168374,-0.293339002,0.293622956,24.61159915,0.25817717,8,889.6,889.6,158.7,158.7,1,49.41114616,0.031545741,2.103049422,43.60672976,3.333333333,1.314405889,0,0.199789695,0,0,49.41114616,2,20990.93143,220.1961459,25.07877112,148.8470001,398.0126232,24.38553723,970,4.175176597,0.255805767,14146,0.957830618,148.3923994,1.004770137,8,0.083920486,1.653421862
NP0219303,Madhesh,Sarlahi,Lalbandi,1,238.2899894,85.68889342,27.10282341,137.397345,673.73801,18686.03893,1557.169911,2128.334765,1354.750196,1678.229919,1736.778036,144.731503,294.1023434,111.2611084,702.0553589,590.7942505,134.1537745,10.13522387,61.25234418,221.5711659,-0.136839094,-0.154281895,1.005170005,89.85500338,0.377082577,19,889.6,889.6,158.7,158.7,1,67.55086598,0.029426602,1.984193711,24.9117202,1.832856903,3.594249201,0,0.096687405,0,0,67.55086598,2,43731.30251,183.5213583,37.92827625,435.5115662,706.9361199,33.29952455,1822,2.966705071,0.139743699,22220,1.397906883,93.24772751,0.586641045,17,0.071341646,5.044612252
NP0219304,Madhesh,Sarlahi,Barahathawa,0,106.995167,85.45368667,26.98171778,141.5940062,786.7041016,19256.78484,1604.73207,2286.891612,1410.420378,1837.237442,1723.10391,143.5919925,94.02120271,82.98664093,115.172699,32.18605804,4.73590323,1.186041562,14.59153984,221.833617,-0.074587353,-0.083322974,0.769201564,34.84694619,0.325687105,10,880.4,880.4,222.8,223,2,19.96655208,0,2.090495215,70.96534423,4.2088637,1.923255598,0,0.826906996,0.01858218,0,70.96534423,2,51819.23541,484.3137956,68.00424595,594.7618408,427.9006191,22.91860807,1070,3.999251848,0.214202274,22829,1.57019969,213.3647776,1.467542633,110,1.02808382,0.529390433
NP0219305,Madhesh,Sarlahi,Haripur,1,66.81928494,85.54835429,27.01119641,128.0843991,640.309611,17419.47827,1451.623189,2040.146704,1280.420338,1643.074056,1592.247482,132.6872902,114.0473607,96.79042053,138.7636871,41.9732666,7.881397003,1.673867114,17.90979243,205.4988286,-0.079917758,-0.167559879,0.025207639,6.877835906,0.102931899,1,866.6,866.6,119,277.8,2,40.40840662,0,3.487852139,50.91667909,3.085407661,1.550156506,0,0.551497988,0,0,50.91667909,2,27346.72236,409.2639181,38.84477608,201.9078522,222.6726493,28.48031372,582,3.332460824,0.426228951,12110,0.642714516,181.2351032,0.961869791,22,0.329246265,0.835036435
NP0219306,Madhesh,Sarlahi,Ishworpur,1,163.6853731,85.69379398,27.00926135,131.4937514,665.3337301,17883.1502,1490.262516,2101.441241,1296.278761,1658.345306,1664.43304,138.7027533,182.1372038,96.13365173,677.5457153,581.4120636,104.6467994,4.019868195,61.11832744,216.5286976,-0.151595642,-0.204655295,1.143258493,54.1475492,0.330802613,10,851.4,851.4,144.9,145.1,2,54.19544093,0.012222698,1.833404632,39.42431095,2.548432439,1.84562733,0,0.134449673,0.006111349,0,54.19544093,2,46606.10074,284.7297829,37.16594956,197.1433411,543.3083673,38.87432416,1040,3.319223685,0.237494184,21526,1.350001858,131.5083907,0.824754119,32,0.195497004,2.837163667
NP0219307,Madhesh,Sarlahi,Kabilashi,0,48.07681492,85.536754,26.94104321,136.1703219,697.1138306,18519.16378,1543.263648,2211.552915,1353.624995,1763.47084,1660.893034,138.4077528,95.31441784,85.33648682,113.9367523,28.6002655,4.555796115,1.300671267,14.53688442,202.8757342,-0.065776325,-0.155898532,0.623370548,29.49580669,0.613514159,2,866.6,866.6,119,277.8,1,20.00836295,0,2.132552791,71.16872256,4.369642484,1.839849467,0,0.480869747,0,0,71.16872256,2,42392.9777,881.7759198,67.07749636,281.978241,211.7608009,21.95406137,576,4.404634568,0.456645504,12154,0.701436179,252.8037687,1.458990535,53,1.10240248,1.513049334
NP0219308,Madhesh,Sarlahi,Godaita,0,48.59603663,85.44554581,26.8443311,126.0236953,667.3733521,17139.22256,1428.268547,2035.562351,1241.510577,1620.598175,1542.272138,128.5226781,79.118667,70.57529449,93.08512878,22.50983429,3.391747498,1.3153067,14.5265088,202.9719985,-0.026679549,-0.062938581,0.944346934,6.840960043,0.140771975,2,846.8,846.8,140.8,418.3,1,21.55614863,0.020529665,0.349004311,72.79819339,5.235064668,0.020529665,0,0.020529665,0,0,72.79819339,3,46273.80128,952.2134827,170.1242694,870.2907715,267.0471292,42.42152835,686,5.495245039,0.872942143,12560,0.620819255,258.4572914,1.277510056,18,0.370400577,1.34271738
NP0219309,Madhesh,Sarlahi,Malangawa,0,30.42362737,85.54775106,26.85873105,125.278445,654.096344,17037.86852,1419.822377,2061.831001,1227.517607,1617.678696,1549.705081,129.1420901,82.39016836,74.44885254,96.1136322,21.66477966,3.329644424,1.155957968,12.4737208,206.9171144,-0.053602601,-0.105578325,1.961673391,14.51917287,0.477233457,2,828.3,828.3,140.3,558.7,1,13.53654539,0,1.147164864,74.53294002,10.35725991,0.163880695,0,0.262209112,0,0,74.53294002,3,39101.99979,1285.251075,35.8405131,204.4469452,188.2531489,14.74740591,621,6.187728591,0.484735292,14872,0.9158571,488.8305993,3.010348138,4,0.131476762,0.631417214
NP0219310,Madhesh,Sarlahi,Haripurwa,0,30.47692947,85.68679493,26.91463701,130.2699711,679.1629639,17716.71606,1476.393005,2130.069244,1279.953855,1674.502411,1629.230818,135.7692348,102.6471349,86.64933014,133.6101837,46.96085358,8.051560382,1.413411201,14.3483954,199.6776363,-0.092164695,-0.257722932,1.330408956,7.480543121,0.245449369,1,822.3,822.3,234.3,496.2,1,19.32114883,0.032637076,1.501305483,73.49869452,5.156657963,0.489556136,0,0,0,0,73.49869452,3,33808.59412,1109.317596,74.7977746,250.8097534,125.2444619,27.01025211,280,4.109484259,0.886252407,7561,0.427897084,248.0892968,1.404003263,7,0.229681931,0.485181488
NP0219311,Madhesh,Sarlahi,Balara,0,48.52907168,85.36861203,26.79522918,119.2810532,605.8312988,16222.22324,1351.851937,1964.347344,1153.548355,1539.369736,1458.170804,121.5142336,75.15220518,67.5,89.49225616,21.99225616,2.031843964,1.397013982,12.80793742,191.0789933,-0.008360379,-0.042696062,0.164454228,23.7916462,0.490255539,3,855,855,131.9,131.9,1,21.65841584,0,4.104785479,67.57425743,4.001650165,0.391914191,0,2.268976898,0,0,67.57425743,2,41604.15709,857.3037904,277.3610473,4787.529785,213.2919257,28.22523927,596,4.395137148,0.581615067,11251,0.553939196,231.8404126,1.141458464,40,0.8242482,0.051324229
NP0219401,Madhesh,Sarlahi,Basbariya,0,29.4047343,85.43925941,26.92598232,133.3840824,729.6016846,18140.23521,1511.686268,2134.097268,1319.805495,1711.554863,1617.471325,134.7892771,86.37661893,79.82139587,101.8831787,22.06178284,2.323715911,1.108175771,12.12634739,205.8973285,-0.04087154,-0.084181605,0.057492647,13.04467529,0.443625001,2,880.4,880.4,222.8,223,1,13.8482477,0,1.73528411,79.51684246,3.572643756,0.340251786,0,0.98673018,0,0,79.51684246,2,25347.28934,862.0138879,207.7646667,378.6936951,115.4462359,4.158576452,270,3.926110495,0.141425405,5882,0.317854558,200.0358153,1.080963885,9,0.306073162,0.495238814
NP0219402,Madhesh,Sarlahi,Chandranagar,0,47.46627074,85.60043074,26.93746964,131.3474956,651.3669739,17863.25941,1488.60495,2129.672151,1297.783615,1676.563049,1634.127016,136.1772513,99.36041419,84.34307861,122.4138412,38.07076263,5.613908953,1.235017721,14.65762526,204.2823577,-0.092554222,-0.205153285,1.40526326,37.46877156,0.789376772,3,832.3,832.3,117.1,262.3,1,16.53361345,0.021008403,2.331932773,76.09243697,3.634453782,0.798319328,0,0.588235294,0,0,76.09243697,2,33950.20144,715.2489738,64.5441092,270.8313599,171.0718278,24.56165525,316,3.604071377,0.517454918,8136,0.456683643,171.4059241,0.962122443,9,0.189608323,0.236191784
NP0219403,Madhesh,Sarlahi,Dhanakaul,1,45.91764384,85.40913252,26.88300089,129.9884399,703.48172,17678.42783,1473.202319,2092.995861,1283.555066,1676.01342,1574.509095,131.2090913,81.72246577,74.38148499,94.80805969,20.42657471,2.112391695,1.074532621,12.37281194,208.7941289,-0.029634238,-0.053917566,1.316449988,14.14127719,0.307970445,2,855,855,131.9,131.9,1,14.89361702,0,5.861919236,75.64046895,2.62700825,0.173686496,0,0.803300043,0,0,75.64046895,3,27557.48468,600.1502336,161.1548812,748.9138794,211.2710395,5.659650758,487,4.601086245,0.123256559,8420,0.408114002,183.3717781,0.888795609,14,0.304893693,0.25356783
NP0219404,Madhesh,Sarlahi,Chakraghatta,1,25.14107816,85.509711,26.89991653,0,0,0,0,0,0,0,0,0,87.32505331,81.49324799,100.3857422,18.8924942,2.56666294,1.225651114,13.44255851,202.9661582,-0.046789815,-0.110411169,0.24007703,11.8046758,0.469537373,3,866.6,866.6,119,277.8,1,18.38851217,0,1.276426007,73.07538891,5.384922218,1.31631432,0,0.558436378,0,0,73.07538891,3,22953.18352,912.9753057,83.77074276,232.1116028,119.9497423,9.621255921,306,4.771065962,0.382690665,7096,0.401223119,282.2472431,1.595886685,9,0.357979874,0.201404871
NP0219405,Madhesh,Sarlahi,Ramnagar,0,26.42436556,85.38148823,26.83811282,122.5873285,649.4908447,16671.87667,1389.323056,2012.017658,1199.711939,1593.891098,1484.439684,123.703307,78.21165023,73.126091,90.21874237,17.09265137,1.638555613,1.360438927,12.51669974,200.1986991,-0.019172958,-0.052114226,1.471006153,0,0,0,855,855,131.9,131.9,1,21.83864916,0,2.814258912,67.31707317,5.290806754,0.262664165,0,2.476547842,0,0,67.31707317,3,14157.16797,535.7618877,79.09032387,238.549057,134.0380441,27.80196686,437,5.072517021,1.052133751,7760,0.371208008,293.6683563,1.4047944,8,0.302750883,0.30031664
NP0219406,Madhesh,Sarlahi,Kaudena,1,25.31311703,85.50717287,26.85871137,129.3472326,704.3669434,17591.22363,1465.935303,2112.028244,1273.312653,1670.787476,1586.417408,132.2014507,81.19299095,75.31485748,94.89308167,19.57822418,2.523645821,1.126436669,11.43516655,173.382794,0.013617337,-0.117382454,1.97841517,2.466561073,0.097442013,1,846.8,846.8,140.8,418.3,1,18.33663366,0,0.871287129,75.08910891,5.346534653,0.356435644,0,0,0,0,75.08910891,3,25498.15452,1007.309945,108.5027852,1336.499756,156.9854795,8.722243542,431,6.201744308,0.344574061,6580,0.332752974,259.9442807,1.314547606,28,1.106145875,0.235127835
NP0219407,Madhesh,Sarlahi,Brahmapuri,0,33.86803155,85.60978418,26.89019027,0,0,0,0,0,0,0,0,0,89.08191325,76.11369324,110.2998657,34.18617249,5.811181124,1.352556057,12.72538613,200.6433182,-0.063510396,-0.168579567,0.306266222,13.86151321,0.409280155,1,822.3,822.3,234.3,496.2,1,18.2969947,0,1.178550383,75.89864467,4.1543901,0.147318798,0,0.324101355,0,0,75.89864467,2,29232.62633,863.1333146,88.58371615,267.1402893,98.14686261,5.623344045,232,2.897920491,0.166036932,5888,0.330126059,173.8512612,0.974742387,5,0.147631845,1.281211796
NP0219408,Madhesh,Sarlahi,Bishnu,1,28.07840762,85.4725751,26.81537103,122.8226052,644.6539307,16703.87431,1391.989526,2028.865802,1203.578912,1605.391907,1484.672884,123.7227404,76.47258117,71.17554474,91.57335663,20.39781189,2.324715061,1.221271395,11.36521889,203.6992107,-0.028060468,-0.063925922,1.525847522,6.349006887,0.226117057,2,846.8,846.8,140.8,418.3,1,17.85588752,0,0.351493849,77.4340949,4.358523726,0,0,0,0,0,77.4340949,2,22285.57116,793.6907056,216.3647685,634.9375,113.7395722,22.38080655,324,4.05078428,0.797082472,6489,0.291144327,231.1028491,1.036897572,18,0.641061995,0.223953372
NP0219409,Madhesh,Sarlahi,Parsa,1,23.10040404,85.65376715,26.87363723,126.4693953,639.1990356,17199.83776,1433.319813,2084.516937,1233.4144,1621.300507,1577.540291,131.4616909,88.8577553,80.1368103,103.7633438,23.62653351,3.245361367,1.42370523,13.09526849,198.7418236,-0.061625872,-0.181629115,0.660614454,19.6938442,0.852532456,1,822.3,822.3,234.3,496.2,1,19.41376381,0,1.231945624,75.02124044,4.205607477,0.084961767,0,0,0.042480884,0,75.02124044,2,25718.17764,1113.32155,77.69842186,284.3534546,86.01567431,23.46058465,149,3.723557136,1.015591961,5081,0.265880962,219.9528627,1.150979704,5,0.216446431,1.428637913
NP0232301,Madhesh,Rautahat,Gujara,0,150.2995817,85.26946421,27.10483575,144.1600997,800.8126424,19605.77357,1633.814464,2314.58712,1394.471007,1811.773977,1718.967911,143.247326,144.6360485,86.71298981,829.3875122,742.6745224,77.48505174,3.177077452,53.08368757,184.7865927,-0.016847742,-0.201199025,0.102526021,70.78414677,0.470953718,12,870.5,870.5,187.6,187.7,2,58.38823451,0.046582818,2.44227058,34.78405537,1.57716111,2.535436215,0,0.2262594,0,0,58.38823451,2,40173.52078,267.2896379,62.77112622,454.596344,347.2178067,37.97857327,737,2.310171477,0.252685821,12712,0.862871287,84.57774702,0.574100924,7,0.046573649,6.488019055
NP0232302,Madhesh,Rautahat,Chandrapur,0,249.8582273,85.36807886,27.13883281,148.706415,779.7839617,20224.07244,1685.33937,2339.132932,1451.301612,1846.658369,1808.621146,150.7184289,215.8522636,94.51674652,918.2374268,823.7206802,146.6173232,8.297691098,62.20053947,185.9801315,-0.02587977,-0.247053641,0.346494832,111.8416689,0.447620517,17,895.7,895.7,162.9,163.1,1,70.77200722,0.060156407,2.474433527,22.99177862,1.908963305,1.375576499,0,0.413073992,0.004010427,0,70.77200722,2,61591.74488,246.5067713,40.73528101,292.838501,651.3964876,47.6963099,1683,2.607064393,0.190893494,24685,1.487037454,98.79602632,0.595152487,16,0.064036314,1.139374011
NP0232303,Madhesh,Rautahat,Phatuwa Bijayapur,0,65.2341185,85.20332776,27.02028958,139.2381678,810.3519694,18936.39082,1578.032569,2242.592837,1357.59235,1795.027883,1641.540351,136.7950293,99.54365614,84.71897125,138.3693848,53.65041351,9.108368779,0.987340155,11.99049359,176.130287,0.0100659,-0.14881114,0.902220189,21.38960124,0.327889787,1,975,975,155.7,155.7,2,13.35970785,0,2.951917225,75.65429093,3.469263542,3.07364577,0,1.49117468,0,0,75.65429093,2,29942.72949,459.0041252,101.1578699,408.4205627,237.3031173,30.10533415,543,3.637714784,0.461496757,10630,0.694401898,162.9515389,1.064476556,2,0.030658803,1.117588288
NP0232304,Madhesh,Rautahat,Katahariya,1,40.6834286,85.25006634,26.99556757,142.4423735,863.1918335,19372.16279,1614.346899,2306.799266,1402.704679,1868.15799,1663.082466,138.5902055,93.0488194,83.69658661,109.7579346,26.06134796,4.342704421,1.100332825,12.87172955,169.1422714,0.022689298,-0.118293802,1.320075408,23.95737182,0.58887298,3,870.5,870.5,135.1,703.9,2,13.83571602,0,4.33729101,74.43663678,5.088441968,1.308456506,0,0.993457717,0,0,74.43663678,3,32201.55581,791.5152905,131.9735894,654.4214478,191.9046213,15.81341275,540,4.71702184,0.3886942,9052,0.672328188,222.4984548,1.652584875,2,0.049160065,1.299357611
NP0232305,Madhesh,Rautahat,Brindaban,1,95.36595659,85.37339957,27.04123724,133.5299598,723.8796844,18160.07454,1513.339545,2149.886488,1287.986572,1684.472374,1655.983934,137.9986611,106.0227817,84.5,153.2988281,68.79882813,15.38513861,1.781044978,23.89653327,193.5371758,-0.035561011,-0.147700022,0.047909461,23.32896517,0.244625713,5,880.3,880.3,197.3,2986.3,2,41.88257417,0.12536565,3.19682407,50.20894275,2.256581697,1.817801922,0,0.511909737,0,0,50.20894275,2,35441.29226,371.6346329,61.31711465,233.8907776,270.9378132,27.64420113,563,2.841032826,0.289874942,10553,0.739437751,110.6579368,0.775368672,1,0.010485922,2.275379875
NP0232306,Madhesh,Rautahat,Maulapur,1,34.74589718,85.20112521,26.92969724,132.9303758,808.8890991,18078.53111,1506.544259,2202.203193,1313.182619,1789.593307,1569.602128,130.8001773,86.10466183,78.27121735,98.45277405,20.1815567,2.511322569,1.11438365,11.97443653,164.5610347,0.025743648,-0.093214073,0.968422206,19.19219652,0.55235864,2,975,975,155.7,155.7,1,10.88142406,0,2.61269021,80.07464829,4.622451909,0.80390468,0,1.00488085,0,0,80.07464829,2,22163.55703,637.8755141,95.12256234,269.2306824,159.6172948,25.13687214,402,4.593845828,0.723448642,8003,0.458788729,230.3293525,1.320411233,6,0.172682259,0.463728797
NP0232307,Madhesh,Rautahat,Dewahi Gonahi,0,33.98258281,85.25909281,26.93196182,131.1048156,769.9596558,17830.25493,1485.854577,2172.426645,1286.95391,1751.448311,1555.924974,129.6604145,84.79216455,76.80983734,99.56845856,22.75862122,2.793890192,1.049026672,12.43712351,138.3809797,0.065710555,-0.073962111,1.574759061,9.098253941,0.267732856,4,870.5,870.5,135.1,703.9,1,9.029011249,0,2.33866193,81.70515098,5.743043221,0.207223209,0,0.976909414,0,0,81.70515098,3,30473.25527,896.7315828,264.9848285,564.9970093,142.3354347,12.24067757,349,4.188481951,0.36020445,8441,0.60804015,248.3919497,1.789269972,6,0.176561035,0.654561497
NP0232308,Madhesh,Rautahat,Garuda,1,44.44943161,85.31638901,26.95376318,136.0730878,808.6494141,18505.93994,1542.161662,2206.387146,1318.843769,1759.810028,1639.646996,136.6372497,86.29681689,78.5,100.1562576,21.65625763,2.848442553,1.18243621,16.84663911,198.690421,-0.029606464,-0.087516708,0.648131308,27.8000143,0.625430141,5,870.5,870.5,187.6,187.7,1,12.01901313,0,0.656405613,79.99094613,7.107288366,0.113173382,0,0.113173382,0,0,79.99094613,3,44117.37465,992.5295567,73.28467549,531.2290649,191.1734207,14.64250857,606,4.300919355,0.329419478,14123,1.107787945,317.7318469,2.492243219,6,0.134984853,0.341260829
NP0232309,Madhesh,Rautahat,Gadhimai,1,49.42367739,85.36766047,26.94222979,137.0886325,780.4897461,18644.05402,1553.671168,2216.100797,1345.369911,1772.533356,1648.966371,137.4138642,85.85490085,77.5,100.0564117,22.55641174,3.150825652,1.024856399,12.1087131,197.7233545,-0.022432593,-0.070191809,0.892482773,23.24719668,0.47036558,4,880.3,880.3,197.3,2986.3,1,8.29650462,0,3.535556448,75.13057453,5.584572117,2.511048614,0,4.941743672,0,0,75.13057453,3,40938.32576,828.3140374,81.22683682,399.4450073,214.6817277,14.26455649,472,4.343702028,0.28861787,10506,0.785297234,212.57018,1.588908951,6,0.121399303,1.934193899
NP0232310,Madhesh,Rautahat,Boudhimai,0,35.33708574,85.21861168,26.89049584,130.2801272,769.1362305,17718.0973,1476.508108,2179.682454,1288.913589,1769.353752,1524.629355,127.0524462,81.97326537,74.83773804,95.31156921,20.47383118,2.208732436,1.227257461,10.99625962,187.3026105,-0.010254793,-0.080022251,0.690575388,9.432680399,0.266934304,3,957.9,957.9,156.7,312.4,1,12.86155574,0,5.251333895,72.50772255,6.065711879,1.01095198,0,2.302723954,0,0,72.50772255,4,28605.93684,809.5160154,81.03664827,775.7921753,170.2541616,27.71172349,502,4.818002335,0.784210778,11206,0.584627497,317.1172655,1.654430422,12,0.339586577,0.603532926
NP0232311,Madhesh,Rautahat,Madhav Narayan,1,48.5122333,85.32932099,26.89085995,128.5754523,719.423584,17486.26152,1457.18846,2128.313321,1258.306627,1705.229492,1552.270365,129.3558637,80.77346177,75.5,92.89323425,17.39323425,1.753215678,1.041228087,16.30035791,218.9040699,-0.042230719,-0.052329498,0.191637476,19.54963946,0.402983704,6,875.6,875.6,158.9,322,1,8.999383604,0,4.540784878,76.90569139,3.821656051,0.636942675,0,5.095541401,0,0,76.90569139,3,31152.74557,642.1626763,115.8094631,768.5679321,201.3431316,10.39257767,433,4.150357918,0.214225917,9331,0.673628493,192.3432373,1.388574484,21,0.432880504,0.725553529
NP0232312,Madhesh,Rautahat,Paroha,1,37.44910934,85.23470238,26.85472468,0,0,0,0,0,0,0,0,0,78.60760806,71.0845871,92.23653412,21.15194702,2.164658312,1.196991212,11.69284608,184.6818385,-0.006093867,-0.074409961,1.043824829,10.42186003,0.278293936,3,957.9,957.9,156.7,312.4,1,13.17047265,0,4.646840149,73.87148168,5.337227828,1.088688263,0,1.885289432,0,0,73.87148168,3,32928.1439,879.2770905,90.71114021,596.9815674,169.1013374,21.55873528,481,4.515496907,0.575680855,10506,0.625444569,280.5407174,1.670118675,13,0.347137762,0.561889765
NP0232313,Madhesh,Rautahat,Ishanath,1,35.16017787,85.21329403,26.79337796,121.0687063,628.34729,16465.34406,1372.112005,2026.260587,1189.726056,1628.618256,1462.077608,121.8398006,74.20638973,68.69993591,86.82660675,18.12667084,2.161865342,1.207449475,13.47512203,216.3049488,-0.035537296,-0.048369409,2.499169279,10.69576926,0.304201227,1,938.6,938.6,150.6,462.9,1,13.73390558,0,1.516452074,78.56938484,5.808297568,0.08583691,0,0.286123033,0,0,78.56938484,3,29392.56413,835.9617586,127.2405374,738.3226929,152.8334539,16.8644106,477,4.346777039,0.479645202,14860,0.704385526,422.6372248,2.003361669,9,0.255971401,0.693707673
NP0232314,Madhesh,Rautahat,Rajpur,1,31.40427805,85.25575462,26.81687047,123.7072527,670.7687683,16824.18636,1402.01553,2058.460604,1209.806012,1642.498291,1491.818199,124.3181832,76.11890641,71.5,88.78022003,17.28022003,2.175496896,1.39467623,14.80296547,213.9848753,-0.032583693,-0.04833483,0.79233807,7.067843478,0.225059894,6,845.3,845.3,158.2,1049.6,1,20.53656979,0,2.746726286,68.31683168,6.004471415,1.181731076,0,1.181731076,0.031938678,0,68.31683168,3,35034.15702,1115.585493,230.4878751,906.8018188,159.7219745,18.65261153,464,5.085994153,0.593951292,11970,0.636795959,381.1582607,2.027736343,18,0.573170317,0.598516914
NP0232315,Madhesh,Rautahat,Gaur,1,21.52856542,85.27465357,26.77813708,118.8244458,585.5998535,16160.12463,1346.677053,1972.225313,1159.34078,1564.917206,1440.821225,120.0684354,73.84217195,69.33448792,85.18392944,15.84944153,1.915093125,1.595250711,11.60874481,179.6706142,0.000223035,-0.038795958,0.667304902,13.4177571,0.623253656,4,845.3,845.3,158.2,1049.6,1,24.09195402,0,2.712643678,59.95402299,11.31034483,0.873563218,0,1.057471264,0,0,59.95402299,3,31282.24749,1453.057687,164.6434078,608.8712158,132.8071295,16.03531402,408,6.168879665,0.744838948,11550,0.694963551,536.4965,3.228099679,7,0.325149394,0.765379246
NP0232316,Madhesh,Rautahat,Rajdevi,1,28.19675857,85.31509421,26.77775706,118.1763799,584.8572998,16071.98766,1339.332305,1919.579001,1145.695442,1508.238281,1436.832023,119.7360019,73.68590606,67.9065094,85.70637512,17.79986572,1.836242242,1.358580714,18.83281786,219.8392682,-0.020735181,-0.024852483,1.192249825,0,0,0,845.4,845.4,121.9,3669.6,1,16.86746988,0,3.756201276,68.92274982,4.21686747,0.885896527,0,5.350815025,0,0,68.92274982,3,22757.11397,807.0826267,56.05200485,2110.004883,145.2491755,12.20236594,468,5.151272092,0.432757755,8333,0.426090382,295.5304235,1.511132496,11,0.390115764,0.25527781
NP0232401,Madhesh,Rautahat,Yamunamai,0,16.69456177,85.2967192,26.84548669,0,0,0,0,0,0,0,0,0,78.01578195,73.3812561,88.76319122,15.38193512,2.021739498,1.465399873,15.0006233,215.0258666,-0.030492555,-0.043506065,0.852644729,5.520192759,0.330658141,1,870.5,870.5,187.6,187.7,1,16.11374408,0,4.265402844,70.79383886,8.353080569,0.118483412,0,0.355450237,0,0,70.79383886,3,18481.28657,1107.024361,124.8735579,1707.040894,99.70678578,13.25118957,330,5.972411087,0.793742882,7119,0.444643562,426.4262878,2.663403619,9,0.539097709,1.302339296
NP0232402,Madhesh,Rautahat,Durga Bhagawati,1,19.79148173,85.3224049,26.8382891,123.9742227,641.4534912,16860.49429,1405.041191,2042.126799,1214.850712,1630.852905,1492.364388,124.363699,77.59418416,71,91.12671661,20.12671661,2.33947412,1.575500447,13.41386073,227.1984313,-0.028772511,-0.0266451,1.099470411,9.125394384,0.461076867,2,845.4,845.4,121.9,3669.6,1,19.86921529,0,7.444668008,59.45674044,4.778672032,0.804828974,0,7.645875252,0,0,59.45674044,4,16106.98582,813.8342564,214.7598109,1462.602905,100.4668062,9.6450494,288,5.076265009,0.487333365,6413,0.371300204,324.0282909,1.876060666,8,0.404214303,0.906440916
NP0233201,Madhesh,Bara,Jitpur Simara,1,311.1720912,85.00835855,27.20046462,139.6203398,740.9169422,18988.36622,1582.363852,2216.614644,1374.751713,1776.180706,1639.129364,136.5941136,239.2137552,88.38117218,805.824707,717.4435349,164.0091566,5.864249125,63.73856498,192.6911499,-0.048502335,-0.215376945,0.271594939,159.6020457,0.512906042,26,1000.7,1000.7,126,126.2,1,64.94842048,0.038564129,1.134428126,26.99167658,3.62502812,3.162258572,0,0.08676929,0.01285471,0,64.94842048,2,101709.653,326.8598177,31.33384257,185.6115265,718.3707146,68.68482389,2208,2.308596224,0.220729384,31507,2.823284332,101.2526537,0.907306411,4,0.012854623,2.629424136
NP0233202,Madhesh,Bara,Kalaiya,1,110.0020122,85.00923993,27.02886524,114.6106917,645.4634552,15587.05407,1298.921172,1863.908707,1129.837457,1518.284344,1318.271991,109.8559993,95.12642704,77.03471375,130.15448,53.11976624,8.846226619,1.15600227,17.5441622,200.2706987,-0.053231894,-0.144130992,0.526748878,38.21433849,0.347396722,5,963.4,963.4,296.2,543.5,2,12.70915242,0,1.545213495,79.50992045,5.760263326,0.301728079,0,0.173722227,0,0,79.50992045,3,109724.5847,997.4779781,82.62393426,553.9555054,508.9746446,55.43026019,1837,4.626957585,0.503902239,39444,2.051648542,358.5752589,1.865100921,18,0.16363337,0.711009207
NP0233301,Madhesh,Bara,Nijagadh,0,289.4158156,85.1372997,27.23425219,150.5281203,793.1128651,20471.82436,1705.985363,2404.290696,1465.396643,1895.065335,1787.739351,148.9782793,283.3287561,121.3369446,923.4423828,802.1054382,148.8727535,8.912841464,61.96335806,190.1395152,-0.038385134,-0.214635417,0.2546508,88.07559258,0.304321975,22,913.4,913.4,157.3,462.1,1,82.74229227,0.190100926,1.465505323,10.92216231,0.632517628,3.89879718,0,0.148624361,0,0,82.74229227,2,31305.39306,108.1675271,102.9782667,451.3925476,553.436492,23.72072187,1605,1.912253796,0.081960697,16685,0.898070394,57.65061583,0.310304533,2,0.006910472,7.845880198
NP0233302,Madhesh,Bara,Kolhabi,0,157.3903655,85.14538921,27.10411508,140.8186527,832.2789001,19151.33676,1595.94473,2270.021564,1352.910182,1809.0214,1688.219092,140.6849243,125.2974133,89.26842499,178.0560455,88.78762054,20.4235648,1.962382501,21.75207962,186.5441524,-0.020159822,-0.175736356,0.575740015,73.3818041,0.466240763,10,958.1,958.1,394.2,394.3,1,53.67698468,0,0.737303756,42.90980741,1.455539312,1.048751033,0,0.146189538,0.025424267,0,53.67698468,2,39938.67315,253.7555143,61.25563366,331.4235229,443.030808,32.96995606,1158,2.814853416,0.209478871,17956,0.9543084,114.0857634,0.606332158,1,0.006353629,4.401361502
NP0233303,Madhesh,Bara,Mahagadhimai,0,55.32141763,85.05770815,26.98243004,131.1803947,775.5472717,17840.53368,1486.71114,2150.826986,1302.305978,1755.389252,1507.138156,125.5948463,87.54660146,75.09976959,105.8639984,30.76422882,4.190867662,1.038562368,13.38926462,181.7276381,-0.004651971,-0.154232243,0.682541336,16.04255939,0.289988219,2,958.1,958.1,394.2,394.3,2,7.805755396,0,1.18705036,85.91726619,4.802158273,0.143884892,0,0.143884892,0,0,85.91726619,2,44647.45934,807.0555899,58.5156741,318.8769531,245.7537524,31.31069904,674,4.442289496,0.565977887,16485,0.836327517,297.9858562,1.511760821,5,0.090380909,0.330120484
NP0233304,Madhesh,Bara,Pacharauta,0,44.01292266,85.07512782,26.89587838,126.1053049,693.9586182,17150.32146,1429.193455,2095.389257,1240.9362,1675.355133,1468.045485,122.3371238,78.66220585,67.5,95.35948944,27.85948944,3.772836358,1.446180235,15.97783925,217.2882177,-0.066223343,-0.086967657,1.615186031,15.11273323,0.343370363,3,958.1,958.1,394.2,394.3,1,12.42657027,0,4.835065522,77.33845459,4.089471306,0.858563037,0,0.451875282,0,0,77.33845459,2,26968.19499,612.7335647,92.99377584,543.3928833,176.8727243,3.964795734,581,4.018654378,0.090082537,11645,0.523032241,264.5813842,1.188360621,3,0.068161799,1.063937567
NP0233305,Madhesh,Bara,Simroungadh,0,41.44423886,85.13541637,26.89601139,130.2404412,752.37854,17712.70001,1476.058334,2149.177222,1289.8888,1751.051651,1506.326154,125.5271795,81.61191714,74.02229309,96.28590393,22.26361084,2.897326543,1.604882835,13.90169017,219.5841993,-0.048753618,-0.058966102,0.827871221,29.07291418,0.701494707,3,958,958,136.2,136.4,1,17.24717752,0,0.984866683,74.20129714,5.50084074,0.408359356,0,1.633437425,0.024021139,0,74.20129714,3,39204.23474,945.9513751,50.26183941,320.6832886,196.0126781,25.25544918,577,4.729551888,0.609383834,14212,0.68083976,342.9185911,1.64278505,14,0.337803284,0.568389439
NP0233401,Madhesh,Bara,Parawanipur,1,15.48813847,84.93110537,27.05630047,0,0,0,0,0,0,0,0,0,90.63373186,77.44432831,101.5276871,24.08335876,2.802324986,0.94643905,10.5147543,202.447607,-0.068145392,-0.164943978,1.10912151,7.948158992,0.513177165,2,963.4,963.4,296.2,543.5,1,7.702100573,0,1.400381922,79.75811585,10.75747931,0.063653724,0,0.318268619,0,0,79.75811585,3,25069.23109,1618.608405,71.42231081,536.9512329,84.9562924,10.50947378,256,5.485248765,0.678549834,5343,0.443443857,344.9736721,2.863119139,1,0.064565538,1.667779493
NP0233402,Madhesh,Bara,Prasauni,0,20.24484844,84.95275828,27.04728543,88.82205174,455.5089111,12079.79904,1006.64992,1450.755438,870.4678151,1155.437668,1018.070346,84.83919549,91.79646057,82.29029083,110.6819382,28.39164734,4.066680484,1.238751222,12.58727803,248.7648261,-0.131457074,-0.051081704,1.173328409,3.347967124,0.165373781,2,1000.7,1000.7,126,126.2,1,12.14215202,0,2.369200395,79.56564659,5.676209279,0.197433366,0,0.049358342,0,0,79.56564659,3,16604.13952,820.1661558,68.32979227,240.7531738,103.3287584,3.519592679,410,5.103953172,0.173851273,6755,0.470278915,333.6651306,2.322955967,1,0.049395282,2.943145186
NP0233403,Madhesh,Bara,Karaiyamai,1,47.68619827,85.09626738,27.03686913,131.6265763,786.1356608,17901.21437,1491.767864,2142.987761,1272.675368,1718.161987,1541.165085,128.4304238,97.70397222,81.49994659,114.7199936,33.220047,5.887571144,1.01135884,13.91742253,184.3014216,-0.016490653,-0.219245905,0.163661253,23.17401056,0.485968926,6,958.1,958.1,394.2,394.3,2,8.05976431,0,0.862794613,88.19444444,2.609427609,0.21043771,0,0.063131313,0,0,88.19444444,2,23773.34033,498.5371281,78.20177741,288.0222473,161.094388,9.324690729,492,3.378218307,0.195542758,7585,0.402161091,159.0606984,0.84334903,3,0.062911285,1.556377504
NP0233404,Madhesh,Bara,Bishrampur,0,19.81545166,84.907818,26.98745837,110.6133941,606.8883667,15043.4216,1253.618466,1780.873334,1107.148682,1453.672852,1249.639922,104.1366601,81.63469961,75.25951385,95.66183472,20.40232086,2.110672951,1.246126766,11.73834053,220.7436459,-0.066574592,-0.077280948,0.155668825,6.911563816,0.348796683,2,963.4,963.4,296.2,543.5,2,12.4120603,0,2.16080402,80.70351759,4.120603015,0.351758794,0,0.251256281,0,0,80.70351759,2,22175.708,1119.111912,110.87854,758.9263916,87.34462411,6.411999407,217,4.40790478,0.323585832,6155,0.307789123,310.616185,1.553278361,3,0.151397003,1.23499428
NP0233405,Madhesh,Bara,Pheta,0,23.65319719,84.94325752,27.00018805,0,0,0,0,0,0,0,0,0,84.80108892,79.19766998,97.58846283,18.39079285,2.496111403,1.217723168,13.92548976,195.9653626,-0.042006139,-0.146827761,1.774963784,6.819277136,0.288302553,1,963.4,963.4,296.2,543.5,2,11.91860465,0,1.827242525,79.60963455,5.440199336,0.415282392,0,0.789036545,0,0,79.60963455,3,20435.99215,863.984348,114.8089447,530.434021,117.3321663,13.65671071,390,4.960520364,0.577372717,8985,0.426318022,379.8640805,1.802369541,6,0.253665496,0.689860016
NP0233406,Madhesh,Bara,Baragadhi,0,39.28809587,85.13605527,26.99648053,136.3907029,813.7010498,18549.13559,1545.761299,2213.527053,1340.848175,1792.431381,1579.23956,131.6032967,91.5801243,80.5,103.1997299,22.69972992,3.389858857,0.930662037,14.04210236,209.7063965,-0.082863896,-0.145238197,0.462708399,17.15074654,0.436537994,2,958.1,958.1,394.2,394.3,2,8.293420721,0,0.983110663,87.19435342,3.453491303,0,0,0.075623897,0,0,87.19435342,2,25327.86032,644.6700905,77.69282306,374.1469421,117.2114491,12.13774215,358,2.9833833,0.308941981,9015,0.388546913,229.458817,0.988968552,4,0.10181201,1.656310769
NP0233407,Madhesh,Bara,Devtal,0,23.31029296,85.00462172,26.94368136,121.316551,678.0820313,16499.05094,1374.920912,1996.232165,1213.041776,1622.616272,1374.236326,114.5196938,80.99979676,74.58995819,93.31520081,18.72524261,2.668005236,0.895070114,10.90052316,181.6703108,-0.004586126,-0.157270875,1.759898574,0,0,0,963.2,963.2,375.3,375.3,1,6.878980892,0,0.891719745,87.51592357,4.628450106,0.042462845,0,0.042462845,0,0,87.51592357,2,20875.42701,895.545459,278.3390268,2260.836426,103.2404635,0,340,4.42896465,0,6109,0.284092531,262.0730683,1.218742862,1,0.042899504,1.156561081
NP0233408,Madhesh,Bara,Subarna,0,36.83818142,85.03923367,26.91842323,124.7819877,714.6282349,16970.35032,1414.19586,2078.860139,1228.463553,1658.154297,1427.866787,118.9888989,79.16632824,71.5,91.63459015,20.13459015,2.252618392,1.015963423,12.53472727,197.8737124,-0.03187015,-0.098826889,1.244891412,15.40779553,0.418256139,2,958.1,958.1,394.2,394.3,1,5.19162816,0,1.793965752,88.14895352,4.104376189,0.135906496,0,0.625169883,0,0,88.14895352,2,20496.60292,556.3956236,98.06987045,314.2542419,134.0757378,8.709781693,338,3.639586229,0.236433541,8505,0.5079881,230.8745892,1.378971709,1,0.027145748,1.182116533
NP0233409,Madhesh,Bara,Aadarsha Kotwal,0,36.24572851,85.14183411,26.94479852,134.2893587,815.3744507,18263.35278,1521.946065,2219.710483,1332.19612,1809.559387,1554.519916,129.5433263,86.84467278,75,100.6664276,25.66642761,3.222961625,1.398154517,13.52587322,221.5944972,-0.071547389,-0.080601354,1.419915004,0,0,0,958,958,136.2,136.4,1,13.41666667,0,1.75,80.58333333,4.027777778,0,0,0.222222222,0,0,80.58333333,2,24529.96069,676.7683171,54.39015673,456.0535583,147.9427087,20.29725406,445,4.081659131,0.559990236,10132,0.46231268,279.5363872,1.275495622,2,0.055178916,1.107644636
NP0233595,Madhesh,Bara,Parsa,0,1.33146052,84.96934985,27.27496137,146.2941411,721.2630005,19896.0032,1658.000266,2277.655152,1430.707635,1810.727264,1724.406336,143.700528,303.2724967,246.6681366,409.7415466,163.07341,32.88659479,4.882506676,40.27901208,196.5128372,-0.093333562,-0.314829782,0.112416553,0,0,0,997.1,997.1,132.8,132.8,1,63.30935252,0,2.877697842,0.71942446,0,33.09352518,0,0,0,0,63.30935252,2,0,0,0,0,0,0,0,0,0,0,0,0,0,0,0,2.138682541
NP0234101,Madhesh,Parsa,Birgunj,1,132.1210586,84.89372257,27.08264515,110.1694502,579.4947021,14983.04523,1248.587103,1764.286784,1089.45759,1437.839233,1253.911638,104.4926365,98.62778475,72.65992737,236.5535736,163.8936462,28.00743549,1.528676668,25.98355199,210.3374006,-0.077736856,-0.132831559,0.307153564,46.12307954,0.349097108,9,997.1,997.1,132.8,132.8,2,20.4403474,0,1.516074966,63.8046625,13.36279141,0.769465184,0,0.10665854,0,0,63.8046625,3,259888.1252,1967.045435,75.63682341,2648.62793,690.6536799,106.5225763,2740,5.227430713,0.806249794,60461,5.099938405,457.6181921,3.860049607,17,0.128669874,1.391946513
NP0234301,Madhesh,Parsa,Pokhariya,0,32.49064906,84.76357299,27.07709066,118.6616658,610.8220215,16137.98655,1344.832212,1926.630849,1169.836359,1569.271866,1308.176885,109.0147404,84.79352269,76.30970001,99.87186432,23.56216431,2.987549548,1.012195703,11.16696118,178.8097788,0.002913057,-0.140210799,0.926962799,6.781281817,0.208714877,1,997.7,997.7,161.6,496.9,1,10.27060271,0,0.61500615,84.68634686,4.335793358,0.030750308,0,0.061500615,0,0,84.68634686,2,96226.10722,2961.65543,309.4087049,3657.166016,134.7949242,11.06017896,332,4.148729806,0.340411142,9999,0.557090995,307.7500847,1.714619471,3,0.092334259,0.418667477
NP0234302,Madhesh,Parsa,Bahudarmai,0,31.56317013,84.82722286,27.08284621,115.453677,601.0432739,15701.70007,1308.475006,1855.686893,1146.564675,1517.832062,1293.515781,107.7929817,86.57745011,74.8849411,103.5040665,28.61912537,2.983353257,1.216436023,16.93612525,198.9354891,-0.043845902,-0.127805026,1.364532999,4.745889586,0.150361626,2,997.2,997.2,217.8,494.5,1,10.33616085,0,1.727929626,82.31228401,5.560791706,0.062833805,0,0,0,0,82.31228401,3,102806.6819,3257.17225,368.4827307,2152.374023,174.589862,21.86743453,480,5.531442543,0.692814899,10594,0.601518403,335.6443588,1.905760418,1,0.031682496,0.572969939
NP0234303,Madhesh,Parsa,Parsagadhi,1,99.71887189,84.88939629,27.17093813,134.7902153,695.7683258,18331.46928,1527.62244,2138.067867,1326.656105,1734.228401,1558.466289,129.8721908,127.8526147,85.81377411,231.2253418,145.4115677,36.77007587,1.920646941,22.03365075,210.5077969,-0.137794294,-0.233855514,0.219265267,37.53447031,0.376402877,7,1020.1,1020.1,101.5,101.5,1,46.18775674,0.010019036,0.681294459,51.18725579,1.67317904,0.13024747,0,0.13024747,0,0,51.18725579,2,80276.11552,805.0243049,312.3584262,1553.523071,212.7630758,8.850565619,416,2.133628989,0.088755172,9142,0.539526714,91.67773188,0.541047752,8,0.080225537,0.907475864
NP0234401,Madhesh,Parsa,Thori,1,128.7800291,84.6346686,27.32073057,143.6414394,721.9325684,19535.23576,1627.936314,2320.190931,1412.172492,1903.812268,1650.538916,137.5449097,232.0921356,114.7872009,630.3837891,515.5965881,81.46675847,5.452669486,48.96240948,187.2000434,-0.038056334,-0.301245069,0.486553254,41.46786523,0.322005403,12,1044,1044,173.6,173.6,1,61.10246029,0.264715042,3.417938337,30.13858611,0.73964497,4.118654625,0,0.218000623,0,0,61.10246029,2,39062.10425,303.3242384,710.2200772,1581.730469,239.4435618,38.47952399,495,1.859322159,0.298800398,9917,0.555038809,77.00728186,0.43099758,2,0.015530358,8.368696436
NP0234402,Madhesh,Parsa,Jirabhawani,0,55.41913511,84.73216347,27.20017157,137.2195155,685.2860107,18661.8541,1555.154508,2218.691087,1346.499712,1814.192375,1555.079114,129.5899261,120.4966355,96.32675171,174.9093628,78.58261108,18.50447771,1.508539426,20.42045719,189.4529261,-0.056957238,-0.342089371,1.354821945,17.51924817,0.316122728,6,1006.5,1006.5,183.7,183.8,1,34.61054146,0.035977694,3.004137435,59.61503868,1.565029682,1.097319662,0,0.071955388,0,0,59.61503868,2,53007.1358,956.477139,389.7583514,1102.150146,95.62957917,19.71578313,140,1.725569679,0.355757683,4034,0.263432598,72.79074262,0.475345921,12,0.216531708,0.774378903
NP0234403,Madhesh,Parsa,Paterwa Sugauli,0,64.32262374,84.79008497,27.19315873,136.5320566,676.7518005,18568.35969,1547.363308,2198.20552,1337.441426,1791.023117,1564.507333,130.375611,121.1082253,89.1341629,181.1860199,92.05185699,21.14596699,1.710345425,22.36928952,180.4304189,-0.002299262,-0.306063477,0.776149289,37.91866938,0.589507504,7,997.7,997.7,161.6,496.9,1,38.37119456,0.07726781,2.5652913,55.98825529,1.514449081,1.452634832,0,0.030907124,0,0,55.98825529,2,55124.23139,856.9960021,307.9566,1344.10437,109.6220584,21.62218628,180,1.704253527,0.336152119,5068,0.363521833,78.79031833,0.565153925,2,0.031093259,2.184854647
NP0234404,Madhesh,Parsa,Sakhuwa Prasauni,0,74.29954669,84.82545592,27.16663816,131.6656294,660.5297445,17906.5256,1492.210467,2114.866841,1293.799375,1723.947449,1520.99493,126.7495775,111.8027895,83.11669159,207.2658997,124.1492081,26.25833429,1.56433323,19.29470068,184.2707157,-0.019849805,-0.265810945,1.207884151,41.93080447,0.564348052,10,997.2,997.2,217.8,494.5,1,30.83884912,0,1.24273943,65.35188437,1.904633257,0.364717007,0,0.29717682,0,0,65.35188437,2,69924.09462,941.1106492,356.7555848,1754.224365,171.9377685,31.85633319,333,2.314115983,0.428755418,7220,0.483756139,97.17421333,0.65108895,1,0.013459032,1.061698379
NP0234405,Madhesh,Parsa,Jagarnathpur,1,45.3107115,84.7229328,27.13927035,125.2287328,617.3314514,17031.10766,1419.258972,2029.734212,1233.710231,1658.361633,1425.093397,118.7577831,95.26252331,84.38551331,112.9928513,28.60733795,4.434962437,0.913610786,12.18740233,192.7310338,-0.049249356,-0.217986031,0.824689972,1.725400923,0.038079316,1,1009.5,1009.5,167.8,335.5,1,6.396495071,0,3.439211391,86.966046,2.562979189,0.569550931,0,0.065717415,0,0,86.966046,2,72051.19604,1590.158125,344.7425648,2969.979248,131.9509664,23.87645344,184,2.912136272,0.526949427,4717,0.287680423,104.1034193,0.634905994,4,0.088279346,0.26236195
NP0234406,Madhesh,Parsa,Dhobini,0,24.42337943,84.69387872,27.09699867,0,0,0,0,0,0,0,0,0,87.62524775,79.20844269,105.97995,26.77150726,3.152974117,0.886266298,14.55712638,184.2638366,-0.013479686,-0.18080028,1.25269667,0,0,0,1009.5,1009.5,167.8,335.5,1,7.01320132,0,2.846534653,86.71617162,3.259075908,0.041254125,0,0.123762376,0,0,86.71617162,2,47927.37595,1962.356442,344.8012659,4020.15625,66.89350865,21.30594946,101,2.738912886,0.872358779,4603,0.23884014,188.4669569,0.977916018,8,0.327554998,0.810027342
NP0234407,Madhesh,Parsa,Chhipaharmai,1,24.91225066,84.67129697,27.05859641,124.7185644,663.6558838,16961.72476,1413.477063,2030.540223,1239.338878,1658.428802,1383.697197,115.3080997,81.89871106,77.10949707,97.82170868,20.71221161,2.260032574,0.946251519,13.16089932,196.315324,-0.040216892,-0.137394624,0.940257033,26.47108275,1.062572913,1,1006.5,1006.5,183.7,183.8,1,7.193958665,0,0.834658188,87.51987281,4.093799682,0.079491256,0,0.278219396,0,0,87.51987281,2,52874.54256,2122.43138,429.8743297,1301.253296,79.94012732,19.46840829,110,3.208868135,0.781479303,4995,0.226261887,200.5037629,0.90823543,10,0.401408935,0.623265448
NP0234408,Madhesh,Parsa,Kalikamai,1,24.34787935,84.72634014,27.06593843,123.0720074,631.1442261,16737.79301,1394.816084,1987.272474,1219.748426,1630.72731,1355.475965,112.9563304,83.04104932,77.47956848,95.67442322,18.19485474,2.640386623,0.918022968,11.93683012,201.8487281,-0.057845856,-0.144269001,1.993345247,16.15009445,0.663305999,1,1009.5,1009.5,167.8,335.5,1,7.008196721,0,1.639344262,86.92622951,3.606557377,0.327868852,0,0.491803279,0,0,86.92622951,2,356302.665,14633.82744,2146.401596,9467.999023,67.15819628,14.94032621,100,2.758277027,0.613619198,4385,0.244004352,180.0978203,1.00215854,7,0.287499371,0.344632201
NP0234409,Madhesh,Parsa,Pakaha Mainpur,0,21.27072421,84.73539417,27.02811883,118.4955069,600.8413086,16115.38894,1342.949078,1947.178487,1168.208621,1545.512589,1310.220189,109.1850157,78.80679373,74.68301392,90.6477356,15.96472168,1.570909857,0.925130097,12.47767876,177.4905152,0.004905083,-0.111919721,0.537915842,7.640503818,0.359202806,1,1009.5,1009.5,167.8,335.5,1,7.099486221,0,0.420364316,88.04297057,3.92340028,0.046707146,0,0.420364316,0.046707146,0,88.04297057,2,58589.71104,2754.47655,464.9977067,1625.752075,78.35550449,20.48376347,141,3.68372528,0.963002635,3976,0.268829301,186.9235838,1.26384649,11,0.517142712,0.567475662
NP0234410,Madhesh,Parsa,Bindabasini,1,26.05485869,84.7940763,27.0356314,113.0635443,573.9769287,15376.64202,1281.386835,1812.887093,1104.288768,1457.87587,1262.725059,105.2270883,80.53202997,74.4045105,94.43701935,20.03250885,2.36047143,1.137352527,15.0348029,222.2692955,-0.070370308,-0.077419265,0.794993763,13.27056023,0.509331499,2,997.7,997.7,161.6,496.9,2,10.59047619,0,0.914285714,83.80952381,4.228571429,0.19047619,0,0.266666667,0,0,83.80952381,2,58801.35546,2256.8288,389.4129501,1449.079468,79.86835479,12.39981642,268,3.065391978,0.475911866,3189,0.241270646,122.3955976,0.926010187,6,0.230283345,1.250928608
NP0234595,Madhesh,Parsa,Parsa,0,475.4114129,84.82540056,27.32428355,145.2599077,723.4811971,19755.34745,1646.278954,2274.212433,1418.899599,1830.784918,1705.272736,142.1060613,335.0682441,136.5726013,861.6958618,725.1232605,127.7397372,7.374996507,58.35908999,204.6504552,-0.094309161,-0.205510741,1.312965137,240.4222188,0.505714024,49,1037,1037,167.6,167.6,1,97.6634431,0.037924278,0.446663717,0.505657038,0,1.346311864,0,0,0,0,97.6634431,1,1602.707802,3.371201781,320.5415604,465.4605103,44.32833542,0,13,0.093242051,0,142,0.008024524,0.298688664,0.001687912,1,0.002103441,4.290938906
NP0234597,Madhesh,Parsa,Chitawan,0,146.6741794,84.63175106,27.40408342,149.3445691,747.8441874,20310.8614,1692.571783,2367.95376,1472.149888,1932.650976,1723.424921,143.6187434,429.0913018,225.8147278,745.383667,519.5689392,109.7814984,12.59983601,57.42428125,178.0386919,0.007067117,-0.206371346,0.049566934,62.21642141,0.424181145,10,1069.4,1069.4,148.5,148.5,1,98.06960305,0.020391517,0.360250136,0.033985862,0,1.502175095,0,0.013594345,0,0,98.06960305,1,0,0,0,0,6.704876831,0,4,0.045712728,0,5,0.000295806,0.034089163,0.000201676,0,0,16.71150874
NP0320301,Bagmati,Sindhuli,Kamalamai,1,481.971104,85.93055863,27.1877424,140.0981527,641.3826466,19053.34876,1587.779063,2050.218208,1374.308489,1617.303783,1799.422661,149.9518884,682.3342878,276.3201599,2005.826294,1729.506134,290.9723792,20.32947636,61.34704646,183.4146677,-0.002959746,-0.049603701,0.494677319,143.6498241,0.298046549,51,859,859,202.3,202.3,1,85.40205241,0.049957328,2.148165109,9.847838305,0.422555734,2.071147561,0,0.058283549,0,0,85.40205241,2,16500.03183,34.23448354,28.1570509,157.2312775,861.0982576,96.08061823,1996,1.786618016,0.199349333,22988,1.266325625,47.69580543,0.26273891,89,0.184658373,1.358974915
NP0320302,Bagmati,Sindhuli,Dudhouli,1,389.7250275,86.23864773,27.03256099,117.8373335,560.550993,16025.87735,1335.489779,1768.633794,1139.34556,1382.906561,1517.268933,126.4390778,577.79686,155,2128.256836,1973.256836,411.6947776,17.28279779,59.12757904,163.5355743,0.038460888,-0.130138444,1.899399146,131.4389844,0.337260825,43,833.1,833.1,108.9,108.9,2,72.65400411,0.041067762,4.127310062,19.16067762,0.469712526,3.18788501,0,0.359342916,0,0,72.65400411,2,32821.4424,84.2169224,23.37709573,3162.064697,926.2691755,95.63042871,3023,2.376724896,0.245379234,15841,0.893733954,40.64660692,0.229324239,3,0.007697735,8.8279795
NP0320401,Bagmati,Sindhuli,Hariharpurgaghi,1,343.6866696,85.54098728,27.25157572,152.6232036,698.529541,20756.75569,1729.729641,2256.146981,1495.819518,1767.03106,1912.944258,159.4120215,403.1616504,129.5,1352.832153,1223.332153,218.5329639,18.57951741,67.25263935,286.7910783,-0.050716781,0.015303682,0.139017682,114.9659498,0.334508027,46,927.3,927.3,125.2,562.3,1,84.64157863,0.066940249,1.973282109,10.25641026,0.023283565,2.450595186,0,0.587910009,0,0,84.64157863,2,15248.36893,44.36706535,27.08413664,252.0847321,524.3805421,47.07187659,1284,1.525751763,0.136961601,7895,0.354885224,22.97150486,0.103258361,88,0.256047173,0.598098141
NP0320402,Bagmati,Sindhuli,Marin,1,297.0281557,85.69721964,27.25531546,140.8350381,628.1941956,19153.56518,1596.130431,2068.375149,1369.749133,1599.72366,1783.388964,148.615747,490.946468,221.5,1553.263184,1331.763184,244.5381156,17.96797481,61.50935499,271.6498669,-0.06138803,0.001768195,0.75607451,107.634583,0.36237165,43,944.2,944.2,145.6,436.9,1,82.26062304,0.006750143,2.835060245,11.1107361,0.091126936,3.547200378,0,0.148503156,0,0,82.26062304,2,33767.22021,113.6835669,34.35119044,445.4372559,452.1730565,39.90583425,1082,1.522323887,0.134350342,10591,0.510525661,35.65655241,0.171877868,89,0.299634894,1.031598205
NP0320403,Bagmati,Sindhuli,Ghyanglekha,0,166.5971171,85.78617226,27.3433191,109.7725744,473.7365356,14929.07012,1244.089177,1546.447147,1042.294143,1178.671243,1417.094728,118.0912273,1242.309679,481.9800415,2390.684814,1908.704773,366.0124383,29.47147312,65.11842354,194.4173419,-0.040868972,-0.158974361,0.337456404,60.33313622,0.362149942,21,971.3,971.3,147.9,147.9,1,87.41304869,0,6.620292636,5.90069561,0.023986568,0.041976493,0,0,0,0,87.41304869,3,16132.89926,96.83780576,278.1534356,817.3869019,324.6957549,36.66355517,448,1.948987837,0.220073167,5421,0.229949259,32.53957868,0.138027154,4,0.024010019,3.696825767
NP0320404,Bagmati,Sindhuli,Sunkoshi,1,154.5054248,85.88140171,27.37960373,111.0035046,476.8204041,15096.47662,1258.039718,1533.8578,1073.410082,1221.213005,1463.919775,121.9933146,1063.50077,455,2292.492432,1837.492432,385.3741481,29.02850392,66.1122903,36.54217866,0.193679948,0.261340851,0.74745723,54.74350033,0.354314422,21,982.9,982.9,201.8,6055.6,1,66.65373925,0,19.39758257,11.53125202,0.465386853,0.840281818,0,1.111757482,0,0,66.65373925,3,14689.13625,95.0719774,50.13357082,858.9956055,480.5780518,51.8891003,880,3.110428339,0.33583999,9422,0.459571704,60.9816776,0.29744697,6,0.038833588,3.85124657
NP0320405,Bagmati,Sindhuli,Golanjor,1,183.8618636,86.06750317,27.25214974,107.5275388,479.2420998,14623.74527,1218.645439,1494.010608,1051.765641,1190.373995,1392.114392,116.0095327,1011.661832,409,1900.767456,1491.767456,326.998561,29.21930968,62.61278901,25.16059434,0.108988791,0.23202705,1.876010736,53.22636418,0.289491051,16,964,964,193.1,10375.4,1,82.36636245,0,8.805953933,7.469578444,0.211864407,0.342242503,0,0.803998262,0,0,82.36636245,3,15813.59702,86.00803186,59.67395103,1857.227661,776.4558748,83.34295915,1945,4.223039295,0.453291169,9671,0.419355564,52.59927106,0.228081863,16,0.087021853,3.259084884
NP0320406,Bagmati,Sindhuli,Tinpatan,1,279.8312041,86.13207247,27.13381249,125.7800818,585.9246216,17106.09112,1425.507594,1816.800101,1237.648687,1442.238779,1621.947495,135.1622913,855.8067257,308.9823303,1984.082642,1675.100311,334.1642624,24.3024258,64.17410872,239.4430234,-0.07648832,-0.045157578,1.174327113,89.64566222,0.320356204,31,874,874,164.8,164.9,1,82.05321285,0,5.296184739,12.04102123,0.039443488,0.530694205,0,0.039443488,0,0,82.05321285,3,13073.65322,46.71978333,20.05161537,1174.575684,1026.925591,42.24810863,3055,3.669803711,0.150977118,15590,0.653734807,55.71215709,0.233617551,1,0.003573583,2.840459517
NP0320407,Bagmati,Sindhuli,Phikkal,1,185.7511748,86.28603296,27.18690353,114.4104984,527.853569,15559.82778,1296.652315,1549.73938,1131.257409,1265.566469,1498.558732,124.8798943,1231.690216,354.5,2373.320557,2018.820557,464.3599335,31.71400679,65.90757261,28.53822169,0.077558195,0.142617463,1.868160031,74.35736597,0.400306303,26,928.6,928.6,204.8,11791.9,1,73.38558162,0,17.70358044,7.193086049,0.048311772,0.778356326,0,0.891083794,0,0,73.38558162,3,6219.122393,33.48093168,188.4582543,658.9754028,621.4194455,50.29857049,1936,3.34544019,0.27078467,6870,0.264238248,36.98496124,0.142253877,3,0.016150638,1.991787901
NP0321301,Bagmati,Ramechhap,Manthali,1,211.4727054,86.06425889,27.40872418,115.780928,563.3928484,15746.20621,1312.183851,1659.045127,1122.021713,1379.885119,1523.501131,126.9584276,1058.939802,450,2074.053467,1624.053467,330.1834586,25.91750709,66.08566816,336.8462855,-0.028231748,0.066016839,0.513756814,76.05077502,0.359624543,30,989.8,989.8,207.5,4003.3,1,51.57441167,0,33.9220607,11.98446896,0.345660306,1.349495715,0,0.823902647,0,0,51.57441167,3,22434.92463,106.0889848,79.55647031,1050.697021,968.3012134,98.22336477,1978,4.57884724,0.464473014,22136,1.151795569,104.6754472,0.544654482,3,0.014186228,3.022691234
NP0321302,Bagmati,Ramechhap,Ramechhap,0,202.1309599,86.14634852,27.31608328,106.5901754,478.35112,14496.26386,1208.021988,1457.739421,1040.835653,1209.196331,1407.026811,117.2522342,1088.896758,402.5,2086.87207,1684.37207,339.6359832,29.19401306,64.7515522,142.3450394,0.077432658,-0.100349083,2.186068226,78.4228793,0.387980542,26,989.8,989.8,207.5,4003.3,1,61.46271463,0,27.07704488,10.21327131,0.118758969,0.385966649,0,0.742243555,0,0,61.46271463,3,18425.39592,91.15573355,252.4026839,2817.956787,921.2429719,76.60639835,1977,4.55765397,0.378993888,15394,0.656030612,76.15854596,0.324557214,2,0.009894575,6.280366605
NP0321401,Bagmati,Ramechhap,Sunapati,0,84.99756207,85.85575655,27.49567988,118.9274018,548.5863037,16174.12665,1347.843887,1622.298259,1164.315302,1345.279366,1571.903546,130.9919621,1402.970883,534.5,2416.928711,1882.428711,413.3828134,27.34076397,69.72598312,291.8615454,-0.260532629,0.104530383,1.713277095,37.22065842,0.437902659,10,1013.5,1013.5,151,323.4,1,49.43241662,0,30.07606788,20,0.187244002,0.210649503,0,0.093622001,0,0,49.43241662,3,10783.14414,126.864158,53.6474833,467.2735901,441.7507121,46.62717255,778,5.197216266,0.548570705,11312,0.594080963,133.0861701,0.698938827,4,0.047060173,1.052017684
NP0321402,Bagmati,Ramechhap,Doramba,1,140.7017386,85.92109849,27.5493444,125.0045082,613.5675903,17000.61312,1416.71776,1761.499844,1221.304734,1460.410463,1704.205483,142.0171236,1963.379566,768.736084,3147.063477,2378.327393,458.3516001,28.6324195,71.12191014,327.7731276,-0.043347838,0.068763654,1.55337054,38.32868206,0.272410863,19,1013.5,1013.5,151,323.4,1,67.11471446,0,26.9539862,5.753502596,0.149349264,0.028447479,0,0,0,0,67.11471446,3,8754.132015,62.21765346,95.15360886,1649.820679,508.4515659,87.90277894,1070,3.613683603,0.624745506,11861,0.560751795,84.29888725,0.39853935,4,0.028428931,4.179146769
NP0321403,Bagmati,Ramechhap,Gokulganga,1,198.0574322,86.26407064,27.57630304,131.2794224,721.7848424,17854.00144,1487.833454,2043.161791,1315.42691,1760.944042,1797.786437,149.8155364,2382.532918,645.1134644,4401.701172,3756.587708,700.6530266,27.11773908,70.60101523,304.6736858,-0.41566966,0.287540973,0.461903583,69.00589122,0.348413541,32,1021.8,1021.8,144.5,305.9,1,73.39819529,0,25.31128699,0.690628623,0.090739527,0.085698442,0,0.005041085,0,0.418410042,73.39819529,2,4636.713029,23.41095196,29.53320401,1593.774902,429.923282,61.11507481,578,2.170700071,0.308572489,8964,0.547116749,45.25959921,0.276241463,18,0.090882729,2.065554558
NP0321404,Bagmati,Ramechhap,Umakunda,0,451.1178436,86.42218207,27.6608349,116.7445182,633.0938568,15877.25448,1323.10454,1839.6201,1147.357851,1565.697186,1646.590386,137.2158655,3487.153699,863.0501709,6845.32959,5982.279419,1224.244862,31.01512927,76.3308793,155.987511,0.090022173,-0.202074558,1.375632244,146.0349191,0.323717896,69,1002.2,1002.2,143.4,384.1,1,45.70693061,0,23.00215264,0.068795633,0.015534498,11.98153614,10.54792393,0.093206986,0,8.583919576,45.70693061,5,4456.476013,9.878740279,19.54594742,1650.507813,614.8998353,25.24730255,788,1.36305811,0.055966092,7441,0.372751027,16.49458142,0.082628305,13,0.028817304,3.440604697
NP0321405,Bagmati,Ramechhap,Khandadevi,0,150.2845141,85.94293483,27.43813463,120.0946104,574.341823,16332.86702,1361.072251,1686.296834,1168.246569,1401.210823,1578.152653,131.5127211,1159.855709,458,2412.073975,1954.073975,409.1165863,27.46735433,66.60973059,167.6270828,0.029939311,-0.136479364,1.77410084,55.4907934,0.369238266,28,982.9,982.9,201.8,6055.6,1,45.33845034,0,38.04009793,14.53053662,0.218355059,0.880037054,0,0.992522993,0,0,45.33845034,3,14090.50702,93.75887529,99.93267388,2235.262939,704.4613343,93.4066147,1277,4.687517796,0.621531867,12910,0.638895253,85.90372784,0.425123811,8,0.053232364,1.39801635
NP0321406,Bagmati,Ramechhap,Likhu Tamakoshi,0,124.3098644,86.18315153,27.43927002,125.2864725,662.8354614,17038.96025,1419.913355,1902.066524,1256.65287,1636.66357,1652.636312,137.7196927,1523.092835,509.5,2830.866943,2321.366943,491.2458709,28.5708653,69.83512095,91.26144108,0.07165522,-0.001577838,0.580795476,27.20588376,0.218855389,10,989.8,989.8,207.5,4003.3,1,67.39374499,0,27.2574178,4.875701684,0.120288693,0.192461909,0,0.160384924,0,0,67.39374499,2,11405.66504,91.75189031,162.9380721,2527.984131,350.8765522,19.08222686,539,2.82259621,0.153505331,10423,0.522426583,83.84692597,0.420261566,1,0.008044414,1.510537817
NP0322301,Bagmati,Dolakha,Bhimeshwor,0,132.3303702,86.01795235,27.68700729,129.5565569,709.3975728,17619.69174,1468.307645,1951.973775,1275.722076,1647.331492,1816.754269,151.3961891,2020.755307,830.5,3472.061035,2641.561035,571.8941669,24.18401355,69.15227423,151.0981363,0.196002627,-0.355030851,2.076297389,41.14676925,0.310939728,17,1022.4,1022.4,155.4,155.4,1,71.18554761,0,25.60030109,2.26571321,0.760255928,0.082800151,0,0.10538201,0,0,71.18554761,2,22155.4363,167.4251819,142.9382987,846.2017822,549.5198546,100.1267307,1119,4.152635966,0.756642111,18664,0.989451295,141.0409415,0.747712935,7,0.05289791,1.743566326
NP0322302,Bagmati,Dolakha,Jiri,0,210.9042895,86.28291428,27.66348215,126.2293463,713.3488083,17167.19109,1430.599258,1975.655236,1263.953398,1703.628985,1761.80691,146.8172425,2780.276468,1433.355957,5399.811035,3966.455078,835.4115489,27.07098944,67.89919049,157.8843286,0.129702417,-0.31916807,0.265479018,65.10328302,0.308686387,29,1035.6,1035.6,161.6,161.6,1,64.69140477,0,25.43070807,0.080461946,0.14199167,4.292881484,0.345513063,0.042597501,0,4.974441499,64.69140477,2,6528.013024,30.95249053,23.48206124,1952.807129,458.2751788,53.10948437,779,2.172905918,0.251817943,7254,0.387245167,34.39474853,0.183611802,16,0.075863796,1.506961442
NP0322401,Bagmati,Dolakha,Bigu,1,612.2610899,86.15858198,27.93548302,111.249971,599.9880302,15129.99606,1260.833005,1758.815222,1067.888461,1476.892318,1574.233629,131.1861357,3509.554036,942.8887939,6035.234863,5092.346069,1095.460582,33.51638795,75.82191992,126.3887193,0.121230737,-0.08934217,0.007349364,199.1888343,0.325333159,91,1059.8,1059.8,138.2,1785.1,1,40.6193019,0,33.82228445,0.013024225,0.040700703,8.639945298,7.661500391,0.118846054,0,9.084396978,40.6193019,5,9532.946119,15.57006688,132.4020294,470.1838379,439.5180578,126.076145,968,0.717860509,0.205918924,5731,0.35192742,9.360385781,0.057479958,39,0.063698315,5.423438864
NP0322402,Bagmati,Dolakha,Gaurishankar,1,680.1755656,86.34322307,27.82347177,108.1902787,603.0468562,14713.87791,1226.156492,1690.971329,1058.063818,1438.625908,1562.883087,130.2402572,3755.824298,894,6909.337891,6015.337891,1429.196136,32.75820453,77.13162511,283.1179662,-0.203162631,0.047344585,0.22706339,201.9163537,0.29685917,90,1044.6,1044.6,229.4,229.4,1,38.38277147,0,21.49458674,0.010269049,0.01467007,11.5482792,22.47014641,0.5647977,0,5.514479359,38.38277147,5,12250.68489,18.0110629,22.31454443,760.6351929,378.5455949,54.0986658,491,0.556541008,0.079536326,5682,0.363314546,8.353725549,0.053414819,14,0.020582921,7.691621069
NP0322403,Bagmati,Dolakha,Kalinchowk,0,132.29756,86.08837794,27.74967009,132.206677,734.3346924,17980.10807,1498.342339,2055.063941,1283.797466,1722.366014,1869.970853,155.8309044,2111.128051,876.5,3775.264893,2898.764893,671.1840095,28.11207969,73.41968445,106.1549491,0.298123039,-0.086358612,1.117341271,36.38413449,0.275017427,11,1022.4,1022.4,259.8,3004.6,1,75.31688292,0,23.85809645,0.3000075,0.1800045,0.127503188,0,0.217505438,0,0,75.31688292,2,8637.307198,65.28697279,151.5317052,457.5117493,327.3154387,24.7098338,574,2.474085227,0.186774675,6839,0.393599936,51.6940751,0.297511107,28,0.211644115,1.883921088
NP0322404,Bagmati,Dolakha,Baiteshwor,0,80.37986251,86.12811311,27.63428392,131.9136828,695.1420492,17940.26086,1495.021738,1972.28663,1311.414662,1677.187045,1828.100068,152.3416723,1678.143078,830.5,3020.444092,2189.944092,415.694993,23.17652672,67.23493984,281.8143707,-0.38958939,0.081491449,1.074967784,19.69302761,0.244999518,10,1022.4,1022.4,259.8,3004.6,1,75.34791252,0,20.05467197,3.7027833,0.521868787,0.074552684,0,0.298210736,0,0,75.34791252,2,7746.355713,96.37184577,704.2141557,2871.619385,263.0328561,33.84008768,481,3.272372556,0.42100206,6948,0.381057651,86.43956064,0.474071041,3,0.037322781,1.820622271
NP0322405,Bagmati,Dolakha,Shailung,0,128.490862,85.97934819,27.6180363,134.9423829,710.0393372,18352.16408,1529.347006,1954.29599,1314.529792,1619.570576,1874.664323,156.2220269,2001.811852,822.1306763,3109.555176,2287.4245,410.4597662,24.60481311,67.54765876,63.35279241,0.161019025,0.080798326,0.382528573,32.50319935,0.252961174,14,1022.4,1022.4,155.4,155.4,1,73.24855491,0,24.00770713,2.581888247,0.069364162,0.053949904,0,0.038535645,0,0,73.24855491,2,1621.822968,12.622088,405.4557419,426.8727417,461.376862,0,1014,3.590736763,0,7754,0.476083714,60.34670386,0.370519511,3,0.023347964,2.6037215
NP0322406,Bagmati,Dolakha,Melung,0,86.40486678,86.04330328,27.54417309,127.5264478,658.7592926,17343.5969,1445.299742,1857.821155,1243.532823,1553.129618,1732.25401,144.3545009,1625.119011,627.5128784,3020.59668,2393.083801,489.6118482,24.71606895,61.92505082,86.74634582,0.451646686,0.025675255,1.790623181,46.6309986,0.539680233,11,1005.4,1005.4,195.1,3354.9,1,69.48081783,0,24.38548128,5.858028946,0.057431656,0.068917988,0,0.149322306,0,0,69.48081783,3,4712.49231,54.53966293,277.20543,491.2791443,264.1255838,3.792416125,572,3.056836885,0.043891233,7580,0.397335604,87.72653998,0.459853268,1,0.011573422,3.666007224
NP0322407,Bagmati,Dolakha,Tamakoshi,1,82.03465714,86.12163056,27.54553222,129.4462239,699.7227783,17604.68645,1467.057204,1924.563646,1291.324971,1646.065777,1763.484708,146.957059,1509.028995,577.8112793,2448.960205,1871.148926,480.7486283,24.97451662,62.05676071,228.8901758,-0.222425286,-0.194101115,2.294925138,25.90749242,0.315811552,15,1005.4,1005.4,195.1,3354.9,1,68.61747243,0,25.86938083,4.349933358,0.24233612,0.24233612,0,0.678541137,0,0,68.61747243,2,11544.93419,140.7324001,274.8793854,1819.751465,227.4733226,17.29581581,413,2.772892952,0.210835474,6324,0.346206965,77.08936955,0.422025248,2,0.02437994,2.183166898
NP0323301,Bagmati,Sindhupalchok,Melamchi,1,160.5229398,85.54074055,27.8264204,146.497288,833.9879659,19923.63117,1660.302598,2222.57,1480.730642,1895.056828,1939.209043,161.6007536,1381.50431,707.5,2463.00708,1755.50708,367.0624497,23.7586958,58.65982545,56.35212568,0.076740696,0.051078875,2.152900134,67.16158425,0.418392439,31,1043.2,1043.2,200.5,993.6,1,74.23970269,0,16.92784144,6.367296377,0.681325488,1.331681635,0,0.452152369,0,0,74.23970269,3,27032.89198,168.4051639,48.9726304,401.1196899,866.3279564,146.3090179,1740,5.396910607,0.911452395,28066,1.51037565,174.8410541,0.940909537,53,0.330170878,0.487825997
NP0323302,Bagmati,Sindhupalchok,Choutara Sangachowkgadhi,1,165.102747,85.71966479,27.75786037,137.164225,829.2865601,18654.33459,1554.527883,2139.174586,1373.867507,1831.546478,1871.706375,155.9755313,1243.056297,617.5,2534.537354,1917.037354,307.2262919,25.81347133,70.26069975,194.2370159,-0.023887436,-0.094146423,1.210199737,57.93304358,0.350890852,27,1043.4,1043.4,122.5,122.5,1,78.1432265,0,11.74914317,8.339847273,0.85382719,0.48704227,0,0.426913595,0,0,78.1432265,3,31189.90858,188.9121117,83.84384028,484.2486267,791.5215275,100.8851295,1000,4.794114829,0.611044524,13872,0.79470755,84.02040701,0.481341204,17,0.102966185,0.573181951
NP0323303,Bagmati,Sindhupalchok,Bahrabise,1,134.6526926,85.9000043,27.82169804,168.7730012,972.8312683,22953.12816,1912.76068,2704.298351,1661.714932,2298.565933,2325.92249,193.8268742,1885.245485,785.473999,3673.524902,2888.050903,573.5707714,29.93343577,70.15918998,154.7617932,0.071627415,-0.151952909,1.616806476,34.15457467,0.2536494,15,1063.9,1063.9,129.7,2375.4,1,72.67949667,0,24.411547,1.154700222,0.636565507,0.799407846,0,0.318282754,0,0,72.67949667,2,20270.46004,150.5388392,92.98376166,521.7302246,440.1758509,100.9838062,772,3.26897177,0.749957571,9924,0.574235122,73.70071707,0.426456471,46,0.341619608,0.903032996
NP0323401,Bagmati,Sindhupalchok,Helambu,1,287.4432119,85.52806062,28.00036283,146.5168944,746.4464857,19926.29764,1660.524803,2241.750593,1491.38627,1933.404707,1923.313525,160.2761271,2913.229271,916.803772,5807.291016,4890.487244,1221.308469,31.28602322,77.5966126,161.2049433,0.05844398,-0.171726627,0.723449167,100.327733,0.34903497,45,1082.9,1082.9,165.1,165.2,1,58.90761829,0,12.60600187,0.647260393,0.183448133,8.151327403,8.26208854,0.044996712,0,11.19725866,58.90761829,5,12576.22286,43.75202592,54.91800375,363.3477783,525.3895489,51.69691728,960,1.827802944,0.179850889,9646,0.563989005,33.55793283,0.196208845,22,0.076536857,1.178250198
NP0323402,Bagmati,Sindhupalchok,Panchpokhari Thangpal,0,436.0949461,85.64337839,28.01347652,136.8898057,718.0088465,18617.01357,1551.417797,2134.823057,1377.918922,1832.371657,1830.159716,152.5133097,3069.095926,879.9679565,5845.555176,4965.587219,1149.389796,31.39899829,74.32056252,220.902987,-0.100246211,-0.115715201,0.108748486,146.0822681,0.334978127,63,1082.4,1082.4,175.1,175.1,1,58.53380718,0,15.68252233,0.867960634,0.177692728,4.797703663,9.294696555,0.082012028,0,10.56360488,58.53380718,4,20173.05888,46.25841014,89.26132246,1478.345459,501.5395721,41.4481553,755,1.150069673,0.095043879,11326,0.576519092,25.97140853,0.132200361,23,0.052740808,2.094782445
NP0323403,Bagmati,Sindhupalchok,Jugal,1,595.9452712,85.790956,28.01533007,140.7651368,768.0323486,19144.05861,1595.338217,2250.412681,1395.288738,1916.532273,1939.788973,161.6490811,3437.305071,828.225647,6905.039551,6076.813904,1313.626551,32.0826153,77.98728467,217.4850384,-0.078308312,-0.102108577,0.566817782,197.9130233,0.332099327,90,1074.6,1074.6,152.6,427.7,1,43.87586552,0,22.13731543,0.373738216,0.106782348,7.342954868,16.02235755,0.126804038,0,10.01418203,43.87586552,5,10838.19024,18.18655297,137.1922816,1312.361084,535.15247,3.702392013,751,0.897989288,0.006212638,9835,0.467327793,16.50319329,0.078417904,48,0.080544309,0.815349519
NP0323404,Bagmati,Sindhupalchok,Bhotekoshi,1,277.9804886,85.93612314,27.91799038,135.9023418,762.4754089,18482.71849,1540.22654,2216.778976,1329.939877,1881.138216,1888.574245,157.3811871,2820.519096,1076.130615,5408.628418,4332.497803,802.0312886,31.55791359,75.1771702,177.9831107,0.001155126,-0.032801264,0.00392712,90.59966433,0.325920948,36,1077,1077,117.8,2245.8,1,67.0613486,0,24.2818816,0.053657664,0.232516544,2.096226078,2.146306564,0.067966375,0,4.060096584,67.0613486,2,14247.95508,51.25523431,385.079867,1042.598511,350.9385496,16.28969851,468,1.262457489,0.058600151,6084,0.378242747,21.88642818,0.136068092,26,0.093531744,0.485269436
NP0323405,Bagmati,Sindhupalchok,Indrawoti,1,105.0334339,85.63887561,27.78387601,134.2398065,793.1573486,18256.61368,1521.384473,2076.867006,1357.173793,1781.250511,1820.58919,151.7157658,1246.705273,649.5,2918.354736,2268.854736,368.1311572,24.82247166,61.94748881,184.7694767,-0.017060379,-0.204472922,0.184394957,39.30478973,0.374212175,17,1043.4,1043.4,122.5,122.5,1,75.01891074,0,14.59909228,7.829046899,0.661875946,1.333207262,0,0.557866868,0,0,75.01891074,3,19425.16793,184.9427102,52.3589432,614.8014526,430.8380823,62.65386773,898,4.101913708,0.596513561,10545,0.52217039,100.3966033,0.497146832,3,0.028562334,3.11293795
NP0323406,Bagmati,Sindhupalchok,Balephi,0,61.55886982,85.80348435,27.78115542,180.5929267,1090.995565,24560.63803,2046.719835,2882.306009,1806.540954,2475.99791,2519.081952,209.923496,1286.283979,674,2444.534424,1770.534424,368.676552,27.66791403,67.96250896,241.4795941,-0.25228948,-0.137098375,1.985660774,15.89472244,0.25820361,9,1047.7,1047.7,132.1,683,1,74.91541808,0,18.97857258,4.784920251,0.547768648,0.37054938,0,0.402771065,0,0,74.91541808,2,11336.7044,184.1603726,82.74966719,399.0357056,290.7228418,36.36076572,626,4.722679976,0.590666558,6276,0.376947124,101.9511895,0.612336005,35,0.568561445,0.376461346
NP0323407,Bagmati,Sindhupalchok,Sunkoshi,0,72.78030222,85.80680355,27.70944904,156.0876753,938.8449707,21227.92384,1768.993653,2435.701499,1561.753123,2081.186684,2165.671695,180.4726412,1313.9789,632,2269.706299,1637.706299,338.6138615,27.33635023,66.06297411,295.193458,-0.245242974,0.115368383,0.89019542,31.38903473,0.431284754,11,1033.3,1033.3,115.3,3427.6,1,79.61774744,0,12.42320819,6.52559727,0.464163823,0.109215017,0,0.860068259,0,0,79.61774744,3,14339.88039,197.0296901,210.880594,2463.308105,280.1268515,26.21544947,649,3.848937733,0.360199789,6982,0.420742094,95.93255025,0.578098855,5,0.068699907,3.441997595
NP0323408,Bagmati,Sindhupalchok,Tripurasundari,1,94.17442872,85.94517037,27.75280665,155.1829155,926.8712158,21104.87651,1758.73971,2473.648542,1543.083289,2121.408826,2155.503211,179.6252676,2005.052212,756.5999756,3731.019531,2974.419556,641.992976,31.34345905,74.50556133,302.2848628,-0.354369004,0.223891769,1.679852635,31.07707468,0.329994831,14,1059,1059,140.9,2516.5,1,78.66483864,0,20.13288336,0.611685298,0.326935246,0.126555579,0,0.137101877,0,0,78.66483864,2,9695.852978,102.9563238,484.7926489,1618.639038,234.8994145,61.51550691,455,2.494301454,0.653208177,5434,0.317538673,57.70143842,0.337181417,8,0.08494875,2.261105314
NP0323409,Bagmati,Sindhupalchok,Lisankhu Pakhar,0,98.51342303,85.87564873,27.67361597,152.8649587,918.5669922,20789.63438,1732.469531,2359.499821,1531.923647,2020.785817,2154.550868,179.5459057,1879.181753,900.428772,2746.866211,1846.437439,268.3001125,25.43450924,62.69151092,151.2729085,0.0195093,-0.035594499,1.260641083,34.83913844,0.353648644,8,1025.9,1025.9,172.3,172.3,1,79.63131774,0,18.67720045,1.154664236,0.52668895,0.010128634,0,0,0,0,79.63131774,2,6188.226334,62.8160726,412.5484222,692.4534912,404.0697994,23.01521893,872,4.101672513,0.233625208,6672,0.37894501,67.72681118,0.384663327,4,0.040603604,0.877813914
NP0324301,Bagmati,Kavrepalanchok,Mandan Deupur,1,88.55382079,85.59855947,27.71015087,125.080448,729.7397003,17010.94093,1417.578411,1878.188237,1246.376258,1589.169596,1675.178937,139.5982448,1112.384814,627,2140.722168,1513.722168,312.7206048,22.67420546,63.53852915,56.73804002,0.224554376,0.147291332,0.432188573,25.14881705,0.283994714,5,1033.5,1033.5,118.6,1234.7,1,72.19054009,0,10.30973946,14.26814268,0.81628089,1.59901599,0,0.81628089,0,0,72.19054009,3,10702.16484,120.854919,28.16359168,674.2269897,530.8470474,69.7618076,1186,5.994626124,0.787789922,10750,0.620606935,121.3951008,0.700824572,17,0.191973648,0.840419014
NP0324302,Bagmati,Kavrepalanchok,Banepa,0,54.56423366,85.51349323,27.64826231,117.6309777,626.4279989,15997.81296,1333.15108,1709.425149,1153.542928,1422.178899,1548.990775,129.0825646,1635.450866,1224.73584,2161.088867,936.3530273,154.5914598,19.80954682,50.81716442,171.2895426,0.026253908,-0.171360876,0.201231024,15.83772693,0.290258396,5,1048.8,1048.8,141.6,141.7,1,58.3988302,0,9.084262475,26.90550174,5.611405593,0,0,0,0,0,58.3988302,4,14403.02201,263.9645248,16.78673894,308.7082214,410.0550202,23.85578221,1742,7.515088047,0.437205484,22450,1.796714709,411.4416806,3.292843295,8,0.146616189,1.927929855
NP0324303,Bagmati,Kavrepalanchok,Dhulikhel,1,54.58039837,85.57216381,27.61788755,94.71167665,512.3083496,12880.78803,1073.399002,1352.907464,901.3289351,1099.186714,1242.53218,103.5443483,1348.259963,857.9798584,1934.403931,1076.424072,218.4351458,20.89123386,56.57179034,50.32502789,0.121186414,0.100521508,1.942164739,15.05377697,0.275809218,7,1026.7,1026.7,147.7,147.7,1,66.23400366,0,5.63071298,25.74040219,2.303473492,0.091407678,0,0,0,0,66.23400366,3,10024.87251,183.6716625,26.24312175,378.6497192,386.6336867,47.853742,1317,7.083746148,0.87675692,11227,0.839808691,205.6965565,1.538663542,12,0.21985915,1.507950074
NP0324304,Bagmati,Kavrepalanchok,Panchkhal,1,102.847939,85.63852132,27.63690393,100.022422,575.6152496,13603.04939,1133.587449,1473.175059,963.1394093,1210.695488,1339.356805,111.6130671,995.6851346,600,1641.523682,1041.523682,161.114143,19.30208471,61.2134357,86.98227114,0.079626861,0.004197774,0.626418249,36.06250185,0.350639033,12,1026.7,1026.7,147.7,147.7,1,66.73728814,0,8.330123267,23.31471495,1.338597843,0.182973806,0,0.096302003,0,0,66.73728814,3,13239.52661,128.7291387,14.14479338,1510.562012,639.0039567,107.7200186,1581,6.213094425,1.047371679,19543,1.30817332,190.018392,1.271948988,39,0.379200598,1.587951272
NP0324305,Bagmati,Kavrepalanchok,Panauti,1,118.0974804,85.47815398,27.57718365,125.0775969,675.7642822,17010.55318,1417.546098,1777.262419,1232.178342,1486.875605,1615.62482,134.6354017,1806.763017,1282.841675,2834.35791,1551.516235,324.0801339,25.44566902,60.93185063,57.51492465,0.114166064,0.072690003,0.84988514,51.51984365,0.436248457,20,1048.8,1048.8,141.6,141.7,1,78.13504823,0,3.926214249,16.44948384,1.218480284,0.262311728,0,0.008461669,0,0,78.13504823,2,6874.0221,58.20634001,10.10885603,557.5079346,584.4586979,28.20797672,1893,4.948951458,0.238853332,20730,1.360765635,175.5329574,1.152239345,31,0.262495016,1.135501745
NP0324306,Bagmati,Kavrepalanchok,Namobuddha,1,102.2852785,85.63967186,27.55315076,101.9899258,541.9337362,13870.6299,1155.885825,1425.611131,980.9674664,1157.638209,1347.357127,112.2797605,1335.424599,748.2474365,2025.261597,1277.01416,219.5991062,23.79075848,59.82119658,189.2565529,-0.00926705,-0.056860828,0.529090632,28.43023035,0.277950364,9,1020.7,1020.7,127.4,413.7,1,59.06398679,0,17.68132828,22.8177493,0.339838819,0.097096806,0,0,0,0,59.06398679,3,8315.798453,81.30005194,7.793625542,273.4900208,691.1594128,203.0378798,1581,6.757173887,1.985015662,19842,1.153376661,193.98686,1.127607685,89,0.870115439,0.447040021
NP0324401,Bagmati,Kavrepalanchok,Bhumlu,1,91.40748467,85.74563466,27.6362466,118.2815661,697.7814026,16086.29299,1340.524416,1775.952741,1170.416306,1492.821255,1599.717775,133.3098146,1279.538088,595.5,2252.431641,1656.931641,412.7230314,27.40208161,68.45446892,267.557641,-0.173725171,-0.007409907,1.255963322,46.96346019,0.513781343,19,1026.7,1026.7,29.2,4691.5,1,69.84317142,0,19.18971902,8.429536049,0.217817469,0.827706382,0,1.492049662,0,0,69.84317142,3,4146.744882,45.36548508,1.296262858,290.8250427,406.9633751,44.80234213,723,4.452188752,0.490138661,7941,0.416002202,86.87472397,0.455107373,9,0.098460209,1.054641384
NP0324402,Bagmati,Kavrepalanchok,Chauri Deurali,0,97.75280125,85.80500234,27.58072969,127.0318205,673.0361328,17276.32759,1439.693966,1821.130101,1256.969339,1526.660716,1723.914609,143.6595507,1336.890096,560,2256.405273,1696.405273,376.7706415,26.67054948,66.22230983,159.297278,0.086711044,-0.229441154,0.744490405,23.28909952,0.23824483,12,1013.7,1013.7,92.2,4931.3,1,48.67075665,0,37.19836401,13.01635992,0.214723926,0.511247444,0,0.388548057,0,0,48.67075665,3,5206.824683,53.26522224,9.199336896,168.8085327,446.6531932,119.7719445,648,4.569211189,1.225253322,8847,0.452095686,90.50380027,0.462488727,9,0.092068973,0.488329273
NP0324403,Bagmati,Kavrepalanchok,Bethanchowk,0,100.9474773,85.49586217,27.50695809,130.7726344,696.3670858,17785.07827,1482.089856,1884.035608,1291.560175,1524.639572,1659.621547,138.3017956,1972.906698,734.7769775,2932.802002,2198.025024,390.5012557,31.46678399,65.64177755,14.1516448,0.02357098,0.093483293,0.876797085,33.41633612,0.331026956,14,1034.7,1034.7,144.5,286.2,1,91.62629758,0,3.499752842,4.676223431,0.148294612,0.049431537,0,0,0,0,91.62629758,1,3999.185982,39.61650247,18.26112321,586.3582764,302.6371408,13.405616,842,2.997966358,0.13279793,6641,0.393588126,65.78668611,0.389893969,10,0.099061416,2.209107756
NP0324404,Bagmati,Kavrepalanchok,Roshi,1,176.1241595,85.67108324,27.47036285,112.7538375,552.5584106,15334.5219,1277.876825,1573.013628,1094.603247,1240.005957,1459.949371,121.6624476,1495.524524,587.2910767,2802.9104,2215.619324,408.5947792,31.07648967,68.27594074,31.39597888,0.161168621,0.264078261,1.417382997,65.36161774,0.371111027,18,1020.7,1020.7,127.4,413.7,1,77.13620621,0,14.52904105,7.653437802,0.272525975,0.408788963,0,0,0,0,77.13620621,3,7566.236187,42.95967235,11.8779218,194.7410736,535.6574601,46.11339024,1181,3.041362761,0.261823195,10027,0.556906163,56.93142852,0.316200892,24,0.136267506,1.975804848
NP0324405,Bagmati,Kavrepalanchok,Temal,1,88.76190836,85.75703058,27.50958265,108.1894208,526.8563995,14713.76123,1226.146769,1481.561483,1044.700061,1185.790335,1440.021241,120.0017701,1170.157576,526.5,2048.009766,1521.509766,362.1380142,30.42832304,69.58130703,80.93154328,0.114574407,0.018287157,2.449868418,20.04639953,0.225844621,12,1013.7,1013.7,92.2,4931.3,1,51.44838385,0,33.31842076,12.90683369,0.335532938,0.917123364,0,1.073705402,0,0,51.44838385,3,4807.208551,54.15846324,4.560918929,68.66790771,464.7638399,31.93224043,953,5.236073092,0.359751621,8108,0.45758381,91.34548986,0.515518221,5,0.05633047,2.309978153
NP0324406,Bagmati,Kavrepalanchok,Khanikhola,0,131.575789,85.49663302,27.42867948,144.9724203,723.6510315,19716.24915,1643.020763,2111.50842,1425.247938,1681.689117,1801.348617,150.1123848,1266.785978,275.526062,2924.933105,2649.407043,585.8991061,33.68832273,70.12754151,192.398788,-0.061376693,-0.279185368,0.65098756,38.73099377,0.294362618,15,954.4,954.4,107.8,1333.3,1,90.12654391,0,6.857619156,2.599075547,0.015154959,0.378873987,0,0.022732439,0,0,90.12654391,2,5394.354808,40.99808065,4.432501896,206.2718506,239.8508268,0,611,1.822910041,0,4437,0.192887591,33.72200946,0.146598088,7,0.053201277,2.252810817
NP0324407,Bagmati,Kavrepalanchok,Mahabharat,0,185.8588103,85.62154677,27.39232019,136.0899767,659.1452375,18508.23684,1542.35307,1931.41848,1332.81967,1523.503623,1728.181761,144.0151468,1209.040834,312,2629.236328,2317.236328,503.8143948,31.02766972,68.70569352,209.8987176,-0.088182084,-0.153361287,0.158411092,74.75221871,0.402198952,26,973.6,973.6,102.2,102.3,1,89.87675583,0,5.13427695,4.719875141,0.021527367,0.242182875,0,0.005381842,0,0,89.87675583,2,5772.364073,31.05779093,8.488770695,112.1748581,432.5809227,0,1057,2.327470632,0,5955,0.262339374,32.04045044,0.141149819,14,0.075325996,0.708653039
NP0325101,Bagmati,Lalitpur,Lalitpur,1,36.10814556,85.31562909,27.65052081,96.50682464,482.8240509,13124.92815,1093.744013,1383.924584,901.3435388,1098.216133,1275.146168,106.2621806,1321.667249,1240.5,1427.623779,187.1237793,33.66870467,5.780862723,45.42508755,343.4316283,-0.045623753,0.153350983,0.10318609,22.3382732,0.61864914,8,995.6,995.6,201.2,678.2,1,5.748699699,0,6.898439639,30.55023269,56.11825897,0.492745688,0,0.191623323,0,0,56.11825897,4,304685.1562,8438.128059,84.26027551,785.1818848,614.3555803,91.57803925,4215,17.01432102,2.536215522,43584,5.028444558,1207.040664,13.92606704,70,1.938620743,0.510574245
NP0325301,Bagmati,Lalitpur,Godawari,0,96.0832703,85.33545792,27.58448496,119.88313,624.9296672,16304.10568,1358.675474,1712.673899,1161.014589,1402.22437,1504.795641,125.3996368,1633.41954,1106.334595,2689.092529,1582.757935,256.2903236,21.51029709,58.1975847,328.8807367,-0.133933166,0.221854869,1.525385503,30.49410114,0.317371599,8,1016.5,1016.5,225.3,375.9,1,62.46890547,0,4.259950249,27.20771144,5.275704809,0.766998342,0,0.020729685,0,0,62.46890547,3,80756.02847,840.4795987,39.47019964,388.1607971,554.7014081,73.49104242,2113,5.773132059,0.764868246,23538,2.009880358,244.9750089,2.091810938,111,1.155247939,0.380747592
NP0325302,Bagmati,Lalitpur,Mahalaxmi,1,26.49429998,85.38012589,27.63501095,109.2714819,543.1734009,14860.92154,1238.410128,1555.878417,1032.54566,1258.709442,1413.662242,117.8051868,1495.278899,1283.5,2090.227295,806.7272949,232.275368,13.12738259,49.52573797,345.7906816,-0.06466669,0.255385606,0.419800551,7.86900517,0.297007476,4,1023.1,1023.1,150.4,150.4,1,36.0014892,0,6.924795235,31.12434847,25.68875652,0.223380491,0,0.037230082,0,0,36.0014892,4,64113.67952,2419.904642,37.6033311,215.2454681,288.0239972,26.67890282,1761,10.87116842,1.006967644,12535,1.254399526,473.1206338,4.734601506,45,1.698478542,0.136048692
NP0325401,Bagmati,Lalitpur,Bagmati,1,111.4577198,85.30401341,27.48423913,137.0795147,684.8768768,18642.814,1553.567833,2047.89142,1338.362804,1631.254494,1693.213903,141.1011585,1308.977498,461.3815613,2506.721924,2045.340363,420.5540256,33.64498096,67.25644081,213.8533145,-0.1549118,-0.230939334,0.559097277,42.14935631,0.378164531,18,984.5,984.5,112.4,112.5,1,85.53848918,0.01796461,8.380490434,4.706727746,0.071858439,1.284469595,0,0,0,0,85.53848918,2,13936.59711,125.0393165,104.004456,1838.308472,318.3607466,56.26702752,698,2.856336439,0.504828446,7572,0.392780129,67.93607489,0.352402803,70,0.62804084,0.261331876
NP0325402,Bagmati,Lalitpur,Konjyosom,1,44.14387013,85.35011947,27.53039719,118.6240492,580.5702515,16132.8707,1344.405891,1735.657071,1152.183551,1393.868439,1469.871161,122.4892634,1787.617691,1018.489319,2613.963135,1595.473816,272.9518861,30.34799398,60.89563764,237.1820148,-0.144993969,-0.093506667,0.081917937,21.50999984,0.487270368,3,984.5,984.5,112.4,112.5,1,80.92459605,0,10.77199282,8.146319569,0.13464991,0.022441652,0,0,0,0,80.92459605,3,4549.594942,103.0628925,62.32321838,434.4886475,192.9758382,38.73114988,503,4.371520613,0.877384556,4022,0.2450396,91.11117779,0.555093152,32,0.724902459,0.376361219
NP0325403,Bagmati,Lalitpur,Mahankal,1,82.4017581,85.39872267,27.48766953,131.5393799,687.1178741,17889.35567,1490.779639,1951.116051,1289.239719,1574.858715,1633.831762,136.1526469,1733.88658,413,2828.887451,2415.887451,492.5027239,32.33218499,66.86196174,169.5133824,0.025097038,-0.135588229,0.21205296,21.05426614,0.255507487,9,962.6,962.6,161.9,1225.5,1,91.51103565,0,5.639097744,2.631578947,0.06063546,0.157652195,0,0,0,0,91.51103565,2,7560.560523,91.75241764,67.50500467,450.90625,238.9832837,11.79849876,588,2.90022069,0.14318261,3738,0.22538502,45.3631098,0.273519673,42,0.509697863,0.529505269
NP0326301,Bagmati,Bhaktapur,Madhyapur Thimi,1,11.10719674,85.38141872,27.68243247,116.896354,617.2734375,15897.90414,1324.825345,1706.159639,1141.352805,1415.656723,1537.921764,128.160147,1315.023264,1286.674805,1372.464966,85.79016113,15.17593441,4.587420934,34.77097525,218.2097958,-0.09643626,-0.122505523,1.137827072,6.379012922,0.57431349,3,1023.1,1023.1,150.4,150.4,1,6.102877071,0,8.631211857,25.80645161,59.19790759,0.261551874,0,0,0,0,59.19790759,4,88046.09923,7926.941541,76.89615653,446.0144653,240.3896621,33.8033823,1776,21.64269417,3.043376569,12566,1.421416378,1131.338563,12.79725579,24,2.160761222,0.478973747
NP0326302,Bagmati,Bhaktapur,Changunarayan,1,62.94704531,85.46260956,27.69619371,122.3443091,643.2802734,16638.82603,1386.568836,1794.355275,1199.877706,1491.947372,1603.276853,133.6064044,1473.996195,1301.426636,2140.796387,839.369751,177.928915,12.25462918,44.30911665,263.9546125,-0.261587208,-0.02770345,0.605599194,16.63381489,0.264250924,8,1023.1,1023.1,150.4,150.4,1,36.18689244,0,9.736594544,47.99310129,5.832549389,0.250862339,0,0,0,0,47.99310129,4,62834.29406,998.2087921,18.04546067,206.116745,492.8565954,97.17783972,1938,7.829701824,1.543803037,14976,1.312749553,237.9142647,2.085482403,98,1.556864179,0.299781129
NP0326303,Bagmati,Bhaktapur,Bhaktapur,1,6.553400662,85.42949947,27.67494207,125.5448861,642.9713135,17074.10451,1422.842043,1818.676124,1236.787757,1513.659164,1656.046238,138.0038532,1322.302984,1299.631714,1350.752808,51.12109375,12.88821244,4.014268498,22.57510376,291.9124981,-0.131742756,0.052993633,0.642765696,4.422505609,0.674841329,2,1023.1,1023.1,150.4,150.4,1,4.347826087,0,2.848575712,36.73163418,55.32233883,0,0,0.749625187,0,0,55.32233883,2,75894.51761,11580.93661,101.1926901,271.5987549,124.6155129,19.82605805,867,19.01539663,3.025308397,15292,1.119159413,2333.444999,17.07753685,2,0.305185064,0.53666929
NP0326304,Bagmati,Bhaktapur,Suryabinayak,1,42.43730336,85.42534921,27.649199,116.4179906,573.0258179,15832.84673,1319.403894,1662.303829,1108.925935,1344.801102,1504.480606,125.3733838,1457.291079,1290.022705,2025.14209,735.1193848,156.9236418,14.57656304,50.15123293,337.8967466,-0.136936225,0.33717833,0.993340436,16.84045935,0.396831514,7,1023.1,1023.1,150.4,150.4,1,40.10175763,0,7.423681776,35.26827012,17.06753006,0.138760407,0,0,0,0,40.10175763,4,76918.92203,1812.530862,32.22409804,148.9048615,421.9414748,39.20032623,2230,9.942702326,0.923723308,19943,1.873115183,469.9403218,4.413841206,66,1.555235483,0.552546442
NP0327101,Bagmati,Kathmandu,Kathmandu,1,49.43715659,85.32715978,27.70894688,125.3863853,663.4187622,17052.54841,1421.0457,1846.639309,1293.107584,1610.018372,1697.69737,141.4747808,1310.117858,1270.5,1406.873169,136.3731689,17.21868931,4.396671753,41.15552773,191.1229186,-0.022550053,-0.114695711,0.675035465,32.09974756,0.649304082,9,1016.5,1016.5,225.3,375.9,1,3.915662651,0,3.473895582,3.473895582,88.7751004,0.240963855,0,0.120481928,0,0,88.7751004,1,2739003.728,55403.74724,453.0274112,947.6853027,1154.563798,199.9836785,10202,23.35417079,4.045209966,148544,14.65498168,3004.703552,29.6436581,100,2.022770056,0.440589087
NP0327301,Bagmati,Kathmandu,Tarakeshwor,1,34.93861477,85.29694307,27.77766651,131.9369629,650.0170898,17943.42696,1495.28558,1910.735562,1325.449539,1611.399048,1787.709184,148.9757653,1495.192506,1156.650146,2297.148438,1140.498291,225.8335966,16.12631386,52.08630049,159.2960707,0.10676384,-0.282483715,0.584943481,15.3188155,0.438449424,9,1016.3,1016.3,101.5,101.5,1,43.11717861,0,19.31171786,19.36860068,17.63367463,0.568828214,0,0,0,0,43.11717861,4,208497.3454,5967.533251,148.820375,607.6519775,294.4351139,42.19373567,1428,8.427212008,1.207653364,13619,1.252013971,389.7979382,3.583467689,17,0.486567659,0.801671835
NP0327302,Bagmati,Kathmandu,Tokha,1,17.10803525,85.33009457,27.77531857,135.8358148,706.970459,18473.67082,1539.472568,1983.70352,1375.627421,1684.405914,1842.498518,153.5415432,1482.489501,1295.404785,2293.170898,997.7661133,231.0745089,13.48526482,49.66665431,227.9632389,-0.292349664,-0.263572659,0.733969602,5.389420378,0.315022754,4,1016.3,1016.3,101.5,101.5,1,34.08958697,0,11.34380454,19.66259453,34.61314718,0.290866783,0,0,0,0,34.61314718,4,298581.5594,17452.70892,247.5800658,925.8834839,242.4646848,22.98442044,1794,14.17256168,1.343486853,13698,1.448865955,800.6763957,8.468920795,12,0.701424788,0.497857786
NP0327303,Bagmati,Kathmandu,Budhanilkhantha,1,34.78593536,85.3621665,27.77222617,136.2191866,716.7856445,18525.80938,1543.817448,2015.072989,1371.748151,1707.107925,1838.788882,153.2324069,1617.757242,1303.324341,2726.183594,1422.859253,335.9187351,16.00565211,48.14139652,209.2180507,-0.204320547,-0.36531827,0.238208795,13.36767727,0.384283968,3,1016.5,1016.5,225.3,375.9,1,50.76400679,0,10.78098472,6.932654216,31.26768534,0.25466893,0,0,0,0,50.76400679,4,343072.9686,9862.40459,187.4715675,823.6077881,382.3439169,38.04396512,2562,10.99133638,1.093659398,17760,1.936226814,510.55117,5.566119736,16,0.459956009,0.309513181
NP0327304,Bagmati,Kathmandu,Gokarneshwor,1,58.45895773,85.41384596,27.77386261,132.552322,688.8847656,18027.11579,1502.259649,1949.111546,1345.805961,1669.560181,1777.340351,148.1116959,1815.911611,1304.740601,2725.871338,1421.130737,366.4750738,17.33842106,56.52651337,174.900135,0.029277308,-0.328054532,0.962564279,9.840881614,0.168338301,3,1016.5,1016.5,225.3,375.9,1,71.60243408,0,10.51386072,7.555780933,10.15889114,0.16903313,0,0,0,0,71.60243408,4,330409.5076,5651.991079,239.774679,911.5421143,302.1172919,32.32732403,1519,5.16802392,0.552991796,14932,1.614166042,255.427065,2.761195382,7,0.119742128,1.83431993
NP0327305,Bagmati,Kathmandu,Nagarjun,1,29.84012874,85.26127237,27.72721783,127.8360055,654.1145935,17385.69675,1448.808062,1871.094685,1290.605331,1598.573845,1720.122568,143.3435473,1495.598723,1093.021606,2101.935303,1008.913696,178.6307755,20.770415,61.93649242,135.139065,0.164489181,-0.165289603,1.056401098,7.793819013,0.261185837,2,1016.3,1016.3,101.5,101.5,1,57.35196274,0,8.982035928,10.41250832,23.18695941,0.066533599,0,0,0,0,57.35196274,4,165041.233,5530.848559,144.1408149,676.9347534,314.9263792,29.309954,1945,10.55378755,0.982232827,18880,1.79629738,632.7050451,6.019737367,6,0.201071519,1.338792497
NP0327306,Bagmati,Kathmandu,Kageshwori Manahara,1,27.36429453,85.41913968,27.73508491,123.7591935,665.3590088,16831.25032,1402.604194,1843.785022,1237.05604,1564.310593,1645.368899,137.1140749,1471.055421,1295.272095,2259.222168,963.9500732,227.7095501,10.40090562,45.68521439,204.8518485,-0.154716346,-0.334042642,0.78317607,21.13702253,0.772430749,4,1016.5,1016.5,225.3,375.9,1,30.17429194,0,18.15541031,26.36165577,24.61873638,0.689905592,0,0,0,0,30.17429194,4,187117.6555,6838.022275,118.8803402,687.8969727,317.2270187,36.02936992,2169,11.59273514,1.316656268,17775,1.653965811,649.5690939,6.044247948,20,0.730879431,0.562078469
NP0327307,Bagmati,Kathmandu,Shankharapur,0,60.18808774,85.49892197,27.75348607,133.1744813,746.8040975,18111.72946,1509.310788,2014.512814,1311.643585,1683.292043,1730.794271,144.2328559,1528.041542,834.3972778,2377.657959,1543.260681,275.3642686,20.13303849,55.75810677,142.9274661,0.089971541,-0.119082312,1.331247622,20.79499313,0.345500146,7,1043.2,1043.2,200.5,993.6,1,62.48972209,0,20.30915968,15.37576057,1.578687716,0.246669956,0,0,0,0,62.48972209,3,73270.37339,1217.356725,196.4353174,948.8694458,297.6103797,47.8727785,771,4.944672457,0.795386268,7747,0.542788203,128.7131772,0.901819983,8,0.132916667,0.44730343
NP0327308,Bagmati,Kathmandu,Chandragiri,1,43.90705214,85.22943476,27.68680806,122.0031457,624.7977905,16592.42782,1382.702318,1749.668335,1192.933144,1462.608444,1600.486908,133.373909,1609.428448,1179.063965,2552.415283,1373.351318,271.1124498,19.7610537,58.99091232,57.5660006,0.288835196,0.183540903,0.236254266,8.950892199,0.203860013,4,995.6,995.6,201.2,678.2,1,53.91048825,0,10.08137432,15.75497288,19.80108499,0.452079566,0,0,0,0,53.91048825,4,231647.3502,5275.857498,118.3686,441.6778259,492.8459276,58.00155232,3211,11.22475556,1.321007663,28372,2.709661828,646.1832125,6.171359033,13,0.29608,1.289868571
NP0327309,Bagmati,Kathmandu,Kirtipur,1,14.75578897,85.27503543,27.66671342,109.2196461,550.0027466,14853.87187,1237.822656,1564.913632,1044.632512,1277.085571,1439.497444,119.9581203,1374.649613,1253,2253.154053,1000.154053,137.6066589,9.821241024,53.71478381,71.78475803,0.215738741,0.07099489,0.697718647,7.919136142,0.536679954,2,995.6,995.6,201.2,678.2,1,18.55111713,0,7.041299932,44.48205823,28.70683819,0.880162492,0,0.338524035,0,0,44.48205823,4,187186.8969,12685.6583,198.5014813,393.5492554,186.2293809,18.62567596,1115,12.62076743,1.262262289,12843,1.243702824,870.3702679,8.428575568,12,0.813240147,0.275064768
NP0327310,Bagmati,Kathmandu,Dakshinkali,0,42.6703904,85.26102193,27.61613817,124.2958319,677.7594299,16904.23314,1408.686095,1806.304686,1191.392225,1477.66766,1573.242107,131.1035089,1660.7666,1151.606323,2520.140869,1368.534546,279.76952,23.78461249,56.50976597,101.7565361,0.412245896,-0.085796333,0.471011446,15.35407822,0.359829804,6,995.6,995.6,201.2,678.2,1,63.89658356,0,6.440443213,26.77746999,2.054478301,0.784856879,0,0.046168052,0,0,63.89658356,3,75235.80322,1763.185256,186.689338,1008.954651,215.8366369,27.22391336,536,5.058229719,0.638004787,8054,0.640939486,188.7491519,1.502070826,4,0.093741819,0.65599734
NP0328301,Bagmati,Nuwakot,Bidur,1,129.99959,85.13594564,27.92578666,113.2116227,536.7677438,15396.78068,1283.065057,1680.769108,1130.9374,1410.903018,1547.948693,128.9957244,861.7239258,438.5,1911.654419,1473.154419,281.7116246,22.54000772,69.27911867,150.6927603,0.080296335,-0.143044031,0.052067087,62.71230161,0.482403842,21,1317.8,1317.8,130.1,4781.3,1,71.63789797,0,8.039892597,16.18718834,2.040659762,0.268507863,0,1.825853471,0,0,71.63789797,3,35596.78303,273.8222716,37.19622051,242.8129578,708.6264454,53.95584341,1861,5.45098985,0.415046258,22297,1.491778625,171.5159256,1.147525639,24,0.184615967,2.972437992
NP0328302,Bagmati,Nuwakot,Belkotgadhi,1,155.5917637,85.12274259,27.82489343,121.7712095,585.9254761,16560.8845,1380.073708,1744.872492,1203.386927,1457.001842,1650.465481,137.5387901,1072.294628,408,2070.115234,1662.115234,382.3968763,23.65115776,62.64500109,299.3871816,-0.100568478,0.056637786,1.48926163,55.6853284,0.357893805,28,1302.6,1302.6,164.2,164.3,1,67.8898495,0,11.29042587,19.39161063,0.365033622,0.358629523,0,0.704450849,0,0,67.8898495,3,30114.2639,193.5466453,30.85477858,357.2655029,847.0739106,40.94262701,2014,5.444207909,0.263141352,15923,1.012868445,102.3383219,0.650978189,32,0.205666413,1.109988215
NP0328401,Bagmati,Nuwakot,Myagang,0,97.83960609,85.05618218,27.98852303,128.4123251,590.7507019,17464.07622,1455.339685,1920.254351,1259.521163,1578.218216,1717.873607,143.1561339,1666.118345,726.3352051,3220.436035,2494.10083,409.7560778,28.10597549,69.3737719,263.6037628,-0.149907146,-0.016804812,1.83786936,15.14967991,0.154841996,5,1317.8,1317.8,130.1,4781.3,1,88.25803826,0,7.773707774,3.551078551,0.396825397,0.02035002,0,0,0,0,88.25803826,2,9231.626448,94.35469762,51.2868136,294.553894,320.9667167,8.029290879,731,3.280539748,0.082065855,8380,0.396365995,85.65038572,0.405118143,4,0.040883239,0.87535508
NP0328402,Bagmati,Nuwakot,Kispang,1,82.56838442,85.12527335,28.03158039,132.8575341,637.022583,18068.62464,1505.71872,2000.18666,1303.832651,1650.946294,1780.877737,148.4064781,1970.618924,614.5,3637.435791,3022.935791,716.9792992,28.00278604,73.45751712,163.707135,0.091077681,-0.31160542,1.772906872,22.71809874,0.275142827,7,1334.4,1334.4,158.9,4500.2,1,78.26506024,0,18.8313253,1.86746988,0.722891566,0.180722892,0,0.120481928,0,0.012048193,78.26506024,2,9789.283411,118.5597064,91.48863001,368.4611206,272.8105863,0,765,3.304056247,0,11556,0.463968969,139.9567169,0.561920852,43,0.520780445,1.460638524
NP0328403,Bagmati,Nuwakot,Tarakeshwor,0,72.62948763,85.03914327,27.88958849,123.4994487,546.0814209,16795.92502,1399.660418,1772.073184,1204.032673,1448.4795,1656.513122,138.0427602,1038.270039,411.5,2021.259033,1609.759033,357.4438187,26.51783327,62.4420808,180.2325642,-0.001554765,-0.383038182,0.33872345,25.17917892,0.346679837,9,1302.6,1302.6,156.1,5610.3,1,71.20882113,0,15.76368091,12.14266267,0.381159815,0.149741356,0,0.353934114,0,0,71.20882113,3,10428.0984,143.5794019,47.61688765,181.6212463,319.3513306,0,655,4.39699275,0,7053,0.328212647,97.10931785,0.45189999,32,0.440592396,0.665896224
NP0328404,Bagmati,Nuwakot,Suryagadhi,1,49.08169391,85.25247575,27.94530557,117.6559975,590.0617676,16001.21565,1333.434638,1772.859367,1190.165103,1514.171913,1605.427649,133.7856374,1100.902067,550.7667847,2402.153809,1851.387024,334.7076002,26.93332791,64.40730037,167.9877326,0.035634582,-0.167471205,0.176653166,7.342500038,0.149597527,6,1333.3,1333.3,355,355,1,71.46008825,0,20.45728039,6.75892499,0.681909346,0.36101083,0,0.280786201,0,0,71.46008825,3,12864.65317,262.1069516,50.25255145,209.0105438,194.476875,20.25891245,345,3.962309763,0.412759032,5445,0.302682269,110.9374915,0.616690756,5,0.101870975,2.266857424
NP0328405,Bagmati,Nuwakot,Tadi,1,69.7716362,85.32957705,27.95613888,123.1008921,631.760498,16741.72132,1395.143443,1891.308552,1248.231904,1613.347618,1652.752911,137.7294093,1542.998534,595.293396,3844.674316,3249.38092,643.5868689,27.96461888,62.67519458,192.981201,-0.09828381,-0.426352123,0.191654962,26.37094515,0.377960825,13,1333.3,1333.3,355,355,1,67.33209753,0,26.83587623,5.004990731,0.427776986,0.085555397,0,0.242406959,0,0.071296164,67.33209753,3,15607.2502,223.6904715,44.21317336,158.4810486,261.8314562,19.07505791,614,3.752691931,0.273392727,8706,0.422788504,124.7784985,0.605960427,7,0.100327302,2.064036886
NP0328406,Bagmati,Nuwakot,Likhu,1,47.87515111,85.22414465,27.89291215,0,0,0,0,0,0,0,0,0,699.8185466,505,1291.360474,786.3604736,142.9826679,18.70095749,60.36817418,197.1926473,-0.01011285,-0.032684187,0.767887972,27.28380374,0.569894885,10,1318,1318,142.1,672.8,1,64.51879389,0,5.287071458,25.52664188,1.239157373,1.569599339,0,1.858736059,0,0,64.51879389,3,10873.57239,227.1235107,8.325859412,119.571312,215.7840465,17.54257414,409,4.507224344,0.366423369,7304,0.458660799,152.5634871,0.958035199,5,0.104438313,1.878814037
NP0328407,Bagmati,Nuwakot,Panchakanya,0,53.45563054,85.31463556,27.89400524,126.7180538,621.0650635,17233.65532,1436.137943,1851.116189,1273.141831,1561.267639,1734.30174,144.525145,1076.996196,581.5,2025.85376,1444.35376,317.6125865,22.64317384,66.10328018,323.5608559,-0.133024053,0.180171597,1.817305425,13.22201539,0.247345607,7,1333.3,1333.3,175.7,175.7,1,72.11377579,0,13.62706823,13.18088864,0.390407139,0.260271426,0,0.427588771,0,0,72.11377579,3,14722.89046,275.4226319,30.67268845,434.7380981,258.0752368,2.14215914,441,4.827840102,0.040073592,7367,0.36257854,137.8152297,0.678279418,4,0.074828413,0.552635398
NP0328408,Bagmati,Nuwakot,Dupcheshwor,0,131.5560624,85.42616785,27.93794421,135.5709424,698.8981689,18437.64816,1536.47068,2041.174479,1360.323126,1727.240909,1804.345406,150.3621172,1846.861915,821.6299438,3342.522949,2520.893005,473.5546734,30.13510609,68.17054958,273.7705264,-0.080444025,0.005301524,1.527369142,48.29104761,0.367075806,27,1333.3,1333.3,355,355,1,78.66004963,0,19.94886834,0.774494323,0.278216407,0.323332581,0,0.015038725,0,0,78.66004963,2,13094.5439,99.53584552,65.47271952,1038.879272,431.8041124,31.38013539,847,3.282282128,0.238530516,11451,0.568338991,87.04273898,0.432012771,60,0.456079324,1.668854845
NP0328409,Bagmati,Nuwakot,Kakani,1,87.9478507,85.23107982,27.818402,126.9128272,625.1916656,17260.1445,1438.345375,1833.555633,1278.063955,1549.880871,1734.986233,144.5821861,1365.620591,552.3743896,2153.174805,1600.800415,349.944382,24.6554408,60.18226658,315.4787268,-0.019232369,0.019556471,1.70250084,32.18782756,0.365987654,12,1333.3,1333.3,175.7,175.7,1,78.88526801,0,11.91145072,8.573997078,0.438251489,0.1910327,0,0,0,0,78.88526801,3,13331.61907,151.5855017,74.06455038,274.5923157,535.6244847,42.59388428,895,6.090250989,0.484308416,14525,0.837620636,165.1546898,0.952406032,22,0.250148239,0.497925318
NP0328410,Bagmati,Nuwakot,Shivapuri,0,101.4619761,85.37487185,27.85257822,138.9326931,737.0999756,18894.84626,1574.570521,2069.147262,1390.294254,1744.024227,1861.971774,155.1643145,1404.876953,617.3539429,2515.714355,1898.360413,387.2774499,27.61964234,65.08318284,321.8218028,-0.079246784,0.10078359,0.813275352,40.10388018,0.395260192,23,1333.3,1333.3,175.7,175.7,1,80.64200431,0,15.48248189,3.59170092,0.205519671,0.078293208,0,0,0,0,80.64200431,2,12927.43723,127.4116445,76.49371145,256.7458191,464.330441,41.78637542,905,4.576398557,0.411842712,10898,0.548741823,107.4096959,0.540834945,12,0.118270908,0.692730818
NP0328596,Bagmati,Nuwakot,Shivapuri,0,24.63362988,85.36525581,27.818552,137.257799,733.4104004,18667.06066,1555.588389,2042.799755,1366.102818,1716.760101,1824.481487,152.0401239,2073.583359,1494.890015,2730.354492,1235.464478,218.6620323,31.19959929,60.46308495,350.4327324,-0.08276333,0.491032008,1.298199363,0,0,0,1333.3,1333.3,175.7,175.7,1,99.68165539,0,0.318344608,0,0,0,0,0,0,0,99.68165539,1,119.5115185,4.851559395,19.91858641,21.18045425,45.6329098,2.614181943,50,1.852463889,0.106122482,53,0.004726253,2.151530256,0.019186181,0,0,2.506137197
NP0328597,Bagmati,Nuwakot,Langtang,0,88.50249373,85.43854971,28.02340003,139.4484885,691.6205241,18964.99444,1580.416203,2095.289141,1389.187795,1774.703089,1841.040232,153.4200194,3326.044647,1714.036011,5073.286133,3359.250122,719.0234906,35.19877901,71.03308777,174.0702425,0.037400191,-0.36008503,0.653419748,24.69430153,0.279023793,8,1333.3,1333.3,355,355,1,57.61321497,0,15.26014159,0,0,5.517473873,0,0.067423306,0,21.54174626,57.61321497,4,0,0,0,0,53.67510393,0,89,0.60648126,0,389,0.017672837,4.395356375,0.019968745,9,0.10169205,1.873868157
NP0329401,Bagmati,Rasuwa,Aamachhodingmo,1,246.5745819,85.25082253,28.21540581,92.91312665,438.4980358,12636.18522,1053.015435,1400.427448,862.1114366,1121.698504,1262.358425,105.1965355,3396.930647,1056.477417,6662.896973,5606.419556,1030.467498,32.41274653,74.65054523,114.6615854,0.230576793,-0.105866236,1.294102639,89.37238773,0.362455802,39,1366.3,1366.3,134.3,274.9,1,43.29101719,0,26.53061224,0.084364454,0.112485939,6.363490278,4.386951631,0.128555359,0,19.1025229,43.29101719,4,4439.885614,18.00625831,54.14494652,145.0805664,238.9622553,31.71444953,374,0.969127692,0.128620109,3718,0.183252568,15.07860207,0.074319326,28,0.113555906,3.006061381
NP0329402,Bagmati,Rasuwa,Gosaikunda,1,976.6996693,85.50713573,28.21222865,98.7411229,536.8848588,13428.79271,1119.06606,1572.834164,966.1692743,1330.226633,1367.596231,113.9663526,4214.675018,1006.323059,7216.157227,6209.834167,1201.315018,33.29782073,84.30140136,316.392207,-0.111059628,0.116592341,0.260923846,302.7137551,0.309935351,136,1378.2,1378.2,148.8,445,1,26.40384263,0,20.12293163,0,0.063094051,18.69110374,26.02222539,0.536299432,0,8.160503124,26.40384263,5,4541.413655,4.649754472,30.89397044,100.6622162,404.585366,50.81921195,585,0.41423723,0.052031565,4759,0.293499374,4.872531598,0.030050115,38,0.038906535,0.43060086
NP0329403,Bagmati,Rasuwa,Uttargaya,1,118.4333899,85.18381527,28.0872958,129.6606371,627.9852295,17633.84665,1469.48722,1946.578567,1274.273826,1607.380554,1753.941138,146.1617615,2408.209507,601,4035.591064,3434.591064,871.8642831,33.05118216,71.9985134,142.061955,0.21182258,-0.271725662,0.208230354,44.49035151,0.375657165,24,1346.6,1346.6,110.8,110.8,1,77.0647603,0,20.99243061,0.571909167,0.31118587,0.260723297,0,0.504625736,0,0.294365013,77.0647603,2,6547.95294,55.28806484,40.17149043,165.7302551,151.7171501,14.87222166,260,1.281033586,0.125574567,5701,0.239410203,48.13676283,0.202147556,14,0.118209907,2.278635876
NP0329404,Bagmati,Rasuwa,Kalika,1,42.49357925,85.2219225,28.0271015,118.214571,635.1779378,16077.18166,1339.765138,1831.657381,1234.333286,1602.439667,1608.846237,134.0705197,1708.022109,641.1757813,3313.817871,2672.64209,605.3620108,30.58674498,71.6483636,255.7970145,-0.496412856,-0.125639287,1.356448319,10.5000895,0.24709826,4,1334.4,1334.4,158.9,4500.2,1,82.34748318,0,15.40245883,0.510322431,0.649501276,0.510322431,0,0.579911853,0,0,82.34748318,2,6861.627167,161.474446,50.08486983,166.9726868,113.4177225,18.98409098,210,2.669055526,0.446751987,5349,0.242744677,125.8778407,0.571250249,6,0.141197802,0.660211538
NP0329405,Bagmati,Rasuwa,Naukunda,0,116.3213911,85.30454747,28.02506067,125.7889076,669.200943,17107.29143,1425.607619,1960.424676,1288.011393,1695.164997,1698.344165,141.5286804,2357.521926,787.8062134,4564.842773,3777.03656,803.1116803,31.76899297,72.80042652,200.8915133,-0.09593837,-0.251349462,0.330075536,41.37782886,0.355719859,19,1334.4,1334.4,151.2,151.2,1,68.36235738,0,26.49909925,0.488976581,0.214463413,0.325984387,0,0.042892683,0,4.066226302,68.36235738,2,8225.103086,70.71015063,130.5571918,481.6095886,232.9588055,6.439649558,378,2.002716812,0.055360837,5883,0.275675513,50.5753924,0.236994684,21,0.180534292,0.807715954
NP0330301,Bagmati,Dhading,Nilkhantha,0,199.9614328,84.91944761,27.91878192,141.0331144,606.3712681,19180.50356,1598.375297,2026.368607,1380.909714,1670.968597,1864.871648,155.4059707,1003.038029,437.522583,1911.963013,1474.44043,263.5604529,24.73867422,66.59796638,272.5494461,-0.063314814,0.002819131,0.355687342,75.00789503,0.37511181,32,1279,1279,249.6,249.6,1,74.27988657,0,11.68598577,13.10382568,0.621859609,0.203969952,0,0.104472414,0,0,74.27988657,3,40806.37987,204.0712516,119.6668031,441.589386,797.0662822,106.44651,1414,3.986100075,0.532335204,27030,1.376241289,135.1760668,0.688253365,126,0.63012151,0.634830208
NP0330302,Bagmati,Dhading,Dhunibenshi,0,98.63192052,85.17969558,27.7296365,148.4498889,770.177887,20189.18489,1682.432075,2143.590108,1512.622454,1843.563469,1978.066079,164.8388399,1317.120983,741.3398438,2409.197998,1667.858154,363.3352456,26.28586595,67.53127899,343.0392924,-0.073746522,0.241806973,0.1788014,39.30690528,0.398521139,20,1309.7,1309.7,115.3,115.3,1,78.90861408,0,6.30421626,13.57676014,1.059108332,0.15130119,0,0,0,0,78.90861408,3,22355.31503,226.6539566,75.27042099,297.8995361,506.1627077,55.27878246,1207,5.131834654,0.560455299,9803,0.705257181,99.38973051,0.715039489,6,0.060832233,2.34477386
NP0330401,Bagmati,Dhading,Rubi Valley,0,424.5128427,85.09107212,28.22204266,119.23713,557.64785,16216.24968,1351.35414,1780.865297,1162.738466,1481.058393,1616.311774,134.6926478,3380.147021,937.1638794,7054.544922,6117.381042,1128.336121,33.42458807,74.54708475,198.7482666,-0.034303993,-0.101066351,1.43154456,150.3902047,0.354265383,79,1341.6,1341.6,141.5,141.6,1,49.36146325,0,20.10338214,0.149693596,0.070168873,6.565467559,7.585255181,0.107592272,0,16.05697712,49.36146325,5,2769.411758,6.523740814,153.8562088,211.6272736,199.2771576,0,237,0.46942551,0,4751,0.184994654,11.19165199,0.043578105,32,0.075380523,1.266502886
NP0330402,Bagmati,Dhading,Ganga Jamuna,0,143.6734639,84.92971765,28.08636749,132.5630113,586.965686,18028.56954,1502.380795,1925.496796,1297.644565,1584.675433,1735.895197,144.6579331,1551.640503,498,3208.982178,2710.982178,649.0351581,28.4184814,73.28288413,181.5969169,-0.007820359,-0.280514007,1.033149827,54.98048663,0.382676697,22,1295,1295,486.1,773.2,1,79.98892504,0,15.50494912,3.834706167,0.166124455,0.263030387,0,0.24226483,0,0,79.98892504,2,14503.49117,100.9475986,111.5653167,870.3821411,257.9293257,20.11728684,487,1.795246795,0.140020894,7632,0.355290908,53.12045656,0.247290556,52,0.361931832,1.756704933
NP0330403,Bagmati,Dhading,Khaniyabas,0,105.200227,85.04243712,28.0822569,134.4480256,584.9799957,18284.93148,1523.74429,1967.575352,1300.515813,1600.529839,1794.116027,149.5096689,1949.479327,602.9074707,4039.328613,3436.421143,724.8035383,31.76592407,74.44851685,271.3192001,-0.399289597,0.009195023,0.129046841,32.42595701,0.308230865,15,1295,1295,486.1,773.2,1,81.19313385,0,16.07729106,2.072976269,0.196979645,0.318919426,0,0.075039865,0,0.065659882,81.19313385,2,9433.14484,89.66848367,98.26192542,201.6548309,146.8281877,0,249,1.395702194,0,3880,0.183621486,36.88204968,0.174544762,33,0.313687536,1.665929791
NP0330404,Bagmati,Dhading,Tripurasundari,0,84.38860053,84.85791972,28.02172956,162.0926903,700.8309733,22044.60588,1837.05049,2284.176263,1565.607167,1880.121633,2077.318853,173.1099044,783.5482748,398,1504.338257,1106.338257,220.1028581,21.04473697,67.58198923,256.6640423,-0.17886796,-0.042401138,1.493841344,49.1002211,0.58183476,20,1295,1295,486.1,773.2,1,73.27647477,0,6.313669747,17.51954513,0.379057095,1.030561478,0,1.480691779,0,0,73.27647477,3,16993.98629,201.3777475,63.17467022,1389.744507,214.846705,12.40634793,291,2.545920938,0.1470145,7765,0.326885202,92.01479763,0.38735706,12,0.142199301,0.789360811
NP0330405,Bagmati,Dhading,Netrawati Dabjong,1,70.51106959,84.97148568,27.98661087,130.9289752,581.5618896,17806.34063,1483.861719,1908.133222,1288.689551,1569.539478,1725.838769,143.8198974,1253.968185,539.3780518,2232.29126,1692.913208,339.9925361,26.30283933,67.48420402,228.4920143,-0.199258393,-0.176338451,1.055925632,21.7251084,0.308109188,7,1295,1295,486.1,773.2,1,77.98882682,0,15.43296089,5.516759777,0.502793296,0.418994413,0,0.139664804,0,0,77.98882682,3,10149.24867,143.9383735,57.34038795,155.8306274,197.0562838,0.966175767,358,2.794685785,0.013702469,4823,0.269060531,68.40060756,0.381586229,6,0.085093022,1.401526639
NP0330406,Bagmati,Dhading,Jwalamukhi,0,112.9445957,84.79181544,27.92332304,151.013983,626.2161407,20537.90169,1711.491808,2120.643947,1421.491359,1694.664581,1942.288284,161.857357,821.8918002,336.5,1352.846802,1016.346802,209.8964179,21.72273308,59.57272471,240.0367702,-0.089495365,-0.051593622,0.190456655,36.72915039,0.325196174,16,1272.7,1272.7,247.3,5009.5,1,75.76342576,0,5.975780976,16.95331695,0.175500176,0.122850123,0,1.009126009,0,0,75.76342576,3,12357.84792,109.4151326,686.5471064,2279.065674,270.5638177,13.03292222,307,2.395544611,0.115392172,4713,0.263692247,41.72842418,0.233470442,29,0.25676306,1.864277299
NP0330407,Bagmati,Dhading,Siddhalek,0,106.3955746,84.84523918,27.84248426,138.3670437,533.6032104,18817.91794,1568.159829,1974.2173,1276.69642,1523.353752,1794.725166,149.5604305,777.0604721,311.2314453,1557.098022,1245.866577,259.1562297,25.89882254,64.88137029,187.0963067,-0.011466107,-0.092103811,0.103949399,40.79592127,0.383436261,20,1279,1279,249.6,249.6,1,76.15066692,0,7.091865489,14.90700733,0.225436784,0.225436784,0,1.399586699,0,0,76.15066692,3,16401.68675,154.157603,133.3470467,805.3331299,333.9574846,11.83312185,399,3.138828713,0.111218177,3232,0.18456372,30.3772033,0.173469358,6,0.056393323,2.833871182
NP0330408,Bagmati,Dhading,Benighat Rorang,1,206.6212524,84.76637975,27.75632595,139.0651042,571.0079607,18912.85417,1576.071181,1964.88132,1306.850623,1519.425031,1758.553772,146.5461477,980.576157,269.0951843,2250.402588,1981.307404,384.3095457,31.07651016,74.16171727,10.69915023,0.029459921,0.155924902,0.470219486,66.81761706,0.323382112,25,1261.3,1261.3,146.3,11791.1,1,89.95400629,0.087145969,4.241103849,4.342774147,0.343742435,0.518034374,0,0.513192931,0,0,89.95400629,1,20851.51542,100.9166055,114.568766,5114.839355,486.0620008,33.40697592,696,2.352429845,0.161682187,12840,0.533675041,62.14268788,0.258286616,10,0.048397732,3.650564262
NP0330409,Bagmati,Dhading,Gajuri,0,139.3407672,84.90310266,27.74948961,141.1148467,640.9166382,19191.61916,1599.301596,2029.353038,1348.384499,1588.516595,1823.004786,151.9170655,1099.090819,347.3753662,2344.464111,1997.088745,497.333334,25.93324636,56.55739706,0.031975557,0.000155902,0.27935519,0.040780004,56.53195232,0.405710069,23,1279,1279,305,6358,1,77.93232005,0,7.456266131,13.36392314,0.379982793,0.286779467,0,0.58072842,0,0,77.93232005,3,20938.47476,150.2681174,96.93738317,258.9869995,329.5978498,19.53439814,595,2.365408605,0.14019155,5654,0.307852148,40.57678247,0.22093473,6,0.043059904,3.811544879
NP0330410,Bagmati,Dhading,Galchhi,0,118.8756283,84.98752209,27.79288712,133.7446526,615.1972351,18189.27276,1515.77273,1894.452465,1292.73117,1515.825863,1765.234291,147.1028576,883.6231086,380.1448059,2165.305908,1785.161102,320.4652551,27.29954135,66.07229776,35.09181183,0.048119154,0.068487434,0.61380749,47.33804338,0.398214874,17,1279,1279,305,6358,1,76.42833278,0,9.488807217,12.42064818,0.434346809,0.250584698,0,0.977280321,0,0,76.42833278,3,14537.43314,122.2911151,67.93193057,190.4340973,451.9562668,16.67429738,1028,3.801925368,0.140266745,8090,0.414779554,68.0543196,0.348918916,6,0.050472919,0.87279822
NP0330411,Bagmati,Dhading,Thakre,1,96.02802255,85.0644307,27.73822995,130.1246598,663.0704956,17696.95373,1474.746144,1861.485805,1256.139275,1530.269618,1707.296178,142.2746815,1017.875126,476.4830627,2269.195557,1792.712494,296.0278357,26.53283463,61.91669002,30.15728697,0.061284802,0.105478624,0.395797689,36.44020426,0.379474692,16,1309.8,1309.8,104.6,104.6,1,73.6739108,0,9.784735812,14.9036976,1.0814708,0.545885261,0,0.010299722,0,0,73.6739108,3,24691.43143,257.1273549,73.92644142,915.9967041,452.3198121,46.33412832,934,4.710289769,0.482506326,8456,0.528262582,88.05762917,0.550112944,8,0.083309015,1.384105814
NP0331201,Bagmati,Makwanpur,Hetauda,1,261.6203972,85.02713784,27.41585385,151.3249476,728.5828247,20580.19288,1715.016073,2261.695858,1508.249335,1840.985168,1842.296078,153.5246732,591.9998746,343,1828.57666,1485.57666,195.2198234,12.692183,62.16357792,3.000208787,0.005921508,0.112981235,0.140782332,73.26709026,0.280051139,32,1243.6,1243.6,244.1,671.2,1,61.76132884,0.038273117,2.208358849,28.91533987,4.596601347,2.16625842,0,0.313839559,0,0,61.76132884,2,116874.4465,446.7329298,34.66027477,137.6943512,1220.94761,98.5168136,4688,4.666867046,0.376563963,42648,3.28183199,163.0148125,1.254425123,20,0.076446639,1.616657594
NP0331301,Bagmati,Makwanpur,Thaha,1,191.1211751,85.08597355,27.65148998,138.5222264,710.632394,18839.02279,1569.918566,1981.675327,1340.800842,1598.194676,1779.394211,148.2828509,1846.05788,835.1420898,2590.272949,1755.130859,319.6407688,25.56249215,70.15851596,25.42622685,0.050255679,0.105713302,1.782063384,54.63729335,0.28587776,28,995.6,995.6,201.1,201.1,1,78.35844319,0,4.859803306,16.30571249,0.266792216,0.183092697,0,0.0261561,0,0,78.35844319,2,34503.62844,180.5327349,94.27220884,1290.559326,740.4494933,91.63776075,2114,3.874241005,0.479474662,12786,0.799831084,66.8999654,0.418494227,44,0.230220435,1.93907219
NP0331401,Bagmati,Makwanpur,Manahari,0,199.5938685,84.85131208,27.47247497,152.2268877,735.1978963,20702.85672,1725.23806,2299.794532,1482.997948,1819.016622,1850.748908,154.2290757,527.0683936,241.9615479,1034.505371,792.5438232,144.4341159,15.29793363,57.39824906,346.1557895,-0.022649916,0.091907736,1.159412841,73.41982313,0.367846085,25,1243.6,1243.6,244.1,671.2,1,84.34904433,0.125087561,1.541078755,10.92264585,0.780546382,2.006404483,0,0.275192635,0,0,84.34904433,2,29738.14354,148.993272,39.59806063,144.8939209,506.5159239,30.13779319,2055,2.537732886,0.150995586,13794,0.635350387,69.11033944,0.318321596,57,0.285579915,2.422632262
NP0331402,Bagmati,Makwanpur,Raksirang,1,226.7840704,84.83782207,27.59858492,147.9050561,671.9489136,20115.08762,1676.257302,2144.157741,1421.908875,1657.737011,1848.146546,154.0122121,931.8250917,300.0379944,2084.825439,1784.787445,362.1998906,29.52427307,67.78376108,203.3560071,-0.042626643,-0.098712237,1.3651604,80.25785805,0.353895483,35,1243.4,1243.4,112.1,434.1,1,87.71573604,0.163319356,5.742661664,5.451335246,0.008828073,0.887221364,0,0.030898256,0,0,87.71573604,3,19913.60881,87.80867534,152.012281,1838.300171,867.9856447,1.648097131,2374,3.827366019,0.007267253,10818,0.400659554,47.70176309,0.17667006,13,0.05732325,2.711138197
NP0331403,Bagmati,Makwanpur,Kailash,1,204.539803,84.94920366,27.60943827,144.606813,682.2226105,19666.52657,1638.877214,2085.180178,1401.579385,1657.453548,1831.108502,152.5923752,1256.438078,396.2952271,2589.429443,2193.134216,428.3775174,30.40853824,72.78897444,227.3676646,-0.098555949,-0.090729546,0.353333322,71.36590733,0.348909632,31,1260.7,1260.7,212.1,212.1,1,90.39660885,0.014617034,4.297407913,4.95517443,0.014617034,0.311830053,0,0.009744689,0,0,90.39660885,1,17154.08185,83.86671738,108.5701383,2083.467773,810.7396541,19.19780285,2151,3.963725603,0.093858518,10236,0.409397658,50.04404936,0.200155497,7,0.034223168,3.702154151
NP0331404,Bagmati,Makwanpur,Bhimphedi,1,245.270204,85.10433126,27.52774715,142.0849551,692.3072306,19323.55389,1610.296157,2062.112746,1363.521251,1614.284882,1787.788305,148.9823587,1397.332872,463.3965454,2583.508545,2120.112,438.9109978,31.68923816,68.99622585,166.5612655,0.014672983,-0.061406562,0.388177653,85.63999862,0.349165929,40,1276,1276,179.5,179.5,1,89.83485194,0,5.77204686,3.526684022,0.244061178,0.618288318,0,0.004067686,0,0,89.83485194,2,17384.58355,70.87931297,53.8222401,326.3149414,592.749873,94.95930591,1259,2.416721898,0.387162013,7330,0.438510634,29.88540752,0.178786753,35,0.142699763,0.579351379
NP0331405,Bagmati,Makwanpur,Indrasarowar,1,97.32593555,85.1958362,27.59353996,138.9633874,743.0532227,18899.02068,1574.91839,2002.107092,1347.375497,1626.741135,1746.08326,145.5069383,1764.636065,1028.362061,2551.113281,1522.751221,288.9054423,29.29660554,65.02318626,133.0101493,0.054350955,-0.050701088,1.09070215,43.88823131,0.45094076,15,995.6,995.6,201.1,201.1,1,76.06601066,0,11.53136531,9.778597786,0.297252973,0.584255843,0,1.742517425,0,0,76.06601066,3,9865.55855,101.3661826,17.30799746,495.5634155,400.9850474,44.688683,907,4.120022532,0.459165203,4726,0.304945464,48.55848519,0.313323948,5,0.051373768,3.066703817
NP0331406,Bagmati,Makwanpur,Makawanpurgadhi,1,148.7125607,85.13679599,27.44517289,152.4370171,751.3038127,20731.43432,1727.619527,2256.817066,1492.888246,1807.640737,1871.114987,155.9262489,1030.799484,299.3071899,2496.912109,2197.604919,436.8848877,25.96423021,71.57973802,217.2947402,-0.101224262,-0.132901145,0.136363388,40.40854581,0.27172248,14,1276,1276,115.4,115.4,1,83.62173038,0,4.842387659,10.37558685,0.093896714,1.06639839,0,0,0,0,83.62173038,2,18420.7413,123.868093,30.95922907,121.6975937,582.1875543,15.0494064,1494,3.91485125,0.101197951,8048,0.394796749,54.11782273,0.265476398,3,0.020173145,3.798479323
NP0331407,Bagmati,Makwanpur,Bakaiya,0,393.664316,85.25270772,27.3323714,149.6052188,726.2725487,20346.30976,1695.525813,2326.046661,1462.916824,1855.532757,1820.895056,151.7412547,567.4080039,194.3975983,2125.718994,1931.321396,272.922053,20.12078864,65.69992221,23.85350917,0.006703061,0.015159513,0.178682248,137.9718913,0.350481071,49,936.1,936.1,205.6,205.7,1,87.0593916,0.022872246,1.321507535,9.951968284,0.088947623,1.494320059,0,0.060992655,0,0,87.0593916,2,30398.71137,77.21988032,38.09362327,289.7495117,539.5913824,44.06427463,1300,1.370689088,0.111933627,10774,0.981461151,27.36849535,0.249314228,11,0.027942589,3.192912715
NP0331408,Bagmati,Makwanpur,Bagmati,0,311.6482825,85.39781,27.3047095,155.0446984,720.9381348,21086.07898,1757.173248,2351.700009,1522.098039,1865.421451,1912.979675,159.4149729,426.8508257,138.5,1268.431396,1129.931396,175.7218646,16.91503482,66.83119792,67.60610392,0.1426192,0.058765618,0.749222463,105.805236,0.339502067,45,945.6,945.6,120,120,1,79.81398332,0.173187941,2.973059654,13.64656831,0.080179602,2.924951892,0,0.388069275,0,0,79.81398332,2,21365.54032,68.55657971,31.55914376,1439.844116,424.2494142,34.42807903,1104,1.361308366,0.110470941,9324,0.508616994,29.91834232,0.163202245,29,0.093053617,1.725625544
NP0331595,Bagmati,Makwanpur,Parsa,0,98.21382425,84.77119088,27.49514622,150.7898441,719.0649109,20507.41879,1708.951566,2324.974364,1454.483046,1833.882492,1817.622792,151.468566,411.4696278,240.9515381,768.5645142,527.6129761,134.1030029,9.332873156,47.35234831,347.1589201,-0.052002316,0.228131828,0.999156017,63.29461716,0.644457312,26,1231.9,1231.9,108.8,1214.1,1,80.03438859,0.576514615,2.245372712,12.6024072,0.020228583,3.226458987,0,1.294629311,0,0,80.03438859,2,387.552,3.946002541,2.029068063,35.09102249,160.4500786,5.243068244,499,1.633681204,0.053384218,2099,0.077927911,21.37173678,0.079345155,4,0.040727464,5.274120709
NP0331597,Bagmati,Makwanpur,Chitawan,0,65.19690509,84.70613089,27.49253129,152.6503637,741.6602783,20760.44947,1730.037456,2367.233406,1484.369565,1882.522141,1824.265794,152.0221495,410.1279946,230.2979889,676.0076294,445.7096405,119.0634318,10.16709048,46.90422521,346.7197286,-0.046649591,0.197645612,1.223754832,33.99902898,0.521482253,9,1205.6,1205.6,291.1,1691.7,1,95.60608388,0.046090029,0.783530496,1.920417883,0,1.198340759,0,0.445536949,0,0,95.60608388,1,0,0,0,0,7.822381343,0,12,0.119980869,0,10,0.000504536,0.153381514,0.000773865,0,0,6.858645803
NP0335101,Bagmati,Chitawan,Bharatpur,1,433.3961911,84.38395163,27.65280442,142.6503913,657.0037124,19400.45321,1616.704434,2165.393263,1420.136669,1766.466745,1625.947202,135.4956002,239.1253052,141,1184.424561,1043.424561,157.0183403,5.779048537,62.48729316,234.0363604,-0.076931639,-0.05581955,1.620982194,165.2886608,0.38138005,59,1183.3,1183.3,210,31855.4,1,51.27594656,0.367528085,0.841385049,39.49886737,5.871203366,0.464610975,0,1.678147104,0.002311497,0,51.27594656,3,239832.2785,553.3788332,29.11999496,268.2512817,2490.867465,226.9338317,9387,5.747322003,0.523617504,124850,10.40236435,288.0735977,2.400197455,116,0.267653483,1.152256623
NP0335301,Bagmati,Chitawan,Kalika,1,149.1899718,84.58609486,27.70970218,148.2233205,636.2060425,20158.37159,1679.864299,2188.744567,1433.41561,1700.953448,1800.721377,150.0601147,562.7816968,196.5376587,1907.401855,1710.864197,358.303194,18.68099929,70.87261514,231.0964998,-0.201213308,-0.162378968,0.409725213,75.73016416,0.507608945,26,1205.9,1205.9,199.6,199.6,1,83.37674481,0.247111467,1.736458959,13.15701596,1.248914713,0.233754091,0,0,0,0,83.37674481,2,21057.61816,141.1463378,36.18147449,143.1726379,544.9093271,23.52655267,1326,3.652452778,0.157695269,20367,1.039206917,136.5172186,0.696566199,4,0.026811454,5.224263109
NP0335302,Bagmati,Chitawan,Ratnanagar,0,68.73261569,84.51381789,27.61906812,129.8487626,568.4959717,17659.43171,1471.61931,1945.225658,1291.286913,1582.591415,1545.559453,128.7966211,197.3995985,176,248.9991913,72.99919128,12.88497199,1.611558482,23.37754668,222.0306854,-0.12283389,-0.136274014,0.075579673,36.26267832,0.527590547,20,1205.9,1205.9,199.6,199.6,1,33.71387283,0.072254335,0.751445087,56.82080925,7.341040462,0.419075145,0,0.88150289,0,0,56.82080925,3,59968.20065,872.4853557,48.51796169,248.8435211,456.7847642,44.94262155,1511,6.645822505,0.6538762,29718,2.060884258,432.3711487,2.998408016,15,0.218237002,0.328136232
NP0335303,Bagmati,Chitawan,Khairahani,0,85.61932954,84.57106509,27.60567227,137.835203,611.9639771,18745.5876,1562.1323,2086.172399,1347.849708,1669.440881,1679.806462,139.9838718,221.9441749,183.219986,689.6902466,506.4702606,66.43341913,3.531556805,41.1041614,234.9228751,-0.150629664,-0.105774482,0.525909403,51.39500484,0.600273386,13,1205.9,1205.9,199.6,199.6,1,37.40350877,0.105263158,1.040935673,55.91812865,4.292397661,0.65497076,0,0.573099415,0.011695906,0,55.91812865,2,50447.09835,589.2022119,55.74265011,366.6500854,432.3276656,31.45589999,1349,5.04941662,0.367392505,23996,1.569554461,280.2638158,1.833177705,9,0.10511645,0.571195383
NP0335304,Bagmati,Chitawan,Rapti,0,212.4284267,84.689523,27.6493212,144.6832418,608.3418198,19676.92089,1639.743408,2133.590676,1392.476184,1655.826145,1824.573561,152.0477968,619.9888402,202.6090546,1929.687012,1727.077957,389.8591576,20.06868575,66.68664502,209.1044535,-0.099388048,-0.178532422,1.482824238,95.06662879,0.447523103,41,1205.4,1205.4,127.8,127.8,1,78.76786641,0.132081702,1.750082551,17.89235341,1.099108449,0.325487051,0,0.028303222,0.004717204,0,78.76786641,2,46799.22094,220.3058304,70.90791051,3058.934082,629.3163395,60.2139846,1653,2.962486468,0.2834554,20938,1.19257032,98.56496291,0.56139865,9,0.042367211,5.299430564
NP0335305,Bagmati,Chitawan,Madi,1,218.4729536,84.37108413,27.42056843,146.4260005,768.911499,19913.93607,1659.494673,2331.020033,1457.081454,1924.228861,1674.821641,139.5684701,322.932099,156,880.364624,724.364624,129.5553388,10.71476267,58.81736346,356.1038963,-0.016986763,0.249420789,0.230906099,94.47368421,0.432427367,42,1182.1,1182.1,173.6,336.1,1,71.46458859,0.27504011,2.379096952,22.73664909,0.760944304,1.989456796,0,0.37588815,0.018336007,0,71.46458859,2,32899.01107,150.5861963,247.3609855,963.3779907,383.8402356,27.99129002,1015,1.756923359,0.12812245,12423,0.646825423,56.86287384,0.29606659,5,0.022886128,1.724275621
NP0335401,Bagmati,Chitawan,Ichchha Kamana,1,166.8505861,84.59112698,27.80258321,134.1347117,519.9664917,18242.32079,1520.193399,1964.556441,1245.762273,1468.028309,1618.770488,134.8975407,979.6174169,212,1920.002563,1708.002563,405.7375444,31.26715276,69.62585509,351.9996609,-0.012978453,0.092342527,0.055408358,60.35110493,0.361707479,24,1227.4,1227.4,112.6,16846.6,1,91.42874209,0.489786167,4.312507466,2.466849839,0.310596106,0.274758093,0,0.716760244,0,0,91.42874209,1,12531.60312,75.10673722,23.86972023,589.7480469,400.4344229,27.41802438,978,2.399958144,0.164326809,8286,0.323573473,49.66119806,0.193930079,9,0.053940476,3.677382715
NP0335597,Bagmati,Chitawan,Chitawan,0,907.1183899,84.34101858,27.51162335,146.8506144,746.7238307,19971.68355,1664.306963,2293.175678,1465.252528,1897.554482,1666.333016,138.8610847,298.6198641,110,746.7330933,636.7330933,140.7665414,9.522237273,65.41176,329.6621322,-0.05286741,0.090334618,1.97180058,419.4101255,0.462354341,151,1187.6,1187.6,202.1,2382.6,2,91.60134255,0.155673814,0.734206284,3.212842538,0.00110407,1.386711418,0,2.898182701,0.009936626,0,91.60134255,1,11462.83588,12.63653786,60.01484752,120.7758255,289.2249647,16.85482105,404,0.318839269,0.018580619,377,0.028788354,0.415601761,0.003173605,4,0.004409568,4.3674617
NP0436301,Gandaki,Gorkha,Palungtar,0,158.7516603,84.50603965,28.01024308,134.9297654,547.6972307,18350.44809,1529.204008,1940.211691,1240.094436,1496.248182,1614.615507,134.5512922,631.5240332,337,1435.801514,1098.801514,183.7684554,17.68931316,56.01036948,204.1430766,-0.061298968,-0.136759617,1.597561178,72.4091501,0.45611586,35,1258.5,1258.5,155.9,471.3,1,73.84894109,0,9.083525957,15.71187605,0.356094209,0.156181671,0,0.843381021,0,0,73.84894109,3,11128.22834,70.09834305,445.1291338,1533.13208,991.3398012,34.85373318,3182,6.244594855,0.219548779,23115,1.270031795,145.6047764,0.800011661,23,0.144880375,1.303014214
NP0436302,Gandaki,Gorkha,Gorkha,1,131.9574472,84.59919962,27.98285398,135.7477485,545.1038574,18461.6938,1538.474483,1924.673285,1247.639412,1483.629785,1656.427242,138.0356035,725.2886575,268.3476868,1520.724976,1252.377289,242.5523374,21.17026601,62.28948832,248.9295546,-0.119018247,-0.0458548,0.17780148,59.27305179,0.449183074,30,1247.4,1247.4,147.8,619.4,1,83.11131181,0.007526153,4.997365846,9.114171747,1.264393768,0.57951381,0,0.925716866,0,0,83.11131181,2,5281.057372,40.02091193,62.86973062,803.6748657,674.0974473,65.7848113,1890,5.108445653,0.498530494,21167,1.119830278,160.4077713,0.848629844,16,0.121251209,1.514316061
NP0436401,Gandaki,Gorkha,Chumanubri,1,1649.247197,84.83053231,28.53373224,83.02987102,371.8996255,11292.06246,941.0052049,1265.855808,795.8173161,1055.41545,1075.337552,89.61146267,4404.775845,1254.066406,8043.814941,6789.748535,1071.577463,34.56468441,88.2905956,101.421845,0.079616412,-0.016085076,0.070254002,567.1734684,0.343898398,276,1355.6,1355.6,219.5,2195.5,1,14.66129226,0,24.78341956,0.025267717,0.011430634,23.34135483,25.35615449,0.422933462,0,11.39814703,25.35615449,5,5170.734598,3.135208965,191.5086888,410.5592041,392.7676912,0,467,0.238149679,0,3059,0.199303966,1.854785629,0.012084542,48,0.029104188,0.415023143
NP0436402,Gandaki,Gorkha,Ajirkot,0,198.1654191,84.68139426,28.23696462,130.7521661,529.278698,17782.29459,1481.857882,1793.083496,1268.759741,1467.758282,1652.746403,137.7288669,2490.843055,579.7668457,5773.942383,5194.175537,1185.589061,29.62037825,70.14510078,170.2268536,0.041538,-0.241153183,1.885945493,90.73469627,0.457873511,56,1288.8,1288.8,178.8,178.9,1,66.95425361,0,15.11336276,2.2070626,0.14546549,4.088081862,1.299157303,0.030096308,0,10.16252006,66.95425361,3,4215.708557,21.27368427,468.4120619,1706.131714,330.7827986,13.38866379,693,1.669225641,0.067563069,7412,0.37085087,37.40309503,0.187142071,15,0.075694337,4.743506831
NP0436403,Gandaki,Gorkha,Barpak Sulikot,0,200.733722,84.73341099,28.16249458,137.9975838,576.9678432,18767.6714,1563.972616,1922.201073,1335.148743,1561.651302,1760.299822,146.6916519,1782.900645,475.8257751,5434.853027,4959.027252,867.5540217,29.47972852,71.16641102,261.2627885,-0.377041717,-0.057946124,1.53692575,78.22234172,0.389682117,43,1288.8,1288.8,178.8,178.9,1,84.17721519,0,8.915150316,2.675039557,0.321400316,0.894976266,0.138449367,0,0,2.877768987,84.17721519,2,24355.61843,121.3329688,347.9374061,1456.213623,349.227579,13.39231113,673,1.739755411,0.066716798,11464,0.505693798,57.11048392,0.251922693,15,0.07472586,1.614395999
NP0436404,Gandaki,Gorkha,Dharche,1,651.666564,84.92481124,28.30459772,96.40937354,399.5861192,13111.6748,1092.639567,1393.713483,951.0925382,1163.462491,1296.496916,108.0414096,3293.712909,623.4200439,7296.173828,6672.753784,1239.099017,35.51047074,84.46267381,310.4438185,-0.050027497,0.042642752,0.949681059,222.524228,0.341469457,105,1329.5,1329.5,477.1,3484.1,1,48.79077229,0,21.7401268,0.123749141,0.071805057,9.507295088,7.39133756,0.223054007,0,12.15186006,48.79077229,5,3325.937122,5.103740633,69.29035672,1658.550293,260.7269439,0,398,0.40009256,0,5506,0.248633992,8.44910619,0.03815356,15,0.023017906,2.116901074
NP0436405,Gandaki,Gorkha,Siranchowk,0,121.7449936,84.60103886,28.09117545,144.5573582,598.0736084,19659.80072,1638.316727,2023.867768,1368.493406,1613.634117,1784.832871,148.7360726,1049.699742,395.2885132,1971.253906,1575.965393,339.7605683,24.75158767,60.74659833,319.4550179,-0.015640245,0.018283289,1.969630913,48.32764799,0.39695799,25,1275.8,1275.8,306.6,306.6,1,82.3390383,0,12.60798696,4.417277914,0.211898941,0.32599837,0,0.097799511,0,0,82.3390383,2,8065.720764,66.25094411,1344.286794,2030.364746,478.5693096,54.84490077,1248,3.930915725,0.450489989,10031,0.507506838,82.39353182,0.41686054,20,0.164277802,1.028414209
NP0436406,Gandaki,Gorkha,Aarughat,1,160.8492084,84.85002269,28.12059667,135.9460246,568.5596619,18488.65935,1540.721612,1953.010859,1319.561492,1601.456014,1769.978894,147.4982412,1641.591751,475.5,3378.931885,2903.431885,752.5284667,28.58019528,73.43449568,281.4810037,-0.06612283,0.013430013,0.019090885,66.03468061,0.410537803,33,1295.2,1295.2,399.3,3989.2,1,85.09665864,0,11.67315175,2.445803224,0.253227101,0.24087456,0,0.290284726,0,0,85.09665864,2,13726.59238,85.33826508,428.9560119,1373.641846,260.0947024,8.083921813,471,1.617009527,0.050257766,7089,0.31421457,44.07233379,0.19534729,20,0.124340059,2.526249537
NP0436407,Gandaki,Gorkha,Bhimsenthapa,0,101.2997851,84.74028507,28.01166855,164.4513244,707.4777425,22365.38012,1863.781677,2289.806889,1575.252497,1861.200226,2086.037134,173.8364278,753.4555325,379.5,1243.741089,864.2410889,175.2029879,21.11212047,57.05534681,165.2199118,0.037148872,-0.140800946,0.323083594,36.89699901,0.364235709,20,1295.2,1295.2,399.3,3989.2,1,83.74950845,0,6.370428628,8.798662996,0.265434526,0.098309084,0,0.717656311,0,0,83.74950845,3,12049.63949,118.9502966,365.1405906,2568.713623,321.9052421,65.57983586,671,3.177748519,0.647383761,7845,0.380028199,77.4434022,0.375152029,19,0.187562096,2.348503315
NP0436408,Gandaki,Gorkha,Shahid Lakhan,0,149.0639059,84.63325763,27.92613849,136.5343532,561.6010498,18568.67203,1547.389336,1927.665465,1273.18125,1503.813586,1667.508452,138.9590377,819.2263093,228,1708.573608,1480.573608,268.3701261,25.91708562,60.98511719,158.3591961,0.011721778,-0.029544343,1.472953761,57.48627297,0.385648508,25,1241.2,1241.2,138.6,11929.8,1,88.76254181,0.02006689,4.35451505,5.752508361,0.387959866,0.086956522,0,0.635451505,0,0,88.76254181,2,11411.22357,76.55255981,543.3915987,4255.133301,626.4626741,49.647503,1423,4.202644968,0.333061868,13552,0.581592608,90.91402723,0.390163269,20,0.134170642,1.266379537
NP0436409,Gandaki,Gorkha,Gandaki,0,123.9322191,84.7074234,27.85924077,138.6368955,579.1950195,18854.61778,1571.218148,1954.916501,1311.057949,1552.558661,1724.900666,143.7417222,809.4085976,252.4978638,1714.20105,1461.703186,319.9386073,26.85653524,67.53842744,119.9681769,0.044039934,-0.025393864,1.166642591,60.91017052,0.491479705,35,1241.2,1241.2,138.6,11929.8,1,87.06459657,0.056310836,3.83718124,7.26409782,0.185021318,0.249376559,0,1.343415654,0,0,87.06459657,2,17308.5866,139.6617177,432.7146649,3056.083008,395.5611989,0.156456605,591,3.191754347,0.001262437,6005,0.288724652,48.45390525,0.232969808,26,0.209792096,1.24978359
NP0437301,Gandaki,Lamjung,Madhya Nepal,0,113.9915436,84.26183627,28.14951546,179.9251131,706.9372253,24469.81538,2039.151282,2597.684814,1667.941294,1986.220535,2239.85705,186.6547542,777.4662227,370,1513.010864,1143.010864,247.8369344,23.25658944,68.60556723,201.9223925,-0.081593043,-0.202740077,0.084452912,65.57123078,0.575228905,35,1283.3,1283.3,197.5,197.6,1,75.71218287,0,14.10511733,8.251796692,0.294397783,1.1429561,0,0.493549225,0,0,75.71218287,3,11635.94778,102.0772894,179.0145813,2472.076416,313.1450501,37.85598704,523,2.747090181,0.332094696,4802,0.277251982,42.12593189,0.243221535,7,0.061408064,2.397988974
NP0437302,Gandaki,Lamjung,Bensishahar,1,127.7669066,84.38026964,28.21737533,192.893577,795.3989014,26233.52647,2186.127206,2711.161622,1852.291957,2163.411365,2388.054871,199.0045726,1153.625717,547.7980957,2580.796875,2032.998779,357.0795276,25.99693096,71.7370962,88.31974331,0.066721868,0.001957247,0.583617579,50.09461315,0.392078156,29,1290.9,1290.9,111.7,3040,1,83.13074645,0,9.778712794,4.386785102,1.012934393,0.989558984,0,0.701262272,0,0,83.13074645,2,18909.54183,148.0003103,93.15045236,1120.991821,345.4592373,54.29786671,599,2.703824069,0.424975983,9809,0.674355754,76.77261868,0.527801582,22,0.172188563,0.344384741
NP0437303,Gandaki,Lamjung,Sundarbazar,1,72.12367624,84.36933708,28.15309222,181.6650555,714.4401042,24706.44754,2058.870629,2607.118289,1664.630507,1986.614471,2259.749385,188.3124488,901.4027611,483.5,1625.181641,1141.681641,236.0010868,22.14209839,65.24399676,155.9502117,0.09118663,-0.204330487,0.111816466,36.20587659,0.501997104,16,1275.8,1275.8,166.2,3559.5,1,73.89993146,0,15.25702536,9.458533242,1.041809459,0.16449623,0,0.178204249,0,0,73.89993146,3,13153.81381,182.3785821,100.4107924,1811.843506,328.7317177,32.17819878,843,4.557889099,0.446153059,10607,0.674153041,147.066824,0.934718079,18,0.249571305,2.057259361
NP0437304,Gandaki,Lamjung,Rainas,0,72.03053383,84.49550795,28.1165802,145.7989252,601.3717855,19828.65383,1652.387819,2068.770067,1368.731447,1631.725026,1785.213424,148.7677854,918.6702271,423,1673.651733,1250.651733,313.6032271,22.45592351,58.43225802,189.4992024,-0.025243963,-0.150864875,1.249081237,44.01543371,0.611066327,23,1275.8,1275.8,306.6,306.6,1,79.97805815,0,9.133296764,9.421283598,0.548546352,0.329127811,0,0.589687329,0,0,79.97805815,3,6461.283394,89.70200622,201.9151061,398.4980469,291.6710491,19.70142708,658,4.049269575,0.273514939,6180,0.363937147,85.79694848,0.505253991,5,0.069415007,1.452119125
NP0437401,Gandaki,Lamjung,Kwhola Sothar,0,175.5825255,84.25136462,28.29146131,180.239005,701.7126617,24512.50468,2042.708723,2506.722816,1713.053671,1967.04348,2267.726981,188.9772484,1836.547341,571.6898804,4658.301758,4086.611877,825.5211418,29.54530541,68.90754187,200.2852115,-0.077285756,-0.209096394,1.139674611,74.77297936,0.425856612,45,1283.3,1283.3,197.5,197.6,1,89.0228784,0,8.542770202,0.636763214,0.157782035,0.101431308,0,0.028175363,0,1.510199482,89.0228784,2,1778.975679,10.13184925,61.34398894,243.0171509,181.6315001,17.2170819,244,1.034450892,0.098056921,1879,0.099600155,10.70152052,0.056725551,10,0.056953276,2.347765414
NP0437402,Gandaki,Lamjung,Marshyangdi,1,597.8174015,84.41610028,28.3843958,149.1533751,611.5342262,20284.85902,1690.404918,2049.476571,1453.80354,1670.888061,1834.135986,152.8446655,2903.440374,730.9385986,7484.010742,6753.072144,1182.510111,32.32877202,77.22670709,232.9882118,-0.080017333,-0.060323201,0.113184317,246.8407946,0.412903328,148,1314.2,1314.2,116.7,2545.8,1,62.85047508,0,19.84664111,0.395065844,0.055009168,4.395732622,3.483913986,0.136689448,0,8.836472745,62.85047508,3,5433.254669,9.088485305,905.5424449,1947.423706,362.8623898,25.19501046,591,0.606978634,0.042144993,5354,0.274996424,8.955911933,0.04600007,26,0.043491541,1.322760731
NP0437403,Gandaki,Lamjung,Dordi,1,351.2032486,84.54592731,28.29262592,147.7473665,597.9638127,20093.64184,1674.470153,2033.605452,1411.587814,1631.92983,1824.750251,152.0625209,2903.255745,514.0681152,7854.268555,7340.200439,1570.603275,32.01765197,75.12225642,217.4838714,-0.150717078,-0.196532845,0.36970477,134.8347137,0.383922171,77,1309.4,1309.4,190.4,190.4,1,57.36201528,0,14.8627229,0.767053496,0.067930937,7.025191056,9.903764506,0.133031418,0,9.878290405,57.36201528,5,6862.373055,19.53960586,1372.474611,3537.408936,318.250354,33.42080095,595,0.906171441,0.095160854,4934,0.235645512,14.04884499,0.067096621,0,0,9.103766803
NP0437404,Gandaki,Lamjung,Dudhapokhari,0,153.4382249,84.58612512,28.21599808,146.0666095,588.7722656,19865.0589,1655.421575,2027.332436,1406.031006,1641.069928,1815.260683,151.2717236,2123.551333,636.1405029,4829.088867,4192.948364,913.9737252,28.08915881,64.68533573,143.1059806,0.22368767,-0.297988781,0.664454006,41.41412897,0.269907508,26,1275.8,1275.8,306.6,306.6,1,78.5068609,0,14.02094037,0.851921701,0.156077258,0.832412044,0,0,0,5.631787735,78.5068609,3,1819.375793,11.85738296,202.1528659,231.1828766,272.0446076,33.70142278,644,1.772991103,0.219641636,4317,0.231902514,28.13510129,0.15113738,24,0.15641474,1.460085523
NP0438401,Gandaki,Manang,Ngisyang,0,695.6746404,84.02216646,28.65943924,102.4560016,481.4471221,13934.01621,1161.168018,1431.746497,989.0616292,1183.370139,1297.851275,108.1542729,4853.882273,2708.361572,7881.345703,5172.984131,844.0073786,30.75446625,79.15375418,33.12073465,0.039249024,0.060160281,0.432408317,243.8330567,0.350498699,125,1386.5,1386.5,158.3,158.4,2,5.340484409,0,20.43191738,0.002852823,0.021396172,34.90999344,31.1499729,1.283770291,0,6.859612587,34.90999344,5,746.6317043,1.073248414,24.88772348,90.473526,312.833682,0,519,0.449683895,0,2354,0.168539149,3.383765719,0.02422672,23,0.033061432,0.745728355
NP0438402,Gandaki,Manang,Narpa Bhumi,1,838.5487127,84.23045313,28.76938194,88.73478697,425.9881493,12067.93103,1005.660919,1303.433711,850.6802913,1063.710528,1097.582423,91.46520194,5235.329185,2870.214355,7089.217285,4219.00293,650.6539706,30.10661887,84.91768185,231.5183957,-0.050616896,-0.04023597,0.012171059,255.12406,0.30424477,94,1368,1368,276,276.2,1,0.913899778,0,12.53128985,0,0,46.34322014,36.85826288,0.211354083,0,3.141973268,46.34322014,3,0,0,0,0,145.3688045,0,209,0.173357614,0,655,0.033593212,0.781111449,0.004006113,11,0.013117902,4.152068689
NP0438403,Gandaki,Manang,Chame,1,78.95160212,84.25318307,28.51777103,131.0041255,568.0501912,17816.56107,1484.713423,1806.529336,1278.536825,1495.954697,1658.034423,138.1695352,4156.865221,2280.62915,6970.912598,4690.283447,936.2712251,32.1168965,85.02667617,16.73472176,0.153878507,0.511776769,1.298779718,21.01059094,0.266119881,18,1351.6,1351.6,417.9,726.2,1,20.76441103,0,21.81704261,0.037593985,0.037593985,18.59649123,23.47117794,0.463659148,0,14.81203008,23.47117794,5,639.5653954,8.100727258,53.29711628,77.24316406,30.44983154,0,97,0.385677184,0,892,0.058134383,11.29806079,0.073632936,6,0.075995925,3.805599321
NP0438404,Gandaki,Manang,Nason,0,710.2545327,84.41218188,28.58901687,112.5570482,509.249209,15307.75856,1275.646547,1628.490996,1099.914768,1352.236058,1403.844836,116.9870697,4430.414939,1475.997925,8037.612305,6561.61438,1079.97556,33.47138483,82.52061399,212.197481,-0.089540261,-0.142201385,0.64275516,271.6140954,0.382417968,126,1348.6,1348.6,110.6,110.6,1,15.47021571,0,26.33962897,0.006989976,0.002795991,14.43010723,29.60394794,0.412408606,0,13.73390558,29.60394794,5,881.4559174,1.241042298,220.3639793,308.1696777,131.153203,0,218,0.184656622,0,1059,0.07019181,1.491014772,0.009882628,22,0.030974811,0.760616502
NP0439101,Gandaki,Kaski,Pokhara,0,464.9639411,83.98924983,28.21043541,216.4918681,800.4149704,29442.89407,2453.574505,3078.788522,2060.024722,2445.223976,2761.177242,230.0981035,1036.532105,494,2656.56665,2162.56665,344.396386,19.04453155,69.54021036,153.5134518,0.056074468,-0.112534139,0.332286759,218.4305829,0.469779619,97,1312.4,1312.4,158.5,158.5,2,64.79566716,0.002140732,11.12324192,13.34960289,7.466872177,0.749256096,0,2.513219018,0,0,64.79566716,4,286988.2666,617.2269315,44.96134523,3957.699219,2590.445809,422.1983232,8695,5.571283234,0.908023797,140779,12.15268603,302.7740166,2.613683548,187,0.402181725,0.233674942
NP0439401,Gandaki,Kaski,Annapurna,1,418.4860874,83.82508903,28.44227216,159.4017203,589.302731,21678.63396,1806.55283,2237.770728,1496.517597,1746.990158,2072.43492,172.70291,3427.557838,824.9406738,7898.662109,7073.721436,1605.644141,32.43633035,78.77810119,155.551589,0.123049114,-0.27065217,0.621448378,154.6300448,0.369498651,75,1426.1,1426.1,147,301.7,1,47.41724997,0,9.830347609,0.593190177,0.180329814,5.886819314,23.88658204,0.071182821,0,12.13429826,47.41724997,5,8835.331298,21.11260461,304.6665965,5435.894043,548.2562516,65.43748293,1083,1.310094333,0.156367165,10901,0.640147509,26.04865569,0.152967453,212,0.506587928,1.523194139
NP0439402,Gandaki,Kaski,Machhapuchchhre,1,545.4563524,83.96096127,28.43598791,158.1181418,612.575992,21504.06729,1792.005608,2160.239382,1527.960592,1719.353469,2046.82217,170.5685142,3306.829564,1019.744202,7536.572754,6516.828552,1450.483863,32.8212826,87.68007355,207.7528036,-0.086380915,-0.164163619,0.836154911,226.1652562,0.414634929,120,1342.5,1342.5,128.8,262,2,47.77184572,0,12.85683155,1.74511513,0.112588073,9.025205201,17.35490666,0.421297305,0,10.71221036,47.77184572,5,13576.46999,24.89011253,53.03308591,334.3356323,435.5737209,30.99019769,710,0.798549176,0.056815174,9351,0.566164554,17.14344321,0.103796491,33,0.0604998,7.473268219
NP0439403,Gandaki,Kaski,Madi,1,563.7660144,84.1371035,28.3659296,165.6241511,638.3460416,22524.88456,1877.073713,2291.297425,1588.501325,1818.8261,2114.773823,176.2311519,2912.286341,517.8745117,7887.021484,7369.146973,1646.096675,30.23143346,79.51276636,184.7083393,-0.016325791,-0.198221146,0.353816995,257.3227848,0.456435433,120,1289.9,1289.9,488.9,488.9,1,64.47777993,0,9.874610907,0.812479116,0.04396532,4.635703357,14.5155901,0.175861281,0,5.464009989,64.47777993,4,2616.1819,4.640545604,218.0151583,347.4338684,451.3894539,27.82188036,534,0.800668083,0.049350049,6108,0.323894655,10.83428203,0.057451965,35,0.062082494,0.973552368
NP0439404,Gandaki,Kaski,Rupa,0,94.93831554,84.17304,28.14230567,178.9848802,703.1381836,24341.94371,2028.495309,2564.442884,1710.919515,2002.076579,2221.134997,185.0945831,770.4653402,382.6877747,1420.135986,1037.448212,208.0614337,24.17772664,64.32065703,153.61962,0.059610922,-0.120188746,0.097170551,44.68991794,0.470725836,19,1258.2,1258.2,310.2,1132.8,1,81.26574307,0,10.76826196,7.17884131,0.094458438,0.419815281,0,0.272879933,0,0,81.26574307,3,2396.761761,25.2454633,140.9859859,246.8759613,304.4465313,91.68351656,469,3.206782525,0.965716698,7701,0.405811256,81.11582722,0.427447289,23,0.242262567,2.901745181
NP0440301,Gandaki,Tanahu,Shuklagandaki,0,165.0079134,84.06652843,28.06477405,180.2112447,669.6478475,24508.72928,2042.394107,2635.313316,1710.852275,1999.110443,2171.136888,180.928074,754.1431977,430.5,1542.427002,1111.927002,200.080778,23.00790889,63.75401637,184.2271677,-0.008197189,-0.110904488,0.129100256,82.26603266,0.498558105,37,1287.2,1287.2,27.3,1169.5,2,81.97807493,0.006023371,5.848692929,9.029032647,1.716660643,0.716781111,0,0.704734369,0,0,81.97807493,3,29030.02899,175.931132,44.93812538,301.4515686,647.9218233,76.70291231,1642,3.926610608,0.464843841,15622,1.019684836,94.67424728,0.617961172,20,0.121206308,0.728177869
NP0440302,Gandaki,Tanahu,Byas,0,248.0193523,84.28524889,28.01314034,165.7383163,652.7360229,22540.41102,1878.367585,2447.864032,1539.435515,1865.112648,1979.524974,164.9604145,606.7175438,259.5,1637.697998,1378.197998,201.8990405,22.11393016,64.45374726,222.5140566,-0.081929881,-0.089366749,0.742715107,104.2947164,0.420510397,45,1244.4,1244.4,180.3,2831,1,82.81212509,0.199952012,5.330720627,8.841877949,0.855794609,0.931776374,0,1.027753339,0,0,82.81212509,3,55294.70723,222.945132,216.8419891,3832.197754,980.3012143,113.3702494,2492,3.952519048,0.457102433,26522,1.465454805,106.9352039,0.590863088,15,0.060479152,4.331186105
NP0440303,Gandaki,Tanahu,Bhanu,1,184.4763858,84.39669868,28.05400038,166.4912016,657.5352478,22642.80342,1886.900285,2418.506308,1529.539522,1846.628067,2040.269175,170.0224312,720.9949797,353.2413025,1647.571167,1294.329865,215.3755904,19.07750923,60.6235441,142.5135211,0.097253661,-0.126805388,0.764633925,62.74615292,0.340131083,36,1262.2,1262.2,106.4,106.5,1,76.35903238,0,11.61036582,11.26016917,0.414848338,0.016162922,0,0.339421367,0,0,76.35903238,3,25035.76772,135.7125879,463.6253282,1462.580322,678.3025075,73.75845987,1691,3.676906964,0.399826024,16300,0.909819697,88.35819247,0.493190331,5,0.02710374,3.052233827
NP0440304,Gandaki,Tanahu,Bhimad,0,129.4897283,84.04279279,27.96550132,152.7428969,630.8067017,20773.03398,1731.086165,2307.061949,1458.844684,1740.737607,1704.212751,142.0177293,702.8518538,347.1932373,1343.91394,996.7207031,176.0563566,24.29662149,64.95015738,91.73133712,0.111633214,-0.003374307,0.168719286,52.62436881,0.406398017,18,1258.2,1258.2,247.3,1517.9,2,84.57707631,0.137909899,4.865154766,9.094391664,0.597609562,0.275819798,0,0.452038002,0,0,84.57707631,2,12780.0893,98.69577664,216.611683,1425.083984,627.0757921,66.29534478,2065,4.842668221,0.511973773,10098,0.5415599,77.98301946,0.418226146,6,0.046335722,1.093062013
NP0440401,Gandaki,Tanahu,Myagde,1,115.5152204,84.16582247,28.00037176,170.0222977,692.6434692,23123.03249,1926.919374,2558.313613,1619.433553,1954.103131,1964.959111,163.7465926,634.4848824,316.5,1081.977173,765.4771729,144.9710096,23.90683768,64.53388241,164.8065276,0.011996362,-0.044173836,0.271909638,43.41395362,0.37582886,21,1258.2,1258.2,247.3,1517.9,1,88.42576645,0.120564933,3.263864967,6.519118154,0.47364795,0.258353427,0,0.93868412,0,0,88.42576645,2,17136.53984,148.3487612,285.6089973,4923.855469,417.3551524,51.87381564,1194,3.61298841,0.449064768,8285,0.436757208,71.72215031,0.378094944,13,0.112539282,0.763770456
NP0440402,Gandaki,Tanahu,Ghiring,0,126.5381908,84.0519396,27.89312576,166.6467619,746.2892151,22663.95962,1888.663301,2556.619658,1578.27949,1914.018707,1823.805658,151.9838048,562.536817,261.5,1140.599609,879.0996094,163.7841021,22.84042175,62.0843518,160.3908757,0.050147073,-0.140758404,0.056563696,53.47693658,0.422614993,21,1258.6,1258.6,174.2,11290.7,2,88.23162653,0.537760112,1.660042086,7.442911698,0.101317123,0.529966487,0,1.496375964,0,0,88.23162653,2,7555.530805,59.70948975,87.85500936,2055.487549,447.8116893,60.78595627,1246,3.538944936,0.480376366,6943,0.285091951,54.86881042,0.225301112,3,0.023708257,3.93534113
NP0440403,Gandaki,Tanahu,Rhishing,1,215.3251345,84.2197873,27.89810654,164.1940892,658.6639404,22330.39613,1860.866344,2515.629305,1496.896781,1830.125982,1861.992212,155.1660177,642.7066741,225,1273.254028,1048.254028,202.9856603,27.20069343,73.41168152,184.3737445,-0.005642276,-0.073769842,1.215526568,83.18587623,0.386326828,44,1258.2,1258.2,247.3,1517.9,1,91.26244928,1.383253412,1.950387311,4.00682405,0.129103652,0.253596459,0,1.014385835,0,0,91.26244928,1,6352.546749,29.5021144,97.73148845,424.2397461,598.0431031,0,1424,2.777395703,0,10696,0.376670721,49.67371796,0.174931144,16,0.074306235,1.819019783
NP0440404,Gandaki,Tanahu,Bandipur,1,101.6411859,84.39389786,27.91884541,141.527613,567.8544464,19247.75537,1603.979614,2105.97722,1257.016382,1546.284298,1646.367824,137.1973187,717.1164146,228,1628.524658,1400.524658,227.9034757,24.8179782,67.20754613,263.3608988,-0.059670182,-0.006945346,0.451589648,44.3975515,0.436806705,26,1227.6,1227.6,169.1,3000.1,1,82.36849838,0.470173376,4.447056519,11.27436576,0.66607895,0.156724459,0,0.617102557,0,0,82.36849838,2,11829.37434,116.383671,537.6988338,2309.022217,337.2863354,38.58319023,841,3.318402205,0.379601929,7477,0.370494502,73.56269934,0.364512179,6,0.059031188,2.4714486
NP0440405,Gandaki,Tanahu,Aanbu Khaireni,1,128.1093128,84.48562395,27.8754821,140.5474447,577.090686,19114.45248,1592.87104,2066.429391,1284.719822,1555.27627,1623.704208,135.308684,872.6902566,203,2126.501465,1923.501465,395.2953413,31.66747365,69.83797268,135.8114041,0.057324945,-0.058972014,1.456740791,64.16184402,0.500836689,32,1227.6,1227.6,169.1,3000.1,1,85.96422713,0.679528236,7.099898461,4.030305397,0.734202921,0.226509412,0,1.265328439,0,0,85.96422713,2,11446.15334,89.34677023,187.641858,420.4153748,334.2798415,17.50087902,779,2.609332875,0.136608952,6907,0.408046865,53.91489384,0.3185146,1,0.007805834,6.067659079
NP0440406,Gandaki,Tanahu,Devghat,1,159.6121942,84.37203567,27.81035276,149.1256481,631.557019,20281.08814,1690.090678,2270.232819,1357.982636,1686.265402,1692.615472,141.0512893,666.3573187,182,1632.378784,1450.378784,325.4108689,29.82500716,70.54479465,149.4851121,0.004443831,-0.007539647,1.138817888,62.04091063,0.388697812,32,1227.6,1227.6,169.1,3000.1,1,90.77836824,0.343857455,1.337918099,4.40137543,0.162550797,0.556423882,0,2.419506096,0,0,90.77836824,1,12446.66012,77.98063415,144.7286061,730.6029053,341.2874414,7.899726411,843,2.138229119,0.049493251,6646,0.269814893,41.63842263,0.169044035,3,0.018795556,3.561568426
NP0441301,Gandaki,Syangja,Putalibazar,1,147.4598017,83.89281885,28.09838844,189.7877026,687.1531576,25811.12755,2150.927296,2750.740427,1794.373688,2128.228816,2302.147007,191.8455839,1063.404243,553.5180664,1928.253174,1374.735107,227.8868289,25.74535029,70.04402392,144.0535179,0.015442215,-0.021296188,0.40980273,60.89014018,0.412927045,28,1406.3,1406.3,170.7,170.7,2,83.45226875,0,7.082267403,8.206543692,0.370270634,0.814595395,0,0.074054127,0,0,83.45226875,3,2742.084885,18.59547384,58.34223159,177.7053986,408.2490204,79.88579655,685,2.768544482,0.541746263,9820,0.545049847,66.59442022,0.369626054,19,0.128848675,1.779650345
NP0441302,Gandaki,Syangja,Bhirkot,1,78.38193264,83.77245875,28.03969033,182.1761175,727.0267029,24775.95198,2064.662665,2772.228026,1697.377774,2023.320667,2125.596399,177.1330333,1128.929691,634.7597656,1823.923828,1189.164063,269.406507,27.30528549,67.40062057,131.6285373,0.012937308,-0.011497807,0.474006303,27.00636873,0.34454839,18,1393,1393,149.5,320.1,1,81.10196327,0,8.448385054,9.246358455,0.215326156,0.557314756,0,0.430652312,0,0,81.10196327,3,2626.726776,33.51189091,656.681694,1282.654541,229.5492907,32.56992693,279,2.928599525,0.4155285,5961,0.331508961,76.05068922,0.422940529,28,0.35722518,0.23285773
NP0441303,Gandaki,Syangja,Galyang,1,122.9596923,83.67215411,27.95484145,150.719057,725.6487427,20497.79176,1708.149313,2373.663663,1450.310191,1826.206095,1651.474725,137.6228937,882.4100722,348.5,1811.352661,1462.852661,297.9915973,28.38116713,69.65305607,204.2745551,-0.085955847,-0.190596737,0.761863442,52.57149485,0.427550638,18,1363.5,1363.5,155.7,476,1,85.50243112,0.097244733,8.743922204,3.419773096,0.28363047,0.332252836,0,1.620745543,0,0,85.50243112,2,24137.19478,196.3016849,754.2873368,3349.219482,457.2874807,57.64897747,980,3.71900313,0.468844516,12456,0.557013623,101.3014896,0.453005056,20,0.162654929,1.405596867
NP0441304,Gandaki,Syangja,Walling,0,128.6422755,83.76677263,27.98429588,174.4266847,765.3814697,23722.02911,1976.83576,2687.01559,1674.770985,2050.707359,1931.1138,160.92615,1052.585359,527.9001465,1817.478271,1289.578125,230.2759776,27.56069484,66.04933044,158.9666248,0.030794038,-0.080081752,0.243729706,45.02217096,0.349979591,19,1363.5,1363.5,155.7,476,1,77.79664942,0,12.81556396,8.013587586,0.756581487,0.223886358,0,0.393731182,0,0,77.79664942,3,5730.649255,44.54716954,11.86469825,1225.012573,509.1038828,44.24369269,704,3.95751615,0.343928095,24676,1.193267616,191.8187463,0.927585906,14,0.108828921,0.566349202
NP0441305,Gandaki,Syangja,Chapakot,0,120.7991503,83.85650606,27.91222874,159.1826012,721.168925,21648.83377,1804.069481,2439.153147,1522.143107,1856.079742,1694.999351,141.2499459,641.2558241,307,1441.865723,1134.865723,217.0074681,23.05706307,68.13956171,178.4562001,0.006685575,-0.248064871,0.507976995,68.26061169,0.565075264,25,1287.3,1287.3,139.9,10547,1,81.45466513,0.419614942,6.220174428,10.12835281,0.098732927,0.255060063,0,1.423399704,0,0,81.45466513,3,12528.7937,103.7159092,29.34143723,1426.992798,435.6006593,125.1636298,940,3.605991089,1.036130051,6761,0.355767355,55.96893675,0.294511471,38,0.314571749,2.221473167
NP0441401,Gandaki,Syangja,Aandhikhola,0,69.74344839,83.79784465,28.15649998,156.7427985,582.5479507,21317.02059,1776.418383,2265.650506,1549.772109,1848.506828,1899.966,158.3305,1386.776202,831.7456665,2266.046875,1434.301208,325.5886911,26.52790409,64.75782609,155.18775,0.043487735,-0.094063259,0.62207185,24.01578002,0.344344603,17,1406.3,1406.3,170.7,170.7,1,79.98023436,0,11.94409149,7.652124806,0.141183114,0.282366229,0,0,0,0,79.98023436,3,6316.038086,90.56102375,3158.019043,3162.831787,161.5821396,52.87491714,176,2.316807432,0.75813454,4776,0.297004343,68.47955056,0.425852678,8,0.114706115,1.288241795
NP0441402,Gandaki,Syangja,Phedikhola,0,56.82577922,83.86795043,28.17187801,211.1738448,804.2652588,28719.64289,2393.303574,3072.122469,2005.379192,2352.102325,2655.520072,221.2933394,1369.19697,811.6934814,2184.007813,1372.314331,268.1941146,23.7311188,63.61534698,192.1936149,-0.034072488,-0.15767657,1.054645005,19.3320363,0.340198349,5,1406.3,1406.3,170.7,170.7,1,80.95155709,0,12.3183391,6.262975779,0.207612457,0.259515571,0,0,0,0,80.95155709,3,4805.634094,84.56785212,961.1268188,1289.462646,154.17205,25.34384654,184,2.713065304,0.445992064,5245,0.282108232,92.29965821,0.496444106,4,0.070390588,2.459247419
NP0441403,Gandaki,Syangja,Arjun Choupari,0,57.32776302,83.75718913,28.1022409,152.1541329,565.21521,20692.96208,1724.413507,2237.449249,1430.467219,1712.922821,1811.560242,150.9633535,1342.520127,773.8491821,2249.121094,1475.271912,293.0229,26.3835219,65.93126284,83.55848312,0.123057233,0.013893378,1.368974251,22.23787194,0.387907547,15,1393,1393,149.5,320.1,1,78.55288212,0,11.58040505,9.572442444,0.20772027,0.086550113,0,0,0,0,78.55288212,3,4519.03009,78.82795093,1129.757523,1395.816406,167.0884196,28.29453027,128,2.914616074,0.493557201,5373,0.261156798,93.72422221,0.455550302,1,0.017443555,3.256839444
NP0441404,Gandaki,Syangja,Biruwa,0,95.95475938,83.89724625,28.00946792,174.8182685,665.2958171,23775.28452,1981.27371,2617.86621,1624.529764,1928.53127,2022.41499,168.5345825,927.9446245,461.6199341,1627.592407,1165.972473,232.327487,27.32373554,65.74421897,185.3272989,-0.010343934,-0.11092956,0.065988829,44.20598075,0.460696072,18,1287.3,1287.3,202.3,202.4,1,82.97718592,0.03096934,9.837927119,7.040363374,0.061938681,0.051615567,0,0,0,0,82.97718592,3,230.1053667,2.398061005,7.422753765,11.09962177,265.7543939,36.98219995,344,2.769580119,0.385412878,4302,0.179510158,44.83362814,0.18707791,2,0.020843156,4.33327324
NP0441405,Gandaki,Syangja,Harinas,0,87.61886379,83.9576722,27.98324115,157.6480106,601.073999,21440.12944,1786.677453,2347.983746,1491.558237,1780.434845,1793.820737,149.4850614,950.1236579,384.4709167,1520.563721,1136.092804,244.6907851,25.39972839,69.10409137,64.9987646,0.176926799,0.082506966,0.99410961,23.83995119,0.27208697,11,1279.6,1279.6,100.1,100.1,2,84.22898518,0.022626994,7.930761398,7.5461025,0.11313497,0.147075461,0,0.011313497,0,0,84.22898518,3,0,0,0,0,316.821438,22.63734256,751,3.615904433,0.258361517,4508,0.193529028,51.45010794,0.220875985,17,0.194022146,0.766864805
NP0441406,Gandaki,Syangja,Kaligandaki,1,73.67795001,83.5341309,27.95070311,138.1696429,727.4492798,18791.07144,1565.92262,2234.901803,1352.388414,1767.672989,1494.145227,124.5121022,791.3913673,398,1450.018921,1052.018921,220.1262442,26.68196362,65.42259159,229.4874513,-0.034833562,-0.029763869,1.565715558,23.7366445,0.322167548,12,1350.4,1350.4,53.8,7473.9,1,84.46549391,0.027063599,4.032476319,6.129905277,0.365358593,1.51556157,0,3.464140731,0,0,84.46549391,2,13481.4044,182.9774634,22.50651821,584.387207,324.5857676,40.68271073,804,4.405466867,0.552169417,10203,0.556218903,138.4810516,0.754932653,8,0.108580654,1.077690778
NP0442301,Gandaki,Parbat,Kushma,1,93.36023062,83.70416824,28.23156288,166.2219672,601.6740723,22606.18754,1883.848962,2411.982215,1571.812297,1912.458262,2066.395403,172.1996169,1279.942285,671.3961182,2495.63501,1824.238892,339.0377169,23.70836541,69.99614045,226.6342452,-0.190331831,-0.179772496,0.427470246,53.94545464,0.577820495,27,1398.5,1398.5,47.5,5795.9,1,71.41341256,0,11.3327674,15.2270798,1.220288625,0.265280136,0,0.541171477,0,0,71.41341256,3,4069.273735,43.58680037,83.04640276,202.5916138,364.5298275,37.19835213,784,3.904551489,0.398438949,12212,0.694478235,130.805161,0.743869451,11,0.117823188,0.361818523
NP0442302,Gandaki,Parbat,Phalebas,0,85.87138594,83.68603999,28.1560784,166.3934777,619.65448,22629.51297,1885.792747,2441.403564,1593.82311,1896.052673,2036.201261,169.6834384,1245.940886,594,2265.766357,1671.766357,340.0085599,25.56776864,68.27741312,314.5441543,-0.246673286,0.242779116,0.594054623,28.32114041,0.329808819,14,1368.2,1368.2,404.9,6796,1,77.33087473,0,7.548691944,14.27912873,0.161346087,0.103722485,0,0.576236026,0,0,77.33087473,3,1177.356754,13.71069934,84.09691102,169.770874,287.9188527,33.3058551,526,3.352907951,0.38785743,8070,0.380049252,93.97775419,0.442579618,2,0.023290645,2.075389941
NP0442401,Gandaki,Parbat,Jaljala,0,82.42995659,83.61747312,28.33133039,131.5150818,498.5008698,17886.05112,1490.50426,1890.842538,1206.761746,1445.560867,1647.694723,137.3078935,1713.930849,745,2998.843994,2253.843994,502.4105609,28.38052818,77.18644087,256.7616805,-0.406060883,-0.095527279,0.471114155,33.07399037,0.401237508,19,1408.6,1408.6,95.4,5631.8,1,79.34351329,0,15.88313094,3.294457136,0.541060479,0.168329927,0,0.769508236,0,0,79.34351329,2,6986.770611,84.76009087,170.4090393,1587.984863,281.6156113,35.16589602,411,3.416423142,0.426615486,7163,0.448793006,86.8980198,0.54445377,1,0.012131512,5.199139807
NP0442402,Gandaki,Parbat,Modi,0,143.8763292,83.72496692,28.29964555,168.1276391,660.6557846,22865.35892,1905.446577,2460.821795,1550.887428,1908.472015,2159.851379,179.987615,1884.346331,762.3456421,3308.741211,2546.395569,614.9565658,26.6782425,69.87686926,82.42858836,0.149133353,0.019822906,0.815819331,45.34922775,0.315195891,26,1398.7,1398.7,143.7,595.2,1,87.5353912,0,9.170637387,2.865824183,0.220979214,0.15192321,0,0.055244804,0,0,87.5353912,2,2945.358205,20.47145783,70.12757632,1102.114868,439.8943363,29.7937,930,3.057447593,0.207078539,9054,0.434201241,62.92904505,0.301787822,104,0.722843018,0.11235426
NP0442403,Gandaki,Parbat,Bihadi,0,44.894102,83.59932743,28.05679134,0,0,0,0,0,0,0,0,0,1022.011253,524.2192993,2172.303467,1648.084167,334.3135549,28.39420778,68.0106001,250.2230925,-0.198208232,-0.071269127,1.370396466,21.3531676,0.47563414,15,1368.2,1368.2,404.9,6796,1,76.77662165,0,11.97697587,9.563869825,0.08855435,0.243524463,0,1.350453841,0,0,76.77662165,3,530.0374374,11.80639358,132.5093594,224.7078857,193.3506071,34.80293247,315,4.306815339,0.775222823,4597,0.201074977,102.3965242,0.44788729,0,0,4.118636169
NP0442404,Gandaki,Parbat,Mahashila,0,49.47955719,83.66922567,28.09440612,137.335964,531.6665039,18677.69111,1556.474259,2066.505164,1252.789669,1525.158442,1633.038002,136.0865002,1509.551351,753.8461914,2262.786133,1508.939941,292.9312124,29.57881453,69.70763211,131.804438,0.100007271,-0.08943076,1.245220154,10.07354127,0.203589964,8,1368.2,1368.2,137.5,137.5,1,81.9592824,0,12.31606531,5.684337835,0.040314453,0,0,0,0,0,81.9592824,3,212.8271179,4.301314119,42.56542358,45.38209915,169.3260983,5.022812359,208,3.422142556,0.10151288,3778,0.167854709,76.35476578,0.339240523,2,0.040420734,4.77653282
NP0442405,Gandaki,Parbat,Paiyu,0,42.73323253,83.66579112,28.04444801,153.1366564,643.1013794,20826.58528,1735.548773,2362.088401,1425.52052,1729.49189,1759.13187,146.5943225,994.4471902,571.1464233,1818.227417,1247.080994,221.6866718,29.39949723,67.19429217,300.3538592,-0.149694833,0.087663468,0.077423888,27.50978556,0.643756251,12,1368.2,1368.2,137.5,137.5,1,80.89524689,0,10.95985233,7.891093678,0.184586987,0.06922012,0,0,0,0,80.89524689,3,2237.177513,52.35217139,159.7983938,242.2432404,208.560144,37.23760059,422,4.880514102,0.871396765,5612,0.240014058,131.3263628,0.561656688,1,0.023400991,3.761747731
NP0443301,Gandaki,Baglung,Dhorpatan,0,223.4648736,83.1400848,28.3942656,124.2134676,503.8755989,16893.03159,1407.752633,1857.825215,1173.15586,1403.402954,1581.372049,131.7810041,2306.008341,991.3099976,4023.067627,3031.757629,581.7038611,33.90674902,72.65378941,208.0148949,-0.041500459,-0.078002086,1.33090735,79.73515409,0.35681292,32,1407.9,1407.9,146.3,146.3,1,84.56776377,0,13.37905848,1.656794192,0.142519931,0.253863626,0,0,0,0,84.56776377,2,3293.588473,14.73873016,205.8492796,473.2200317,444.7872605,33.15289672,596,1.990412423,0.148358425,6902,0.316659552,30.88628601,0.141704397,1,0.004474976,5.366118559
NP0443302,Gandaki,Baglung,Galkot,0,194.8619296,83.38968377,28.23297093,120.8951174,479.6011963,16441.73596,1370.144664,1822.058831,1155.232213,1414.296445,1514.120326,126.1766939,1978.311257,748.7185059,3452.925293,2704.206787,552.7846482,32.54110527,75.74575151,279.083142,-0.063963502,0.010225991,1.345276548,76.74495022,0.393842709,50,1385.5,1385.5,140.5,335.8,1,92.60525644,0,5.261546313,1.923960194,0.199030365,0.010206685,0,0,0,0,92.60525644,2,10.99015927,0.056399725,2.747539818,2.823804855,373.7989789,81.58388715,414,1.918276082,0.418675353,10043,0.50370471,51.53905651,0.258493135,0,0,9.073837629
NP0443303,Gandaki,Baglung,Baglung,1,99.11553327,83.59592075,28.24626681,136.8883688,527.848938,18616.81816,1551.401513,2007.217982,1299.944635,1540.924469,1683.366908,140.2805757,1450.320975,647.5,2680.219971,2032.719971,405.5170696,25.54395559,70.81684404,74.83727796,0.300521184,0.081439876,0.213239812,23.32720021,0.235353627,15,1408.4,1408.4,116.6,116.6,1,71.16576685,0,16.20675865,10.38792242,1.419716057,0.119976005,0,0.699860028,0,0,71.16576685,3,12093.57521,122.0149336,105.1615236,1531.730835,488.4684522,102.5083034,756,4.928273461,1.034230458,23632,1.181397547,238.4288236,1.191939859,5,0.05044618,2.202218463
NP0443304,Gandaki,Baglung,Jaimuni,0,118.9671736,83.58112513,28.1575549,140.9597062,564.8539124,19170.52004,1597.543337,2150.779472,1336.360627,1604.985422,1709.129409,142.4274507,1393.06135,574.6083984,2750.591553,2175.983154,436.2659232,30.19552446,72.52571028,91.54133735,0.198745071,-0.005347813,0.317461898,54.17501675,0.455377859,23,1368.2,1368.2,404.9,6796,1,79.60978061,0,14.29408809,5.48484341,0.066990454,0.175849941,0,0.368447496,0,0,79.60978061,3,18.20465946,0.153022543,3.03410991,3.133784294,367.1607767,41.73971336,660,3.086236023,0.350850677,10170,0.499673976,85.48576631,0.420009958,0,0,5.467140978
NP0443401,Gandaki,Baglung,Nisikhola,1,245.0913331,83.02051244,28.38261033,116.3838584,477.3495483,15828.20474,1319.017062,1770.542408,1090.368209,1314.154249,1462.931667,121.9109722,2358.046325,1022.466919,3958.351563,2935.884644,569.5969563,33.93742308,73.54057327,100.2399304,0.109300095,-0.01974484,0.029626295,78.7642331,0.321366864,31,1406.5,1406.5,239.1,239.1,1,75.87450853,0,22.05018037,1.933444125,0.02026671,0.117546917,0,0,0,0.004053342,75.87450853,2,5317.51135,21.69603993,55.39074323,141.0081177,319.2561593,36.72809644,358,1.30260077,0.149854734,7108,0.307395239,29.0014335,0.125420689,0,0,7.814244805
NP0443402,Gandaki,Baglung,Tamankhola,0,178.4903743,83.22303281,28.43681384,123.3089312,480.4565353,16770.01465,1397.501221,1786.76,1162.193196,1368.017733,1609.224207,134.1020173,2562.597079,1274.876099,3887.78418,2612.908081,508.2233118,33.53687038,72.12368556,138.8793638,0.020257808,-0.023205084,0.307357193,56.29651839,0.315403666,26,1407.9,1407.9,231.1,231.1,1,77.52946409,0,21.86457638,0.528129864,0.03335557,0.044474094,0,0,0,0,77.52946409,2,2326.123901,13.03220922,1163.061951,1508.822266,238.5806934,10.72884336,328,1.336658598,0.060108806,5321,0.180397493,29.8111314,0.101068471,2,0.011205086,4.145610871
NP0443403,Gandaki,Baglung,Badigad,1,179.146085,83.24119584,28.2714002,125.9571565,506.867375,17130.17328,1427.51444,1935.58191,1192.752072,1493.3391,1566.228694,130.5190578,1876.051245,726.5498047,3474.907959,2748.358154,539.6512341,34.68508708,70.7711538,195.8760197,-0.062992836,-0.221489863,1.642902172,69.92214329,0.390307962,34,1385.5,1385.5,240.8,858.6,1,84.50735498,0,13.27227311,1.998334721,0.049958368,0.133222315,0,0.038856508,0,0,84.50735498,2,0,0,0,0,472.2485499,56.24990487,672,2.636108681,0.313989027,8490,0.412895261,47.39149058,0.230479645,1,0.005582037,6.208926598
NP0443404,Gandaki,Baglung,Tarakhola,1,129.8378158,83.40167042,28.31184579,111.1706406,430.3704987,15119.20712,1259.933927,1613.732936,1042.615448,1239.909531,1425.710589,118.8092158,2366.733515,1331.619263,3527.962891,2196.343628,380.8030559,31.26479438,73.20016556,76.11367532,0.101985732,0.025213086,0.858785634,49.5966294,0.381989092,23,1401.9,1401.9,195,195.1,1,94.45676275,0,5.023319826,0.504625736,0.015291689,0,0,0,0,0,94.45676275,2,0,0,0,0,206.4022047,55.08321804,229,1.589692521,0.424246339,4168,0.210044567,32.10158747,0.161774569,0,0,10.58754221
NP0443405,Gandaki,Baglung,Kathekhola,1,83.06729703,83.51205338,28.26184736,114.7823744,451.5940145,15610.40292,1300.86691,1669.99946,1115.683744,1329.794688,1418.272546,118.1893789,1784.969816,995.9177246,2826.824707,1830.906982,378.2833649,27.32102105,65.05414113,63.34470844,0.154650908,0.077630162,0.782469831,35.13517259,0.422972383,19,1408.4,1408.4,116.6,116.6,1,85.2333771,0,11.44801241,3.211173451,0.10743703,0,0,0,0,0,85.2333771,2,0,0,0,0,273.3527587,44.71593651,397,3.290738576,0.538309757,8786,0.437455419,105.7696628,0.526627727,1,0.012038432,2.796954884
NP0443406,Gandaki,Baglung,Bareng,1,75.45802403,83.47163339,28.15019031,132.658284,556.6401164,18041.52662,1503.460552,2051.461955,1283.377873,1597.100891,1602.860609,133.5717174,1897.775212,980.7489624,2769.714844,1788.965881,351.3848654,30.7588483,69.2416684,177.8083107,0.008003744,-0.209134136,0.658097679,31.04485175,0.411418827,14,1369.7,1369.7,132.1,132.1,1,88.14161621,0,8.370623848,3.448275862,0.039484075,0,0,0,0,0,88.14161621,2,5318.875065,70.48786572,12.66398825,2497.499756,124.1976608,6.678251418,171,1.645917215,0.088502866,3611,0.182335131,47.85442034,0.241637829,2,0.026504802,2.136810784
NP0443598,Gandaki,Baglung,Dhorpatan,0,313.0459634,83.02315192,28.53883509,123.5171,477.7785011,16798.3256,1399.860467,1785.247674,1121.525627,1304.835382,1588.481661,132.3734717,3502.031111,2460.856689,4683.284668,2222.427979,429.1877552,27.88944966,71.1259133,16.79176795,0.042036765,0.139304814,0.023055212,96.75150012,0.309064839,47,1802.3,1802.3,185.6,347.6,1,45.86659065,0,46.46838971,1.776890916,0,2.369187888,0.003167363,0.003167363,0,3.512606107,46.46838971,2,858.2684879,2.741669238,22.00688431,28.79747009,173.7967396,0,288,0.555179622,0,1201,0.074664955,3.836497322,0.023851116,3,0.009583257,4.895741308
NP0444301,Gandaki,Myagdi,Beni,1,76.74270434,83.53356446,28.35272545,108.5034996,418.6700745,14756.47594,1229.706328,1576.80732,1024.612342,1219.990936,1352.702805,112.7252338,1503.96882,776.8703613,2663.403564,1886.533203,432.0654846,27.69397368,77.53548611,65.75718187,0.232626018,0.104755306,1.181559442,27.68682851,0.360774731,12,1419.4,1419.4,142,975.3,1,77.88609543,0,16.27757825,4.002052335,0.820933812,0.166752181,0,0.846587994,0,0,77.88609543,2,7166.109154,93.37837669,166.6537012,324.4221802,303.4802881,54.40751113,346,3.954516467,0.708960045,11344,0.61857101,147.8186115,0.806032333,3,0.039091664,2.679055969
NP0444401,Gandaki,Myagdi,Dhawalagiri,0,860.7397691,83.34841657,28.62329417,97.41316513,362.6618204,13248.19046,1104.015871,1361.187965,876.8229154,1017.834231,1246.613033,103.8844195,3975.196031,1118.428223,8135.912109,7017.483887,1469.896629,34.2028948,80.42591137,158.4269062,0.03101491,-0.078442325,1.198717065,274.9381511,0.31942076,132,1457.7,1457.7,133,271.9,1,36.8726516,0,15.62286837,0.141048616,0.005780681,6.931036476,31.6596335,0.171108157,0,8.595872594,36.8726516,5,1534.47464,1.782739331,511.4915466,1167.298096,280.1939245,4.329663535,302,0.325526872,0.005030166,3786,0.195512553,4.39854197,0.022714479,12,0.013941496,4.344482962
NP0444402,Gandaki,Myagdi,Raghuganga,1,379.9737617,83.51763968,28.5328088,91.689193,334.1818449,12469.73025,1039.144187,1288.98977,782.1957683,898.2157252,1170.208596,97.517383,3097.234655,866.0700073,8077.918945,7211.848938,1184.001258,32.2672113,76.97445686,159.5382379,0.049307428,-0.132147493,0.299445121,132.0109342,0.347421184,72,1442.8,1442.8,171.9,171.9,1,58.2129397,0,16.97550251,0.43708124,0.078517588,4.92828727,8.364740369,0.091603853,0,10.91132747,58.2129397,4,2232.37442,5.87507519,558.093605,840.4056396,308.4117619,60.78686972,468,0.811665944,0.159976493,5799,0.315514402,15.2615801,0.083035839,8,0.021054085,6.001731224
NP0444403,Gandaki,Myagdi,Annapurna,1,557.5065867,83.70892491,28.52972065,111.8786027,423.5976181,15215.48997,1267.957498,1531.547696,1018.748616,1150.280877,1427.876947,118.9897455,3549.272853,927.3179932,7961.455566,7034.137573,1470.281742,34.72795872,81.71195721,271.1442086,-0.13301507,0.002656692,0.614656013,199.9445563,0.358640707,92,1446.3,1446.3,133,133,1,41.12588099,0,21.30430904,0.096351146,0.062449817,10.30957266,17.58408422,0.424658756,0,9.092693371,41.12588099,5,7268.692619,13.03785963,316.0301139,1332.414185,469.0283816,21.52702513,881,0.841296574,0.038613042,6774,0.352786864,12.15052909,0.063279407,39,0.06995433,3.350870287
NP0444404,Gandaki,Myagdi,Malika,0,147.5373077,83.35329603,28.41932152,109.71983,426.9278005,14921.89688,1243.491406,1567.921844,1011.733372,1189.734205,1443.440273,120.2866895,2091.51347,1000,3644.543945,2644.543945,487.9007816,31.38314776,72.80393416,58.31678586,0.18025737,0.11125628,0.131124351,41.27044325,0.279728862,23,1440.1,1440.1,138.9,833.3,1,83.60600552,0,14.46845755,1.346529321,0.053861173,0.363562917,0,0.161583518,0,0,83.60600552,2,0,0,0,0,304.4872497,28.24376392,306,2.063798332,0.191434725,5304,0.239987555,35.950229,0.162662284,1,0.006777947,4.336903406
NP0444405,Gandaki,Myagdi,Mangala,1,89.04502442,83.45068756,28.37825519,104.4357636,398.9075521,14203.26385,1183.605321,1493.774201,980.1892242,1145.66688,1341.812969,111.8177474,1793.365241,903.8204346,3042.898438,2139.078003,484.0518133,32.26007866,71.42534193,41.13085699,0.053413325,0.061162319,0.628967332,31.18430223,0.350208251,14,1419.4,1419.4,142,975.3,1,88.12264778,0,9.209652424,1.959264999,0.022138588,0.066415763,0,0.619880452,0,0,88.12264778,2,4981.477051,55.94335094,1660.49235,2539.196533,188.6845537,30.13443802,181,2.11897919,0.338417988,5174,0.237837361,58.10543636,0.267097867,1,0.011230274,1.836811208
NP0444598,Gandaki,Myagdi,Dhorpatan,0,178.5169302,83.15715881,28.61326673,119.5891892,437.7336548,16264.12972,1355.344144,1682.141389,1091.944123,1241.798792,1552.759768,129.3966473,4223.794161,2965.32959,7304.106934,4338.777344,760.8026133,30.05358341,72.3807189,186.7973703,-0.021988184,-0.184470462,1.551581052,53.6547824,0.300558509,22,1825.2,1825.2,157.8,157.8,1,21.07160686,0,39.13139941,0.033279716,0,12.12490987,13.54484442,0.011093239,0,14.08286649,39.13139941,5,0,0,0,0,11.41268041,0,9,0.063930521,0,16,0.000515572,0.089627353,0.000288808,0,0,8.169688833
NP0445401,Gandaki,Mustang,Lomanthang,1,725.1325126,83.98591838,29.20826784,52.74609797,283.5879466,7173.469324,597.7891103,902.9962269,439.4134023,683.412511,636.699588,53.058299,4719.558042,3291.174316,6342.622559,3051.448242,640.9380184,21.8214024,71.93651123,169.3874836,0.025998023,-0.138751565,1.108222054,185.4225203,0.255708463,35,1546.7,1546.7,176.6,176.6,2,0,0,35.26543143,0.123614432,0.0013584,55.82074549,6.13181917,0.081504021,0,2.575527059,55.82074549,3,1425.091005,1.965283559,21.270015,396.9842834,235.0604746,40.46424635,412,0.324162095,0.055802554,1743,0.137880978,2.403698593,0.019014591,18,0.024823049,0.863650114
NP0445402,Gandaki,Mustang,Lo Ghekar Damodarkunda,1,1349.374239,83.94337772,29.03505708,62.42855886,301.5311127,8490.284005,707.5236671,994.4985056,557.8381812,785.7880331,759.2680277,63.27233565,4943.790602,2958.878662,6745.588867,3786.710205,849.9756475,24.29212491,74.77434783,357.9145675,-0.002322706,0.063786506,0.361532406,352.8614377,0.261500055,81,1521.9,1521.9,32.6,1422.1,2,0.002196837,0,13.84958992,0.033684827,0,70.03148799,14.15055653,0.186731107,0,1.745752783,70.03148799,3,1067.880164,0.791389174,24.83442242,270.1594238,387.3211435,39.08686982,525,0.2870376,0.028966664,565,0.066864705,0.418712603,0.004955238,19,0.014080601,2.824440098
NP0445403,Gandaki,Mustang,Varagung Muktichhetra,0,887.4447603,83.74882554,28.88971023,56.28551476,268.0462703,7654.830008,637.9025006,833.7000741,489.8233084,635.5538257,685.8918056,57.15765047,4708.970689,2775.638184,6481.636719,3705.998535,928.3763156,28.35534415,77.39733318,193.4632255,-0.006462161,-0.02699315,0.66802643,271.5512625,0.305992299,92,1499.1,1499.1,98.5,445,2,0.187280531,0,12.81310964,0.008918121,0.001114765,69.20461513,14.9456552,0.595284544,0,2.244022072,69.20461513,3,1558.669774,1.756356952,32.47228696,124.9174194,578.8470089,49.45435305,876,0.65226258,0.055726683,1159,0.111494083,1.305996781,0.012563496,27,0.030424429,5.503313981
NP0445404,Gandaki,Mustang,Gharpajhong,1,317.4757263,83.72608665,28.76158503,50.32495023,249.7087868,6844.193231,570.3494359,717.9274673,445.9976503,551.7859259,609.549355,50.79577959,4139.424548,2558.459717,6994.727051,4436.267334,854.8852423,32.01054425,74.77939351,324.3141773,-0.080819691,0.11253125,0.097422859,93.00428965,0.292949293,41,1482.1,1482.1,242.5,3197.1,1,14.22539176,0,24.32829752,0.025022677,0.128241219,45.87907791,8.670357511,1.025929749,0,5.717681649,45.87907791,5,2192.043598,6.904602199,27.06226664,163.4971924,248.0958895,16.5642431,468,0.781464121,0.052174833,1810,0.189983517,5.701223275,0.059841903,11,0.034648318,1.121251769
NP0445405,Gandaki,Mustang,Thasang,1,290.1351225,83.61462178,28.68091072,50.77027269,201.0250534,6904.757087,575.3964239,696.205722,420.4244603,508.9429817,633.6660761,52.80550634,3833.805313,1619.824097,6850.137207,5230.31311,1044.906859,31.67243639,76.08725406,123.826568,0.131159953,-0.087892038,0.027747595,107.3012269,0.369831911,48,1458.8,1458.8,140,3512.6,1,22.88447137,0,27.86779223,0.064674246,0.102117231,16.37279597,18.97678535,1.776839812,0,11.95452379,27.86779223,5,629.621521,2.170097559,629.621521,629.621521,158.540357,31.47887648,280,0.54643628,0.108497297,1165,0.099276502,4.015370459,0.034217333,17,0.058593389,0.575446112
NP0447301,Gandaki,Nawalparasi East,Madhya Bindu,1,233.7270321,83.98012375,27.62807249,177.0428852,1065.771991,24077.83239,2006.486033,2844.242415,1787.922589,2406.254604,1842.337319,153.5281099,289.3622155,114.4604645,1068.861328,954.4008636,187.7851292,10.87018944,56.66484693,173.4871093,0.015203406,-0.133172188,0.810424324,98.76689673,0.4225737,30,1147.1,1147.1,152.5,152.5,2,71.6329216,0.246190416,3.408463857,19.72070122,0.878645104,2.882125727,0,1.230952078,0,0,71.6329216,2,44838.67478,191.8420577,180.801108,2197.222656,439.8899949,64.83765008,794,1.88206726,0.277407579,11338,0.627559848,48.50957931,0.268501184,8,0.034227962,3.887156173
NP0447302,Gandaki,Nawalparasi East,Kawasoti,0,108.495184,84.12154041,27.6416799,160.9113239,863.5536499,21883.94004,1823.66167,2505.40909,1638.779212,2105.750102,1698.194698,141.5162248,223.1582628,132,1323.407349,1191.407349,144.1943144,4.998435062,54.9513293,184.6633599,-0.020357119,-0.249562621,0.48297978,44.93665187,0.414181074,14,1159.8,1159.8,163.3,32018.7,1,43.50027619,1.473025226,3.047320935,44.19075677,5.46860615,2.071441723,0,0.248573007,0,0,44.19075677,3,51854.21555,477.9402517,101.6749325,435.7750244,601.2254258,55.15561736,1655,5.541494135,0.508369269,23519,1.357833733,216.7745989,1.251515213,31,0.285726968,0.358150444
NP0447303,Gandaki,Nawalparasi East,Devchuli,0,112.8593944,84.20547405,27.71552688,157.8382242,813.468689,21465.9985,1788.833208,2462.977103,1599.232784,2018.174866,1677.625921,139.8021601,555.9600348,152.3595886,1910.288208,1757.928619,385.4192692,18.05170567,60.82401659,173.0430352,0.046769242,-0.383284698,1.156839166,50.74119447,0.449596551,21,1159.8,1159.8,163.3,32018.7,1,70.8041493,0.691550669,2.039187871,22.45766469,3.643940066,0.195052753,0,0.16845465,0,0,70.8041493,2,34383.80563,304.6605539,42.81918509,180.2874451,469.0961027,21.23244206,1199,4.15646482,0.188131809,15961,0.982053345,141.4237608,0.870156489,8,0.070884662,3.986730143
NP0447304,Gandaki,Nawalparasi East,Gaidakot,1,160.1099663,84.32924154,27.72976452,154.047039,704.9199742,20950.39731,1745.866442,2358.055614,1491.190417,1850.141641,1717.076015,143.0896679,391.3051157,157.5,1532.286865,1374.786865,218.9195364,16.39075773,61.43310221,130.2645924,0.090596092,-0.076734872,2.012460808,69.87916503,0.436444817,27,1183.3,1183.3,210,31855.4,1,76.19047619,0.218150087,0.85390177,15.12091748,4.070057342,0.909997507,0,2.636499626,0,0,76.19047619,2,47171.479,294.619255,21.59866255,370.3250122,631.1186831,38.35507935,2232,3.941782623,0.239554603,23439,1.871886129,146.3931355,1.169125303,8,0.049965659,3.654066449
NP0447401,Gandaki,Nawalparasi East,Baudikali,0,92.00370974,84.06355464,27.81221496,163.5538358,829.7839559,22243.32167,1853.610139,2527.666807,1579.647398,2014.039591,1719.543469,143.2952891,810.3542509,264.5,1793.146606,1528.646606,372.9801473,27.24200152,69.51636908,4.210797587,0.021777432,0.295789027,0.310996187,40.81215104,0.44359245,16,1258.6,1258.6,174.2,11290.7,2,83.10715449,0.33655412,7.241341874,7.621322332,0.075996092,0.662251656,0,0.955379438,0,0,83.10715449,3,6779.677652,73.689177,72.8997597,1158.944092,339.1231292,38.1725908,621,3.685972339,0.414902735,5102,0.206398865,55.45428564,0.224337546,0,0,4.900777087
NP0447402,Gandaki,Nawalparasi East,Bulingtar,0,147.8657259,84.19492123,27.80852426,162.7855142,721.045105,22138.82993,1844.902494,2527.442706,1518.181146,1878.080614,1778.909054,148.2424211,726.5125348,215.3313599,1915.012085,1699.680725,350.1445988,28.34729179,66.60791763,9.176409807,0.040437746,0.250323177,0.253844174,55.17792691,0.373162385,18,1233.5,1233.5,162.7,11588.9,1,86.20666488,1.007793604,4.709755442,5.818328406,0.174684225,0.497178178,0,1.58559527,0,0,86.20666488,2,12660.87148,85.62411202,33.0571057,1539.559448,486.8334686,65.52117744,1218,3.292402384,0.443112676,6638,0.238720008,44.89208001,0.161443774,12,0.081154709,1.964041261
NP0447403,Gandaki,Nawalparasi East,Hupsekot,1,189.4884932,84.05412655,27.71709104,170.1072213,957.4216614,23134.5821,1927.881842,2664.180507,1721.288469,2256.133926,1772.939159,147.7449299,675.9098329,175.8029175,1768.030273,1592.227356,364.2297704,22.52084609,69.6648482,185.9778135,-0.020794238,-0.198583634,0.209544273,75.23490783,0.397042093,36,1147.1,1147.1,152.5,152.5,2,79.15769574,0.876962663,10.30299848,8.149976369,0.315076406,1.192039069,0,0.005251273,0,0,79.15769574,3,18725.84924,98.82314713,39.50601105,813.3633423,593.3562131,84.98250123,982,3.131357494,0.448483704,9079,0.387943001,47.91319963,0.204731694,2,0.010554731,4.052152344
NP0447404,Gandaki,Nawalparasi East,Binayi Tribeni,1,288.5881252,83.84240229,27.63652684,160.4436093,944.639595,21820.33086,1818.360905,2554.439299,1632.401005,2156.113945,1632.786681,136.0655567,385.0167038,105.0106964,1482.923584,1377.912888,239.8901117,16.28151074,61.81101583,146.2837131,0.057701307,-0.086466204,0.676253091,111.99326,0.388073002,50,1137.2,1137.2,138.5,338.3,1,81.53744845,0.752088171,2.308252175,10.74065089,0.50601324,3.074203722,0,1.081343361,0,0,81.53744845,2,28116.20129,97.42674361,216.2784714,1999.928833,364.9111811,37.05741482,639,1.264470535,0.128409354,4256,0.290379564,14.74766156,0.10062076,13,0.045046899,6.622626178
NP0447597,Gandaki,Nawalparasi East,Chitawan,0,94.80588183,84.04842421,27.56420176,151.9360702,847.0237834,20663.30554,1721.942129,2380.439413,1559.818025,2043.686783,1639.92825,136.6606875,218.2803801,111,851.793457,740.793457,138.9736271,9.495722044,55.28648625,32.14648902,0.085337803,0.135795226,0.773333277,55.87892306,0.589403547,19,1147.3,1147.3,221.2,35389.8,2,75.97046414,0.073839662,2.53164557,4.73628692,0.010548523,2.932489451,0,13.74472574,0,0,75.97046414,2,0,0,0,0,47.08119679,0,102,0.496606285,0,130,0.008175318,1.37122294,0.008623218,1,0.010547869,1.112601995
NP0546301,Lumbini,Palpa,Tansen,1,110.0461992,83.52033228,27.86656085,136.4166323,735.6062012,18552.662,1546.055166,2269.738589,1331.660747,1823.121043,1438.17782,119.8481517,1019.892338,437.0319214,1579.791382,1142.75946,250.5591612,24.70856203,72.18482193,78.87518972,0.084181464,0.016553605,1.576939861,41.10605353,0.373534514,15,1296.7,1296.7,202.8,202.9,1,78.39450371,0.180799132,9.618513831,9.374435003,1.410233231,0.415838004,0,0.605677093,0,0,78.39450371,3,31945.49569,290.2916767,264.0123611,1636.203247,735.7999676,59.7217507,2141,6.686282423,0.542697077,26057,1.448957303,236.7823713,1.316680915,16,0.145393481,1.926399077
NP0546302,Lumbini,Palpa,Rampur,1,123.5482173,83.88346793,27.8537296,156.2302983,779.9791138,21247.32057,1770.610047,2416.162708,1504.598802,1861.136517,1623.421415,135.285118,614.8122286,295,1438.476318,1143.476318,235.0273689,21.80098074,63.32459309,14.91636074,0.059147853,0.222038799,0.218619591,58.1511197,0.470675506,28,1279.5,1279.5,43.7,10793.1,2,74.62529369,0.364579114,4.131896622,17.7428502,0.413189662,0.907396905,0,1.81479381,0,0,74.62529369,2,24220.66733,196.0422243,133.0805897,1829.694824,407.3254116,57.59866854,910,3.296894285,0.466203963,6050,0.334549414,48.9687357,0.270784493,9,0.072846053,1.11101524
NP0546401,Lumbini,Palpa,Rainadevi Chhahara,1,176.334198,83.33215523,27.85141443,128.1925795,764.3051453,17434.19081,1452.849234,2250.946037,1269.000354,1863.797615,1333.689933,111.1408277,1123.756007,317.614502,1954.366211,1636.751709,304.7224087,27.65631028,64.54766446,3.855882861,0.002436015,0.036142854,1.833462053,51.38940724,0.291431882,23,1344.9,1344.9,267.1,606.4,1,85.78801112,0.119094879,8.31962797,5.546418647,0.079396586,0.147450802,0,0,0,0,85.78801112,3,3363.540283,19.0748041,3363.540283,3363.540283,696.9796605,28.67922128,1653,3.952606292,0.162641289,9323,0.493123814,52.87119632,0.279652966,4,0.022684199,4.654849046
NP0546402,Lumbini,Palpa,Tinau,1,202.4666422,83.47287137,27.76884826,149.2972931,877.45696,20304.43186,1692.035988,2528.785613,1494.667616,2091.744235,1489.576839,124.1314032,857.4415633,192.2410431,1718.309326,1526.068283,295.350967,27.48190413,66.40912779,326.2329294,-0.022688398,0.033933697,0.317785491,82.85386137,0.409222282,27,1285.7,1285.7,154,357,1,90.37157983,0.717431102,5.818613626,2.246301519,0.183068626,0.643214091,0,0.019791203,0,0,90.37157983,2,4817.47554,23.79392224,172.0526979,502.8515625,597.8297516,77.40144838,1408,2.95273209,0.38229235,7237,0.331714449,35.74415974,0.163836593,6,0.029634511,1.9998537
NP0546403,Lumbini,Palpa,Ribdikot,0,124.8489084,83.42972658,27.857509,132.7546949,756.3500468,18054.6385,1504.553209,2276.493552,1301.674292,1853.97123,1387.312799,115.6093999,1243.02086,488.5465088,1893.627319,1405.080811,227.8361815,28.88951303,65.18645406,121.491072,0.011617528,-0.007116741,1.322288751,31.4402336,0.251826259,16,1344.9,1344.9,267.1,606.4,1,83.04462361,0.039913786,12.10185998,4.558154387,0.151672388,0.103775844,0,0,0,0,83.04462361,2,2767.665054,22.16811576,251.605914,1138.472168,585.8882255,41.98835826,2238,4.692778118,0.336313379,8944,0.475215934,71.63859191,0.38063283,6,0.048058089,4.070821295
NP0546404,Lumbini,Palpa,Mathagadhi,1,215.9360888,83.65627033,27.7566187,153.3690939,850.4809367,20858.19677,1738.183064,2475.962748,1523.475361,2012.163396,1545.276852,128.773071,1054.107945,353.2490845,1842.116699,1488.867615,252.6327879,25.54961479,74.96058284,338.796882,-0.009893986,0.025504103,0.421277018,65.72303416,0.304363363,27,1285.7,1285.7,154,357,1,83.35879983,0.375052091,7.987220447,7.857572811,0.148168727,0.273186091,0,0,0,0,83.35879983,3,8374.500423,38.78231041,246.308836,552.0137329,590.5976966,37.51303128,1459,2.735057859,0.173722843,8911,0.451778778,41.26683988,0.209218747,1,0.004631,9.031644506
NP0546405,Lumbini,Palpa,Baganaskali,1,84.34633352,83.59105765,27.88626079,143.9837767,747.8771484,19581.79363,1631.816135,2318.961753,1399.65143,1827.176779,1518.202937,126.5169115,895.064752,381.9534912,1466.776245,1084.822754,226.4260289,25.65222756,65.31284235,103.5815529,0.014051268,-0.003394571,1.057160983,29.140331,0.345484264,15,1304.8,1304.8,148,10407.1,1,83.63507277,0.14199503,4.780499349,10.02248255,0.082830434,0.43781801,0,0.899301858,0,0,83.63507277,2,8831.428988,104.7043614,18.20913193,1800.244141,408.3607028,72.24276916,873,4.841475447,0.856501595,9645,0.47958487,114.3499616,0.568590062,0,0,4.879532884
NP0546406,Lumbini,Palpa,Purbakhola,0,138.3072949,83.77359676,27.81405114,141.3495151,758.9582642,19223.53405,1601.961171,2238.15493,1360.417309,1749.290131,1418.138118,118.1781765,1104.32283,451.6151428,1850.832153,1399.21701,249.0802045,30.00979504,67.40960704,1.989429356,0.002411504,0.069423652,0.010897261,36.03263746,0.260525936,19,1279.1,1279.1,222.4,222.4,1,83.82797868,0.518657254,10.61806656,4.876818902,0.079239303,0.079239303,0,0,0,0,83.82797868,2,7725.317784,55.85618453,13.20567143,1292.831177,249.8839839,40.20224786,271,1.806730326,0.290673373,2135,0.117600701,15.43664058,0.08502856,2,0.014460553,3.120532036
NP0546407,Lumbini,Palpa,Rambha,0,94.3100929,83.69246673,27.86902398,145.4480354,741.2566284,19780.93282,1648.411068,2297.44376,1389.213501,1763.847653,1511.75165,125.9793041,964.248879,350.5,1810.537476,1460.037476,305.1604439,28.2697688,68.73787564,346.7272334,-0.017606525,0.074639287,2.028900551,33.96093387,0.360098615,10,1304.8,1304.8,148,10407.1,1,82.6511335,0.020990764,8.648194794,7.325776658,0.115449202,0.314861461,0,0.923593619,0,0,82.6511335,3,9167.683755,97.20787535,12.93044253,1643.562378,286.4397223,37.50308902,577,3.03721175,0.397657216,7412,0.362978285,78.59180043,0.384877454,4,0.042413276,2.991372401
NP0546408,Lumbini,Palpa,Nisdi,1,194.8393748,83.89901158,27.7745845,158.3957722,871.2287496,21541.82503,1795.152085,2471.703016,1558.562026,2002.214091,1610.513097,134.2094248,921.6419181,285.5,1816.170532,1530.670532,288.9356031,30.02608072,64.12419357,50.89560636,0.020237636,0.016449258,1.816708111,69.59546027,0.357194024,34,1279.1,1279.1,222.4,222.4,2,85.24279793,1.207593512,8.719234509,3.991198895,0.09210459,0.578212148,0,0.168858415,0,0,85.24279793,2,9479.728861,48.65407145,12.5725847,1440.752563,521.5513329,28.2880615,720,2.676827174,0.145186575,2952,0.124789253,15.15094166,0.064047245,8,0.041059462,9.11247075
NP0547301,Lumbini,Nawalparasi West,Sunawal,1,173.8799265,83.66549582,27.61789349,153.8751286,897.834137,20927.01748,1743.918124,2461.638174,1575.148203,2080.00058,1578.670376,131.5558647,263.7496712,109.7679214,1146.723145,1036.955223,223.3223762,9.65902896,63.00059205,202.9333428,-0.093074511,-0.219981007,0.130507925,59.30377903,0.341061675,14,1239.3,1239.3,145.4,145.7,1,69.39046191,0.149933683,2.041404763,24.65255752,2.80837322,0.93996886,0,0.01730004,0,0,69.39046191,2,44523.1375,256.0567996,122.9920925,519.6258545,528.9981559,48.17818172,1261,3.042318723,0.277077307,22053,1.849773843,126.8289011,1.063822535,4,0.023004381,2.788806814
NP0547302,Lumbini,Nawalparasi West,Bardaghat,1,178.8131077,83.7956871,27.55640287,148.9006286,862.7682495,20250.48549,1687.540458,2356.904994,1536.752325,2025.361674,1571.429661,130.9524717,300.1188598,101.2755432,1174.786743,1073.5112,225.3516553,12.34785879,60.92594364,222.9376274,-0.101477466,-0.109059042,0.175792761,52.17365583,0.29177758,16,1227.7,1227.7,287.4,287.4,1,62.51256281,0.078168621,1.468453378,33.24399777,2.339475154,0.351758794,0,0.005583473,0,0,62.51256281,2,48546.80402,271.4946608,211.9947774,1303.694336,536.6470686,58.50012079,1516,3.001161802,0.3271579,13337,1.224864375,74.58625472,0.684996973,2,0.011184862,0.65451683
NP0547303,Lumbini,Nawalparasi West,Ramgram,0,94.09292149,83.64887848,27.52679766,145.1401869,856.4605306,19739.06542,1644.922118,2354.511179,1496.617551,2006.82843,1515.242389,126.2701991,111.115498,101.5799942,128.8193207,27.23932648,3.79782643,1.014543664,15.07265121,195.5184632,-0.039227978,-0.141274722,0.522969771,24.77910163,0.263347139,5,1222.6,1222.6,137.2,282.6,1,9.354120267,0,1.421147524,84.80220596,3.966486372,0.392406406,0,0.063633471,0,0,84.80220596,2,46095.76036,489.8961541,111.3424163,685.3528442,270.3187283,44.35189615,587,2.872891223,0.471362728,5249,0.638039818,55.78528031,0.678095448,2,0.021255584,1.87195355
NP0547401,Lumbini,Nawalparasi West,Palhinandan,0,44.76084609,83.67098026,27.46496341,143.2607882,872.9514771,19483.46719,1623.622266,2336.048783,1483.772272,1997.5522,1525.857746,127.1548121,104.3896068,98.81764984,117.9385681,19.12091827,2.321537433,1.086656998,14.1758294,192.3730347,-0.023718063,-0.108118534,0.478629737,18.25747974,0.407889514,5,1227.7,1227.7,108.4,108.5,1,9.521670784,0,0.763530204,86.25645632,2.919380193,0.538962497,0,0,0,0,86.25645632,2,27006.92164,603.3603919,134.3627942,540.4202271,131.6386245,25.2517083,231,2.940932443,0.564147252,149,0.018699052,3.328802134,0.041775465,6,0.134045724,0.883695989
NP0547402,Lumbini,Nawalparasi West,Sarawal,1,73.33795953,83.73111339,27.50596616,147.538685,878.9867401,20065.26116,1672.105096,2368.192927,1508.593302,2014.542904,1560.944587,130.0787156,113.3116041,97.06938934,212.5698242,115.5004349,13.79369296,1.27889973,16.67237259,194.9405329,-0.040672642,-0.152424995,0.625971521,49.05988667,0.668956254,12,1227.7,1227.7,287.4,287.4,1,19.35220468,0.081654872,1.469787697,76.37452368,2.531301034,0.190528035,0,0,0,0,76.37452368,2,32118.76821,437.9555747,128.991037,424.6998291,181.665775,13.07665769,337,2.477104301,0.178306811,2000,0.202627602,27.2710069,0.276292937,8,0.109084028,6.275533259
NP0547403,Lumbini,Nawalparasi West,Pratapapur,0,71.25573972,83.79058207,27.43763086,143.0557839,845.5574036,19455.58661,1621.298884,2324.526431,1469.6905,1968.683441,1543.477068,128.623089,104.4658204,99.4283905,118.5551605,19.12677002,2.191021095,1.116016544,19.46141997,240.1972608,-0.047750252,-0.027349859,0.725766223,23.17401429,0.325223124,3,1227.7,1227.7,287.4,287.4,1,14.62799496,0.014011489,2.648171501,78.11405352,3.306711503,0.098080426,0,1.190976601,0,0,78.11405352,2,36209.19183,508.1582476,203.422426,1746.988892,308.7207843,23.18275228,536,4.332574267,0.325345753,7719,0.419169067,108.3281155,0.588260074,4,0.056135829,1.447558467
NP0547404,Lumbini,Nawalparasi West,Susta,1,91.39291548,83.8570598,27.42265967,137.5269706,797.6792236,18703.66801,1558.639,2222.895921,1385.315788,1838.247598,1510.102925,125.8419104,122.7707878,98.5,821.5587158,723.0587158,79.04469884,2.424714508,51.31244935,293.9139024,-0.058720409,0.026038351,0.536530501,43.09691286,0.471556385,15,1105.5,1105.5,155.7,36545.4,1,28.757526,0.207991242,4.159824849,50.38861522,1.959496442,4.455391352,0,10.06020799,0.010946907,0,50.38861522,3,28296.26579,309.6111514,160.7742375,1018.896301,287.9729055,29.32014622,527,3.150932477,0.320814213,7454,0.389884167,81.55993231,0.426602177,1,0.010941767,4.884907202
NP0548201,Lumbini,Rupandehi,Butwal,1,101.8562493,83.43298776,27.68903106,182.8076664,1179.935028,24861.84263,2071.820219,3146.865083,1934.268221,2731.093376,1819.862647,151.6552206,256.8028275,113,1062.029053,949.0290527,185.4751847,9.950336117,55.61480205,205.1860265,-0.113601594,-0.241568583,0.942107061,33.17318012,0.325686252,8,1271.3,1271.3,194.9,195,1,59.52497792,0.647757385,1.796054569,22.24948474,14.10344489,1.472175876,0,0.206104623,0,0,59.52497792,3,33796.56281,331.8064728,24.38424445,776.9481201,688.6349738,97.99121511,2860,6.760851481,0.96205403,50493,3.715060331,495.7280515,3.647356305,8,0.078542064,1.489799213
NP0548301,Lumbini,Rupandehi,Sainamaina,1,161.6215058,83.30557101,27.71184252,153.042156,989.4630432,20813.73321,1734.477768,2671.65088,1582.905975,2285.059326,1557.143426,129.7619522,259.7541441,110.6008148,985.8534546,875.2526398,174.6615326,11.02909191,56.34409786,186.8708561,-0.029315432,-0.243287202,0.459431837,73.72472357,0.456156643,16,1271.3,1271.3,194.9,195,1,69.51459899,0.086238758,0.985585808,26.26586177,2.815079463,0.326475299,0,0.006159911,0,0,69.51459899,2,25288.73447,156.4688705,84.57770725,522.0458374,669.4040003,39.21198715,1870,4.141800293,0.242616148,30677,1.956935357,189.8076611,1.210813714,2,0.012374591,2.756172343
NP0548302,Lumbini,Rupandehi,Devdaha,1,137.2598198,83.55958177,27.65113837,153.090608,892.4066467,20820.32269,1735.026891,2541.262873,1568.720722,2155.638941,1552.28225,129.3568542,269.1284127,106.5,1160.580566,1054.080566,212.5115442,10.84617789,60.78832695,193.5419568,-0.066440221,-0.275853382,0.606614444,63.99199475,0.466210686,14,1212.5,1212.5,233.9,233.9,1,65.09769739,0.174329919,1.670661727,29.27289896,2.963608629,0.813539624,0,0.007263747,0,0,65.09769739,2,33096.90486,241.125953,180.8574036,1730.874268,437.1199238,73.75779704,1243,3.184616769,0.537358982,8713,0.741043668,63.47815415,0.5398839,5,0.036427266,2.107137634
NP0548303,Lumbini,Rupandehi,Tilottama,1,126.4860077,83.48624983,27.60829026,140.6287083,873.8306885,19125.50433,1593.792027,2361.185898,1480.831575,2052.208203,1446.848344,120.5706953,125.4143545,103,168.025528,65.02552795,11.29145138,1.346757277,18.98649163,181.7223188,-0.005568084,-0.185175699,0.212026855,51.0930316,0.403942163,16,1258,1258,174,699.5,1,21.08832808,0.165615142,2.011041009,64.28233438,11.21451104,1.048895899,0,0.189274448,0,0,64.28233438,3,97543.78668,771.1824292,92.45856557,531.0887451,1209.661375,135.5666077,5695,9.563598352,1.07179134,31017,3.350626151,245.2208,2.649009334,15,0.118590192,1.89084375
NP0548304,Lumbini,Rupandehi,Lumbini Sanskritik,0,112.5051968,83.26649372,27.47278077,120.2390395,810.550415,16352.50937,1362.709114,2104.971296,1262.831133,1834.356361,1257.392261,104.7826884,96.45743436,87.30796051,112.7634125,25.45545197,3.564101799,0.931898842,17.18383508,214.4875077,-0.054725955,-0.079663963,1.395891555,44.83955184,0.398555383,11,1237.3,1237.3,194.4,194.5,1,6.16891713,0,0.63542494,90.06265996,2.744682729,0.22063366,0,0.167681582,0,0,90.06265996,2,70334.88332,625.1700836,236.817789,2252.056396,268.0200917,40.54601259,460,2.382290767,0.360392353,15499,1.175881771,137.7625251,1.04517996,13,0.115550218,1.53622812
NP0548305,Lumbini,Rupandehi,Siddharthanagar,1,36.11868452,83.44226116,27.50126979,110.6865648,713.6159668,15053.37281,1254.447734,1866.877063,1188.813862,1652.395416,1127.832488,93.98604065,104.7801677,95,117.6894836,22.68948364,2.811852528,1.181699021,20.09931584,206.9008059,-0.048315987,-0.095232693,1.939196511,0,0,0,1247.4,1247.4,106.4,806.1,1,8.981049162,0.109859929,3.350727822,64.13073332,22.87833013,0.549299643,0,0,0,0,64.13073332,3,9676.375686,267.9049864,12.85043252,125.3066788,308.5956633,28.07652227,1110,8.543934184,0.777340666,16431,1.924171592,454.9169002,5.327357897,27,0.747535531,0.33892631
NP0548401,Lumbini,Rupandehi,Kanchan,0,58.65674976,83.26044383,27.64269089,137.6876118,898.2899475,18725.5152,1560.4596,2411.489568,1425.461782,2073.018295,1410.716393,117.5596994,126.8104667,102.6328278,174.717804,72.0849762,14.16998717,2.503054317,24.81626255,163.7098425,0.03435842,-0.117571603,0.409028724,14.33658957,0.244415001,2,1237.5,1237.5,204.4,204.5,1,35.66170176,0,2.02020202,60.31501455,1.71203561,0.239684985,0,0.051361068,0,0,60.31501455,2,9913.888544,169.0153066,125.4922601,640.4262085,244.5993596,67.55533381,385,4.170012158,1.151706054,3612,0.24427785,61.57859095,0.416453096,0,0,4.487304216
NP0548402,Lumbini,Rupandehi,Suddhodhan,0,57.70239649,83.36864734,27.62229709,149.5279323,965.5351563,20335.79879,1694.649899,2611.578548,1576.318376,2273.657562,1507.960421,125.6633684,116.6288463,99.5,141.457077,41.95707703,6.192449063,1.232698449,20.46068883,225.6538911,-0.135827931,-0.132762495,0.038146721,31.17179686,0.540216676,10,1258.4,1258.4,104.9,300,1,17.91508457,0.172592337,3.382809803,72.04004142,4.124956852,2.019330342,0,0.345184674,0,0,72.04004142,2,31156.13697,539.9452858,432.7241245,2802.572998,197.6991783,43.98504487,303,3.426186612,0.762274144,4047,0.341705249,70.13573518,0.592185542,0,0,3.616140971
NP0548403,Lumbini,Rupandehi,Gaidahawa,0,97.04958393,83.27551154,27.57985973,131.9992183,891.3365479,17951.89369,1495.991141,2306.795085,1376.181801,1990.997887,1347.455845,112.2879871,109.0617299,95.15278625,136.3131561,41.16036987,5.381399158,1.408223731,19.04183891,182.7440893,-0.006783267,-0.141524322,1.609253309,35.62888654,0.367120446,12,1237.5,1237.5,204.4,204.5,1,18.54188211,0.041365047,2.057911065,76.60806618,1.861427094,0.56876939,0,0.320579111,0,0,76.60806618,2,58422.91158,601.9903353,1007.291579,9549.988281,254.4329638,79.81830662,264,2.621680109,0.822448725,5241,0.279578387,54.00332271,0.288077883,76,0.783104851,0.600656235
NP0548404,Lumbini,Rupandehi,Siyari,0,66.51320403,83.39590787,27.56685759,129.0224952,861.7262573,17547.05934,1462.254945,2228.01622,1357.505411,1932.782227,1315.410281,109.6175234,110.5199846,98,137.3883514,39.38835144,4.875886628,1.257093716,24.53533504,213.4183956,-0.081806139,-0.12397889,1.221575263,21.65829112,0.325623933,4,1258.4,1258.4,104.9,300,1,18.86963075,0.03014318,1.974378297,73.35342879,3.888470234,1.130369254,0,0.753579503,0,0,73.35342879,2,29816.57111,448.2804812,208.5074903,2342.224609,203.221247,85.33859269,300,3.05535194,1.283032353,1820,0.213652571,27.36298794,0.321218281,15,0.225519131,1.844471254
NP0548405,Lumbini,Rupandehi,Mayadevi,1,72.63892684,83.36236236,27.51485359,111.1533338,750.1530762,15116.85339,1259.737783,1910.810275,1185.782432,1682.274806,1144.142054,95.34517119,102.3614295,93.5,118.3866119,24.88661194,2.836538791,1.272129029,16.81138092,211.258242,-0.052264161,-0.086100743,0.738964535,25.70944114,0.35393476,5,1258.4,1258.4,104.9,300,1,14.25432573,0.054929964,2.55424334,75.63856083,5.190881626,1.483109036,0,0.823949464,0,0,75.63856083,3,32761.45703,451.0179109,86.21436061,6072.581543,205.161745,54.65627983,359,2.824404957,0.752437876,6031,0.54728004,83.02710767,0.753425283,5,0.068833616,0.874002674
NP0548406,Lumbini,Rupandehi,Om Satiya,1,48.64727886,83.51015364,27.53455618,123.2671309,786.8838501,16764.3298,1397.027483,2048.915195,1304.851655,1797.989227,1284.824772,107.068731,110.4274216,101.6906738,132.5744934,30.88381958,2.153492354,0.956646578,22.6512308,198.3839629,-0.045218603,-0.136059275,0.026009875,16.29214477,0.334903517,5,1212.7,1212.7,137.8,420.5,1,6.289825283,0.020554985,1.418293936,85.85817061,5.632065776,0.698869476,0,0.082219938,0,0,85.85817061,3,27592.39849,567.1930504,75.80329256,1668.329834,178.2707698,36.56535984,383,3.664557895,0.751642449,4491,0.531829934,92.31759936,1.093236757,1,0.020556134,2.638996745
NP0548407,Lumbini,Rupandehi,Rohini,0,64.76754971,83.54789514,27.49614058,130.4883268,837.5885417,17746.41245,1478.867704,2181.375392,1375.950812,1902.553314,1372.352534,114.3627112,106.1724959,98.86954498,121.3698654,22.50032043,2.104935295,0.901360728,17.88025728,186.2812049,-0.015154569,-0.137682441,0.174832954,23.91924837,0.369309145,8,1212.7,1212.7,137.8,420.5,1,5.781946794,0.153775181,1.199446409,89.32800246,2.967860987,0.492080578,0,0.07688759,0,0,89.32800246,2,152394.9384,2352.952043,3386.554187,16594.44336,189.9684567,24.65976311,514,2.933080802,0.380742567,1582,0.254093578,24.42581211,0.392316182,1,0.015439831,3.174534122
NP0548408,Lumbini,Rupandehi,Kotahimai,0,58.39596119,83.35025581,27.4470456,116.9242501,816.6640625,15901.69802,1325.141502,2032.535093,1256.696411,1808.639999,1210.608301,100.8840251,97.11946031,90.5,111.1874161,20.68741608,2.216740857,1.16932433,22.19512819,221.3421874,-0.059133473,-0.067210348,1.770135771,18.08831229,0.309752797,4,1227.1,1227.1,131.5,431.5,1,11.39131927,0,0.754846457,83.90804598,2.401784183,0.583290444,0,0.943558072,0.017155601,0,83.90804598,2,43971.57775,752.9900503,314.0826982,1259.40686,142.8331398,21.587334,216,2.445942097,0.369671696,5576,0.266100503,95.48605566,0.45568306,10,0.17124472,2.739281556
NP0548409,Lumbini,Rupandehi,Sammarimai,0,50.91759935,83.30425261,27.38959025,115.6825423,795.1391602,15732.82575,1311.068812,2014.273017,1226.550333,1760.726547,1217.693487,101.4744573,92.36239147,85.78375244,105.2919846,19.50823212,1.909493776,1.011112292,16.42665272,203.9030505,-0.025096759,-0.056625916,1.415840767,1.799456854,0.035340567,2,1220.7,1220.7,85.4,1067.2,1,9.684418146,0,0.532544379,86.05522682,2.426035503,0.177514793,0,1.124260355,0,0,86.05522682,2,68453.09872,1344.389751,866.4949206,3074.254639,112.7538173,31.17809386,106,2.214437026,0.612324506,5354,0.280291839,105.1502834,0.550481253,7,0.137477023,3.49905545
NP0548410,Lumbini,Rupandehi,Marchawari,0,48.6750936,83.35111548,27.37332686,117.0615466,802.5946045,15920.37034,1326.697528,2076.255207,1248.587468,1824.677025,1251.728649,104.3107208,92.64614995,85.5,107.3854141,21.88541412,2.500030648,1.249737547,18.1751969,210.9627047,-0.040971333,-0.068288396,1.761688516,12.69159464,0.260741042,6,1231.5,1231.5,176,982,1,12.45383668,0,0.123102175,85.24825605,2.174805088,0,0,0,0,0,85.24825605,2,22918.71728,470.8510161,140.6056275,1002.988037,118.8775255,13.00931723,149,2.442265987,0.267268458,5411,0.271292093,111.1656825,0.557352998,10,0.205443878,2.503789364
NP0548599,Lumbini,Rupandehi,Lumbini Sanskritik,0,7.876775918,83.27604155,27.48419927,118.918957,818.2438965,16172.97816,1347.74818,2047.977184,1271.829336,1824.023773,1228.561226,102.3801022,99.09189945,92.48240662,118.5442123,26.06180573,3.169370576,2.973731571,20.1040294,240.2511975,-0.031448075,-0.017973184,0.474557002,2.32058296,0.294610763,2,1237.5,1237.5,204.4,204.5,1,65.37530266,2.300242131,6.779661017,20.33898305,3.87409201,0.847457627,0,0.484261501,0,0,65.37530266,3,5607.545303,711.9086999,60.29618606,1039.336792,64.09191464,18.77844656,240,8.136820866,2.384027012,273,0.104329448,34.65885063,1.324519695,1,0.126955497,0.269112093
NP0549301,Lumbini,Kapilbastu,Shivaraj,0,284.9840613,82.85240175,27.69357589,129.6296875,857.3103231,17629.6375,1469.136458,2257.842518,1360.995951,1970.76076,1387.968465,115.6640387,248.4902278,102.0402832,1000.115479,898.0751953,185.8988844,8.886944162,62.32883001,166.5351923,0.038530529,-0.160926588,1.870973099,80.7730256,0.283429976,16,1278.8,1278.8,152.1,152.1,1,67.20496024,0.080568886,2.073773076,28.04147546,1.44673696,1.068413494,0,0.084071881,0,0,67.20496024,2,67374.66672,236.415561,67.17314728,6066.799805,622.1713978,68.02664707,1224,2.183179631,0.238703339,12638,1.19929086,44.34633973,0.420827346,6,0.021053809,2.421247757
NP0549302,Lumbini,Kapilbastu,Buddhabhumi,1,367.7960149,82.99761475,27.68562499,122.0841924,795.6657061,16603.45016,1383.620847,2194.562284,1301.210651,1950.351361,1269.709478,105.8091232,202.540482,95.5,1273.298828,1177.798828,193.689319,6.285674884,61.48324079,175.6933747,0.01195539,-0.158756067,0.582046839,156.8444757,0.426444195,40,1278.8,1278.8,195.3,195.3,1,73.5394253,0.177039357,2.159880158,22.03459077,0.83344682,0.915157293,0,0.329565573,0.01089473,0,73.5394253,2,63108.35022,171.5851931,521.5566134,7021.887695,590.2792126,101.9235489,844,1.604909212,0.277119775,9367,0.729544866,25.4679214,0.198355837,12,0.032626781,2.074104251
NP0549303,Lumbini,Kapilbastu,Banganga,1,234.3329827,83.15760996,27.68496248,137.1891709,901.759504,18657.72724,1554.810603,2440.80975,1417.658168,2106.118391,1413.930362,117.8275302,150.2776796,107.5805893,494.9854431,387.4048538,43.47390227,3.465592137,48.85333186,200.5901758,-0.067718382,-0.180255676,0.133859953,111.7778607,0.477004387,23,1294.4,1294.4,213.8,213.8,1,58.47059828,0.379790049,2.137919263,35.97337202,1.916019459,1.002816421,0,0.11948451,0,0,58.47059828,2,52048.49875,222.1134137,272.5052291,5163.091797,770.1243341,127.7952385,1668,3.286453,0.545357452,30284,2.309739092,129.2349017,0.985665383,3,0.012802295,2.031994403
NP0549304,Lumbini,Kapilbastu,Krishnanagar,1,96.96459052,82.81539731,27.52965708,120.7425182,825.224467,16420.98247,1368.415206,2100.259015,1273.792056,1845.173869,1264.154995,105.3462496,102.3690244,93.64392853,119.1505356,25.50660706,3.423447533,1.174701052,17.28541333,183.7788912,-0.007534374,-0.114070946,1.288617742,39.60342476,0.408431826,6,1260.1,1260.1,106.6,289.7,1,11.93069821,0.072621641,4.295051354,79.62444237,2.666251686,1.348687623,0,0.062247121,0,0,79.62444237,2,68995.40275,711.5525614,152.9831547,1480.47937,186.6620807,35.65127065,234,1.925054081,0.36767309,1304,0.161414257,13.44820819,0.166467218,7,0.072191302,2.977481224
NP0549305,Lumbini,Kapilbastu,Maharajganj,0,112.5740965,82.93576699,27.54393005,118.9501106,815.8285522,16177.21504,1348.101254,2100.638919,1260.201242,1855.782227,1247.693618,103.9744682,101.6267993,91.29016876,121.7243271,30.43415833,4.306272899,1.04520606,21.06582522,169.1553671,0.020625064,-0.107664646,0.905244909,50.0114266,0.444253413,4,1249.5,1249.5,205.4,205.4,1,10.10118942,0.053257589,2.751642109,83.880703,1.872891887,0.772235043,0,0.568080952,0,0,83.880703,2,43462.59848,386.0799227,388.058915,7045.771484,377.0755098,36.14164353,836,3.349576159,0.3210476,9625,0.779895718,85.49924271,0.692784346,0,0,5.178370702
NP0549306,Lumbini,Kapilbastu,Kapilbastu,0,137.3042749,83.07219564,27.56390228,116.626469,778.1762573,15861.19979,1321.766649,2123.322763,1238.881284,1886.779282,1197.855662,99.82130519,104.1921331,92.46485901,127.0518341,34.5869751,5.255362861,0.905540479,14.2179579,199.7997656,-0.038555483,-0.107093348,0.97544989,57.21728127,0.416718863,11,1214.8,1214.8,350.5,350.8,1,10.03132513,0.12384352,2.658993225,82.24666715,2.833831136,0.757630946,0,0.925183944,0.422524951,0,82.24666715,2,40888.52729,297.7950055,111.4128809,2799.451416,406.1878089,90.09918792,708,2.95830417,0.656200894,22130,1.449033764,161.1748798,1.055344974,8,0.058264755,2.969657146
NP0549401,Lumbini,Kapilbastu,Bijayanagar,0,173.7568548,82.7652729,27.65559601,126.8010251,829.4367676,17244.93942,1437.078285,2224.532407,1345.51647,1946.534877,1356.781377,113.0651148,192.5073743,100.1035309,893.7959595,793.6924286,148.186369,5.882086261,54.52157514,175.4484302,0.014866961,-0.18675349,0.515997535,67.68751959,0.389553089,15,1267.6,1267.6,224.4,224.4,1,54.3876845,0.178736162,2.75599631,40.1579797,0.720710332,1.683579336,0,0.103782288,0.011531365,0,54.3876845,2,31514.58386,181.3717444,643.1547727,3634.903564,341.5353633,36.89893841,483,1.965593609,0.212359613,9949,0.637480104,57.2581727,0.36688055,92,0.529475514,0.976360595
NP0549402,Lumbini,Kapilbastu,Yasodhara,0,67.76113948,83.02619109,27.48254866,113.1908462,773.6240234,15393.95509,1282.829591,2008.459933,1202.101717,1775.890335,1168.12784,97.34398663,95.19477673,83.44483948,110.0378571,26.59301758,1.997185386,0.807569642,14.50870714,184.9777168,-0.00824884,-0.094708892,0.324090789,15.38231484,0.227007913,4,1214.8,1214.8,350.5,350.8,1,5.04288672,0.014788524,1.434486838,90.34309376,2.114758947,0.50280982,0,0.547175392,0,0,90.34309376,2,47529.13984,701.4217913,440.0846281,3023.568848,276.6083031,45.42481237,661,4.082108199,0.670366713,8475,0.693136698,125.0716866,1.02291181,10,0.147577211,0.512291233
NP0549403,Lumbini,Kapilbastu,Mayadevi,1,88.78084265,83.13071839,27.50899806,120.4140234,801.0045929,16376.30718,1364.692265,2159.667652,1261.288481,1890.620827,1242.89883,103.5749025,99.29206612,90.4729538,122.900589,32.42763519,4.395378513,0.746826947,13.54761279,193.5442613,-0.026899189,-0.111663104,0.555959392,37.5837432,0.423331679,9,1234,1234,122.3,122.3,1,4.558212642,0.011227125,0.561356237,92.35432806,2.402604693,0.033681374,0,0.067362748,0.011227125,0,92.35432806,1,75942.65395,855.3946063,325.9341371,13582.71094,155.1138755,31.09907884,145,1.747154801,0.350290422,8906,0.534206949,100.3144342,0.601714213,62,0.698348857,0.502582032
NP0549404,Lumbini,Kapilbastu,Shuddhodhan,0,91.94732684,83.19312937,27.51529482,125.6917496,830.4791463,17094.07794,1424.506495,2238.426896,1297.207516,1921.556549,1310.352762,109.1960635,99.90406946,86.34908295,119.6519089,33.30282593,4.996519295,0.856525115,15.72901156,182.4643711,-0.005277509,-0.122624584,0.061403012,16.99886637,0.184876135,8,1233.8,1233.8,111.6,111.6,1,5.193671577,0,0.785597381,92.11129296,1.723949809,0.163666121,0,0.021822149,0,0,92.11129296,2,31566.94353,343.3155113,457.4919352,6093.333984,152.2413804,40.49932457,148,1.655745584,0.440462229,8020,0.425352938,87.2238517,0.462605008,6,0.065254752,2.713600877
NP0550301,Lumbini,Arghakhanchi,Bhumikasthan,1,159.59712,83.03654348,27.98653808,124.6221605,685.9586283,16948.61383,1412.384485,2151.85404,1242.839142,1809.288025,1406.770881,117.2309067,1089.416302,450.9363098,2232.421875,1781.485565,281.312896,30.02011575,65.11833225,262.6890073,-0.123288044,-0.015817605,0.451566751,63.78687723,0.399674363,22,1639.9,1639.9,156.3,156.3,1,87.07542458,0.006243756,5.713036963,7.117882118,0.012487512,0.056193806,0,0.018731269,0,0,87.07542458,3,8.322041512,0.052144058,4.161020756,4.292870045,295.7387369,36.47626792,237,1.853033043,0.228552169,8345,0.437655796,52.28791096,0.274225372,0,0,5.570404193
NP0550302,Lumbini,Arghakhanchi,Sandhikharka,1,129.7827407,83.1376601,27.97372551,132.3966804,712.0991007,18005.94854,1500.495711,2252.595349,1305.374843,1868.810557,1510.683834,125.8903195,1249.135278,791.4688721,2273.785156,1482.316284,279.9829517,26.72736013,64.14154815,70.84145058,0.088968391,0.03090992,1.106652248,37.45932821,0.288631046,18,1368,1368,221.6,221.6,1,83.22699669,0,7.041279114,9.032208471,0.568836959,0.130678761,0,0,0,0,83.22699669,3,11896.48469,91.66461294,108.1498608,3624.194336,383.9202001,81.68733914,402,2.958176088,0.629416043,10426,0.661422137,80.33425665,0.509637979,4,0.030820739,1.061896841
NP0550303,Lumbini,Arghakhanchi,Shitaganga,0,612.2360386,83.01388706,27.84114644,126.1055845,738.8096785,17150.3595,1429.196625,2210.114173,1273.054613,1876.748899,1379.687252,114.9739376,795.0594255,177.5151062,2268.662109,2091.147003,340.2029334,22.67342801,66.63716441,241.5209901,-0.059616891,-0.032341058,0.751431936,207.7937101,0.339401304,65,1615.8,1615.8,133.8,134,1,94.74838034,0.04580852,1.667102938,2.614357699,0.042536483,0.585694653,0,0.296119364,0,0,94.74838034,1,27898.04053,45.56745891,35.58423537,2682.750977,722.9034261,97.78095683,638,1.180759349,0.159711207,5571,0.472986528,9.099431671,0.077255584,8,0.013066856,6.319033844
NP0550401,Lumbini,Arghakhanchi,Malarani,0,101.3515634,83.09107045,28.06502555,134.1261891,622.1479004,18241.16171,1520.09681,2262.050755,1288.275793,1813.548648,1563.158348,130.2631957,1553.29998,944.5368042,2131.211914,1186.67511,205.9949887,29.71324917,68.16464332,77.73028589,0.030433506,0.006618728,2.14060527,17.68107416,0.1744529,10,1639.9,1639.9,156.3,156.3,1,83.76674547,0,13.30772262,2.886130812,0.009850276,0.029550827,0,0,0,0,83.76674547,2,2775.253174,27.38244069,2775.253174,2775.253174,411.8016843,14.81039916,681,4.063101451,0.146128966,12983,0.637755868,128.0986653,0.62925114,5,0.04933323,1.142905499
NP0550402,Lumbini,Arghakhanchi,Chhatradev,1,87.8560611,83.22547531,27.99520171,140.2074933,714.9886678,19068.21909,1589.018257,2350.699,1351.27869,1899.768885,1602.174884,133.5145737,1080.132401,703.5325317,1801.154907,1097.622375,219.0634267,25.10405234,61.2338272,187.2535952,-0.008653752,-0.067989969,1.072801962,30.93269835,0.352083829,15,1368,1368,221.6,221.6,1,86.50550448,0,4.596527068,8.739076155,0.022698899,0.136193395,0,0,0,0,86.50550448,2,0,0,0,0,197.0717771,40.24708087,233,2.243121017,0.458102496,4701,0.267548607,53.5079759,0.304530619,3,0.034146762,3.297012399
NP0550403,Lumbini,Arghakhanchi,Panini,0,151.8334635,83.24454888,27.88707227,131.3826992,768.6525181,17868.04709,1489.003924,2282.238407,1303.781947,1906.342128,1409.064678,117.4220565,1165.664819,343.6518555,2008.931152,1665.279297,296.918158,29.40670675,61.69027173,38.70248138,0.062256062,0.077701371,1.371050377,48.31097215,0.318183957,20,1344.9,1344.9,267.1,606.4,1,86.16306639,0.059272919,6.737355111,6.849315068,0.059272919,0.131717597,0,0,0,0,86.16306639,3,2341.577148,15.42200971,390.2628581,530.4624023,322.7411988,69.95936494,315,2.125626271,0.460763809,2849,0.188842731,18.76397953,0.124374908,1,0.006586163,5.568333865
NP0551301,Lumbini,Gulmi,Musikot,0,115.0593857,83.29164522,28.16696585,138.7833831,560.0626221,18874.5401,1572.878342,2202.153073,1306.488807,1696.068054,1694.337753,141.1948127,1208.827004,651.0338135,2514.549805,1863.515991,338.5851324,30.98051253,72.72938228,280.9315053,-0.099688382,0.019253811,0.327073757,56.09663268,0.487545039,21,1376.8,1376.8,38.9,1233.4,1,87.91399341,0,5.99098318,5.332061731,0.130050286,0.268770591,0,0.364140801,0,0,87.91399341,3,6782.872437,58.95105727,565.2393697,2461.43335,335.5699598,35.13262836,635,2.916493581,0.305343438,8640,0.479262421,75.09165764,0.416534834,0,0,6.89940879
NP0551302,Lumbini,Gulmi,Resunga,1,83.98788962,83.25819515,28.06770822,148.8962358,703.3784383,20249.88807,1687.490672,2438.3266,1418.742085,1933.722748,1727.116169,143.9263474,1344.120462,658,2340.938477,1682.938477,303.4660365,30.39059245,65.24907815,344.738904,-0.030558231,0.112000818,2.268625747,34.18064956,0.406971168,16,1368.2,1368.2,117.8,117.8,1,92.55116611,0,3.343645883,3.260352213,0.690147549,0.130890052,0,0.023798191,0,0,92.55116611,1,10088.34192,120.1166259,420.34758,825.1737671,285.7631462,51.19185898,517,3.402432749,0.609514767,6729,0.434925286,80.11869366,0.517842856,7,0.083345349,0.718432588
NP0551401,Lumbini,Gulmi,Madane,0,94.79341947,83.07290312,28.17599066,120.0354401,498.4338582,16324.81986,1360.401655,1975.555852,1144.977211,1545.94633,1419.88707,118.3239225,1643.406022,1030.728638,2669.541748,1638.81311,287.7308819,26.9611018,62.48546184,85.60831429,0.128032113,0.009832845,0.820851807,31.94673223,0.33701424,10,1387.3,1387.3,145.8,145.8,1,76.70066239,0,17.31679108,5.929975817,0.042056566,0.010514142,0,0,0,0,76.70066239,3,0,0,0,0,242.3807036,54.81953789,312,2.556935966,0.578305311,5892,0.333656096,62.1562133,0.35198234,8,0.084394044,1.236791495
NP0551402,Lumbini,Gulmi,Malika,0,92.7480417,83.14647135,28.21562075,135.693596,553.8406779,18454.32906,1537.860755,2168.814585,1280.788919,1672.076152,1644.501975,137.0418312,1613.906817,905.2244263,2691.813965,1786.589539,355.8472461,27.96323351,67.09158056,171.8880992,0.01649409,-0.115721204,1.272063054,40.46915551,0.436334339,7,1377,1377,133.3,403.9,1,84.58731351,0,10.70086938,4.615219491,0.064398412,0.032199206,0,0,0,0,84.58731351,2,0,0,0,0,203.3312497,41.32451819,243,2.192296959,0.445556773,6796,0.370421944,73.27378428,0.399385192,3,0.032345696,2.139413791
NP0551403,Lumbini,Gulmi,Dhurkot,0,83.52086946,83.14296676,28.1115452,143.0741714,592.0548706,19458.08732,1621.507276,2360.050051,1346.508221,1822.359324,1700.934782,141.7445651,1292.369425,866.5778809,2045.773682,1179.195801,211.4064299,25.76087851,65.135925,22.82196449,0.101382471,0.240920793,0.945724971,31.61067257,0.378476335,15,1387.3,1387.3,124.8,124.9,1,85.12337585,0,8.21313625,6.603886041,0.023840744,0.035761116,0,0,0,0,85.12337585,3,0,0,0,0,254.4745916,42.87661606,502,3.046838392,0.513364101,5628,0.282503781,67.38435598,0.338243342,4,0.047892222,2.155593496
NP0551404,Lumbini,Gulmi,Isma,0,82.09766842,83.21181567,28.1569211,163.1065727,666.383606,22182.49388,1848.541157,2628.994142,1509.301185,1995.10257,1985.730001,165.4775001,1168.278563,767.3721924,1968.229126,1200.856934,201.7763768,27.14954208,63.09291821,168.7427604,0.014285173,-0.071769021,0.974231378,35.49317254,0.43232863,13,1387.3,1387.3,124.8,124.9,1,83.87948626,0,7.574120754,8.342335854,0.012003361,0.192053775,0,0,0,0,83.87948626,3,0,0,0,0,213.40358,82.12394483,459,2.59938661,1.000320063,4901,0.246510418,59.69718866,0.300264822,2,0.024361228,4.742607757
NP0551405,Lumbini,Gulmi,Gulmi Durbar,0,80.20314548,83.30928244,28.0345847,134.6831862,712.7297363,18316.91332,1526.409443,2210.785041,1312.075423,1790.314092,1526.487608,127.2073006,1157.179296,608.0923462,2151.195313,1543.102966,262.4130629,30.3943077,65.24424964,77.01348231,0.063553966,0.014656838,1.143023754,34.07304634,0.42483429,12,1350.4,1350.4,174,1999.3,1,88.33353953,0,5.888902635,5.183718916,0.049486577,0.222689595,0,0.321662749,0,0,88.33353953,3,0,0,0,0,241.1625966,17.95369703,465,3.006896988,0.223852779,5094,0.317268136,63.51371844,0.395580665,3,0.037405017,0.436902927
NP0551406,Lumbini,Gulmi,Chandrakot,0,105.9788016,83.40562174,28.10813588,132.6487884,591.6919861,18040.23522,1503.352935,2108.717355,1271.441862,1643.917992,1588.2069,132.350575,1472.238143,600,2524.730469,1924.730469,406.5650308,30.49040594,68.43281312,210.9930416,-0.096105299,-0.159990086,0.881601271,41.80658192,0.394480606,21,1369.7,1369.7,132.1,132.1,1,82.55879586,0,11.23236124,5.729068674,0.159924741,0.131702728,0,0.188146754,0,0,82.55879586,3,12658.72382,119.4458102,258.3413024,2861.025391,294.1701871,17.82979034,497,2.775745553,0.168239215,6647,0.35092065,62.72009026,0.331123437,103,0.971892477,0.348564533
NP0551407,Lumbini,Gulmi,Chhatrakot,0,87.23786048,83.34706566,27.98401548,128.4892937,713.2214966,17474.54395,1456.211996,2146.797171,1259.237646,1748.252422,1431.192029,119.2660024,1053.183695,563.1431885,1686.741699,1123.598511,229.95679,27.64910368,68.8397333,288.0036542,-0.039545197,0.012851802,1.126613659,36.41756962,0.41745143,19,1344.9,1344.9,267.1,606.4,1,84.95394063,0.318435119,6.38007506,7.722051632,0.147844877,0.159217559,0,0.318435119,0,0,84.95394063,3,3546.342267,40.65141267,354.6342267,2129.119385,366.2158181,22.22067926,889,4.197900042,0.254713712,7623,0.472907493,87.38178537,0.542089742,7,0.080240391,1.909231272
NP0551408,Lumbini,Gulmi,Ruruchhetra,0,67.52468571,83.42141954,27.98060128,136.1151564,756.6572266,18511.66127,1542.638439,2230.357111,1351.420688,1822.659851,1499.283357,124.9402798,1033.341418,459.5,1660.131104,1200.631104,264.7057661,29.06795673,64.27795204,81.05961542,0.068159414,0.010722705,0.169310421,24.0748207,0.356533621,10,1345,1345,33.1,9506.4,1,89.65873837,0,3.737627419,4.919485892,0.354557542,0.546609544,0,0.782981238,0,0,89.65873837,1,2265.111479,33.54493923,5.778345609,17.18109322,315.9467951,25.7028315,833,4.67898209,0.380643482,7521,0.449866911,111.3814884,0.666225849,14,0.207331583,2.461384867
NP0551409,Lumbini,Gulmi,Satyawoti,1,116.1973245,83.46812513,28.03138177,134.1399999,677.612296,18243.03999,1520.253332,2166.497798,1295.525996,1701.447944,1535.966738,127.9972281,1344.210908,468.6602173,2574.368408,2105.708191,480.5099831,31.43806696,68.4798655,214.9574727,-0.195661696,-0.279875766,0.36250845,55.29823709,0.475899401,23,1350.4,1350.4,174,1999.3,1,81.66338667,0.042782579,13.21126037,3.713527851,0.196799863,0.539060495,0,0.633182168,0,0,81.66338667,2,13289.92465,114.3737578,20.38332001,569.2276001,358.6363948,25.83642902,904,3.086442792,0.222349603,7643,0.424104892,65.77604114,0.364986796,5,0.043030251,3.331790942
NP0551410,Lumbini,Gulmi,Kali Gandaki,0,101.2364835,83.54223228,28.05128042,137.5199606,632.9588623,18702.71464,1558.559553,2150.318881,1303.24981,1629.802689,1592.630279,132.7191899,1298.952743,488.5,2558.198486,2069.698486,408.541853,33.58523412,70.66347633,87.40457693,0.22766443,0.010319957,0.666091638,36.3642391,0.359200931,21,1368.2,1368.2,404.9,6796,1,79.83926296,0,15.12300304,3.832206214,0.127413506,0.186219739,0,0.891894541,0,0,79.83926296,2,1443.22404,14.25596771,43.73406181,269.7567444,365.6528876,27.25540338,741,3.611868716,0.26922511,7081,0.341899501,69.9451399,0.337723604,2,0.019755724,0.544016178
NP0552401,Lumbini,Rukum East,Sisne,1,328.2519891,82.63780177,28.73022246,119.4770078,500.3493456,16248.87306,1354.072755,1792.338423,1088.371221,1310.311491,1539.986886,128.3322405,2893.791603,946.5,5869.678223,4923.178223,1001.347727,34.44502895,69.941496,111.7281556,0.115148617,-0.045888759,1.068344154,88.20147468,0.268700503,34,1761.5,1761.5,76.7,1843.9,1,58.13040063,0,25.10423591,0.716055351,0.045319959,3.054565231,0.942655145,0.250770439,0,11.75599734,58.13040063,3,4106.552368,12.51036553,1368.850789,1690.771362,286.7113963,32.16563224,344,0.873449075,0.09799067,6126,0.324865337,18.66249163,0.098968277,9,0.02741796,5.044762168
NP0552402,Lumbini,Rukum East,Putha Uttanganga,1,562.1145276,82.82136239,28.64546359,110.2408768,443.3770736,14992.75925,1249.396604,1596.807945,992.3154839,1185.673349,1420.600849,118.383404,2795.402202,1214.712036,4927.265137,3712.553101,626.4584908,33.9535128,76.37299848,340.5185743,-0.028066514,0.079339121,2.163449097,185.2178826,0.329502038,77,1778.6,1778.6,137.5,991.5,1,58.28549222,0,38.07740545,0.710109343,0.007065765,0.556428963,0.003532882,0.024730176,0,2.335235202,58.28549222,2,0,0,0,0,383.0440515,0,331,0.681434179,0,5266,0.27742779,9.368197656,0.049354318,18,0.032021944,3.167343806
NP0552403,Lumbini,Rukum East,Bhoome,0,274.5951105,82.69995602,28.5462358,134.2796837,543.8268585,18262.03698,1521.836415,1992.745944,1287.344661,1544.901509,1732.849929,144.4041607,2390.250025,1121.907104,4003.7854,2881.878296,493.8638427,33.26861259,69.86184133,252.7202878,-0.108650513,-0.033798667,0.649293054,82.80494381,0.301552871,31,1770,1770,142.2,142.2,1,81.41718014,0,17.41210584,1.003986952,0.04349402,0.079739036,0,0.04349402,0,0,81.41718014,2,0,0,0,0,385.0042267,40.30610586,319,1.402079688,0.146783771,6727,0.31510179,24.49788705,0.114751421,4,0.014566902,3.03788638
NP0552598,Lumbini,Rukum East,Dhorpatan,0,522.6932927,82.9660349,28.73604273,102.6340627,379.4180559,13958.23253,1163.186044,1441.347759,866.1760102,1007.217466,1329.917635,110.8264696,4126.244382,2031.127808,7100.124512,5068.996704,707.002804,31.56003803,74.6772625,194.2993832,-0.042472094,-0.166632158,0.366399755,144.6841595,0.276805082,48,1817.4,1817.4,134.1,134.2,1,21.89352485,0,37.0744034,0,0,12.09530324,5.352257182,0.195698434,0,23.38881289,37.0744034,5,0,0,0,0,37.81867239,0,16,0.072353468,0,24,0.001303312,0.045916028,0.000249345,2,0.003826336,4.257495943
NP0554301,Lumbini,Rolpa,Rolpa,1,271.3759242,82.62606427,28.33713687,120.4962592,487.062912,16387.49125,1365.624271,1910.094335,1157.554178,1458.154869,1518.030125,126.5025104,1718.028339,724.3248901,3521.113037,2796.788147,473.2062362,32.74501204,74.17125293,235.1715237,-0.034305106,-0.023867964,0.509442133,85.02996383,0.313329062,28,1683.9,1683.9,24.2,730.9,1,89.08100949,0,8.483555294,2.093297035,0.117724965,0.213376499,0,0.011036715,0,0,89.08100949,2,0,0,0,0,685.9457152,44.04098154,776,2.527658698,0.162287726,11317,0.924501645,41.70229925,0.340671947,268,0.987559972,0.25449246
NP0554401,Lumbini,Rolpa,Gangadev,0,124.8651666,82.42107528,28.44505419,123.6813684,481.4628143,16820.66611,1401.722175,1901.166132,1211.190297,1453.431725,1629.167857,135.7639881,2058.479939,1382.322754,2824.537842,1442.215088,252.622068,29.70338624,70.18889708,23.88396956,0.036610365,0.082678429,0.266924457,33.72416888,0.270084683,11,1706.2,1706.2,190.5,190.5,1,82.58146357,0,15.40474114,1.997938635,0,0.015856656,0,0,0,0,82.58146357,2,0,0,0,0,308.0645466,32.43916931,217,2.467177637,0.259793585,6924,0.521501683,55.45181407,0.417651854,142,1.137226689,0.550605549
NP0554402,Lumbini,Rolpa,Pariwartan,1,163.624327,82.54984506,28.48077697,137.0856328,543.2104085,18643.64605,1553.637171,2124.001523,1330.697691,1612.067899,1787.030626,148.9192189,2040.110461,1197.558594,3051.147217,1853.588623,339.1254314,31.47853815,69.9176276,198.0709455,-0.016288444,-0.049920267,0.410091579,39.3486547,0.24048169,18,1715.2,1715.2,210,210,1,79.83831753,0,19.43836616,0.705081449,0,0.018234865,0,0,0,0,79.83831753,2,0,0,0,0,414.2571164,17.46896613,366,2.531757496,0.106762646,7017,0.481270828,42.88482117,0.294131586,182,1.112304041,0.335142082
NP0554403,Lumbini,Rolpa,Thawang,0,191.7241522,82.74168238,28.46365688,129.3071416,517.0221514,17585.77126,1465.480938,1962.592652,1244.365747,1524.483649,1653.060532,137.7550443,2533.608521,1318.957764,3621.394775,2302.437012,393.8359262,31.25513994,67.01133321,223.6840038,-0.061249977,-0.064130275,0.896184655,49.03176208,0.255741186,23,1770,1770,101.1,101.1,1,76.28251632,0,22.67592497,0.792828272,0.025909421,0.222821018,0,0,0,0,76.28251632,2,0,0,0,0,249.274633,0,328,1.300173349,0,2760,0.188533443,14.39568238,0.098335781,185,0.964927986,0.560278743
NP0554404,Lumbini,Rolpa,Madi,0,129.5273692,82.49802822,28.39259181,123.2792761,492.142189,16765.98155,1397.165129,1925.394876,1194.147842,1456.890095,1585.855173,132.1545978,1861.527876,1036.527344,2733.31543,1696.788086,334.9757695,31.10651589,66.71079587,46.03920438,0.106600776,0.102802303,0.128615016,45.08622784,0.348082634,15,1706.1,1706.1,71.2,281.1,1,86.72681398,0,11.56051686,1.682085786,0.015291689,0.015291689,0,0,0,0,86.72681398,2,0,0,0,0,274.3068778,28.69669135,236,2.117752252,0.221549249,6636,0.500616543,51.23241553,0.386494797,105,0.810639486,0.260102189
NP0554405,Lumbini,Rolpa,Sunchhahari,0,278.4952063,82.82381816,28.37587647,122.0163365,493.3428428,16594.22176,1382.851814,1904.11591,1165.996085,1459.073957,1532.662191,127.7218493,2221.535527,871.9391479,3660.99292,2789.053772,591.3131276,32.15157562,71.3759676,222.3840175,-0.065944742,-0.072259177,1.203310116,74.21732789,0.266494095,23,1693.8,1693.8,135.6,135.7,1,83.18287244,0,15.83942908,0.856378234,0.010704728,0.110615522,0,0,0,0,83.18287244,2,0,0,0,0,383.3937624,0,470,1.376661981,0,3859,0.24043018,13.85661194,0.086331892,295,1.059264193,0.125512156
NP0554406,Lumbini,Rolpa,Tribeni,1,206.1535728,82.46654432,28.29644027,118.2578001,484.6028824,16083.06081,1340.255067,1883.595083,1145.900563,1450.855843,1497.704529,124.8087107,1623.774819,839.5,2821.158691,1981.658691,274.152481,29.4999329,69.40436462,120.3044479,0.04092234,-0.023917346,0.035662065,65.92240608,0.319773289,21,1683.7,1683.7,208.7,208.8,1,79.23963912,0,15.96950837,4.699184638,0.053070874,0.038596999,0,0,0,0,79.23963912,2,316.5431366,1.535472475,22.61022404,45.72730255,454.1105127,114.4780081,311,2.202777796,0.555304507,6208,0.394771675,30.11347277,0.191493977,183,0.887687744,0.224752332
NP0554407,Lumbini,Rolpa,Sunil Smriti,1,157.0864568,82.70690226,28.24732607,126.1374676,546.3059133,17154.6956,1429.557967,2067.017212,1239.094989,1652.289241,1530.707322,127.5589435,1383.870925,652.1060791,2958.419922,2306.313843,392.2607543,31.56551604,67.54439798,85.80730857,0.091151843,0.006682083,1.144206754,54.31331947,0.34575431,16,1667.5,1667.5,384.6,631,1,86.77691187,0,7.337008173,5.379205474,0.05702338,0.430843312,0,0.019007793,0,0,86.77691187,3,4556.075699,29.00361872,134.0022264,368.6376343,438.745739,28.54773648,481,2.793020786,0.18173264,7205,0.451859262,45.866462,0.287650044,153,0.973985938,0.496225926
NP0554408,Lumbini,Rolpa,Lungri,0,135.6707952,82.81669625,28.27331672,108.8854709,455.2578964,14808.42404,1234.035337,1776.700953,1025.427142,1361.355827,1320.085153,110.007096,1683.660952,781.8743286,2943.534668,2161.660339,410.5580124,31.61665554,72.92638803,297.4767015,-0.172651564,0.089787502,0.466854105,47.88864371,0.352976804,16,1667.5,1667.5,384.6,631,1,84.64353682,0,11.97482067,3.359683794,0.014639145,0.007319573,0,0,0,0,84.64353682,2,0,0,0,0,227.4649718,8.664273968,254,1.676594963,0.063862484,7322,0.49933385,53.96887363,0.368048149,165,1.216179206,0.239805477
NP0554409,Lumbini,Rolpa,Runtigadhi,0,233.5503275,82.51980177,28.18702921,135.3378469,655.1975861,18405.94718,1533.828932,2229.410823,1350.770379,1813.530766,1637.684777,136.4737314,1449.260067,747.4728394,2154.136475,1406.663635,254.8881853,27.69747279,63.21631157,158.2523812,0.017401186,-0.043621683,2.229134371,60.30791913,0.25822237,28,1643.4,1643.4,258.4,258.5,1,82.7109385,0.029874952,12.22312321,4.95924203,0.017071401,0.059749904,0,0,0,0,82.7109385,2,10616.08438,45.45523225,884.6736984,3171.307373,650.7976497,53.06914358,549,2.78654137,0.227227871,9279,0.547557301,39.73019476,0.234449383,225,0.963389786,1.153772536
NP0555301,Lumbini,Pyuthan,Sworgadwari,1,225.4676211,82.69392572,28.13397526,125.4929476,565.8414642,17067.04087,1422.253406,2130.189226,1235.495046,1709.948253,1489.959314,124.1632761,1215.249343,552.5,2121.955811,1569.455811,345.0257552,30.3394078,64.9868511,229.3970623,-0.024217333,-0.020758918,0.450072167,72.10948183,0.319821895,29,1643.2,1643.2,189.6,1955.3,1,86.60176991,0,5.867256637,6.615044248,0.110619469,0.597345133,0,0.207964602,0,0,86.60176991,3,17713.60175,78.56383839,88.12737188,524.8140869,572.996806,46.99304526,565,2.5413707,0.208424806,11656,0.667420501,51.69700174,0.296016119,2,0.008870453,2.345172399
NP0555302,Lumbini,Pyuthan,Pyuthan,1,129.3755369,82.85101325,28.12551741,112.8683182,499.7147766,15350.09128,1279.174273,1910.072657,1083.49961,1491.735382,1337.681739,111.4734782,1208.229191,528.5,2435.439209,1906.939209,329.7922019,28.8068455,64.43805481,182.9328494,-0.007894228,-0.154085934,1.161294515,42.15081264,0.325802031,17,1639.9,1639.9,230,743.8,1,78.89887123,0,9.022498656,10.48913461,0.468402058,0.95216156,0,0.16893189,0,0,78.89887123,3,27927.48425,215.8637168,429.6536038,1932.405273,320.20266,17.52583575,320,2.474986135,0.135464835,9856,0.604174957,76.18132638,0.466993198,1,0.007729437,5.243858737
NP0555401,Lumbini,Pyuthan,Naubahini,1,214.0737394,82.91607659,28.25245943,113.1982206,461.0947178,15394.958,1282.913167,1828.704494,1064.478259,1382.156285,1387.764606,115.6470505,1897.207505,852.5170898,3624.7771,2772.26001,481.4595697,31.47060045,69.35647451,153.3262417,0.032669383,-0.065030019,0.840385833,72.89853675,0.340530029,34,1676,1676,217.2,217.3,1,82.4900195,0,14.16767245,3.124129607,0.027852567,0.190325875,0,0,0,0,82.4900195,2,13096.07966,61.17555426,181.8899953,2737.722412,384.2789242,20.60575032,365,1.795077366,0.096255386,7415,0.436912298,34.63759741,0.204094299,1,0.004671288,4.502332583
NP0555402,Lumbini,Pyuthan,Gaumukhi,1,139.4444253,83.01976383,28.25395854,108.3795726,434.3301849,14739.62187,1228.301823,1734.635751,1012.317641,1313.525158,1334.182678,111.1818898,1952.889119,1007.557495,3306.612061,2299.054565,464.493142,30.19255099,72.27914851,187.5752622,-0.008294739,-0.062371581,0.67876244,47.40786627,0.339976777,27,1688.6,1688.6,150.2,150.2,1,72.95871069,0,22.34186693,4.335734151,0.028524567,0.33516366,0,0,0,0,72.95871069,2,0,0,0,0,343.7042286,50.76727522,435,2.46481154,0.364068159,9601,0.418895795,68.8518023,0.3004034,0,0,6.301481443
NP0555403,Lumbini,Pyuthan,Jhimaruk,0,107.2478882,82.98222427,28.1443263,116.4453601,498.0225403,15836.56898,1319.714081,1937.641081,1118.354385,1534.437619,1373.447974,114.4539979,1378.427652,842.2938843,2251.90625,1409.612366,248.5946663,29.35489715,67.86382179,28.12875999,0.025145459,0.04703642,1.323431258,42.56489657,0.396883307,20,1675.8,1675.8,146.4,296.4,1,73.73070485,0,17.46326948,8.257392598,0.046494328,0.502138739,0,0,0,0,73.73070485,3,519.1072998,4.840256612,519.1072998,519.1072998,260.9478369,29.95688486,277,2.433127974,0.279323774,7711,0.441044018,71.89885165,0.411237951,1,0.009324193,5.967602458
NP0555404,Lumbini,Pyuthan,Mandavi,1,113.4557576,82.75921615,28.04470923,115.1465589,519.9602844,15659.93201,1304.994334,1965.550351,1114.02961,1545.740485,1374.036864,114.503072,1015.471593,482.1090393,1892.865967,1410.756927,283.7687428,29.67758308,64.76144057,57.81198921,0.067933807,0.042760351,0.466102268,49.81940669,0.439108669,12,1643.4,1643.4,258.4,258.5,1,90.07160321,0.008732099,3.562696472,5.10827803,0.10478519,0.75969263,0,0.384212365,0,0,90.07160321,2,10740.71283,94.66873307,383.5968868,657.8650513,255.6023294,52.06548683,330,2.252881078,0.458905638,4809,0.305294422,42.38656638,0.26908676,48,0.423072403,1.233455513
NP0555405,Lumbini,Pyuthan,Mallarani,1,80.33139469,82.91160329,28.07190182,119.8211334,542.8873494,16295.67414,1357.972845,2095.83843,1152.798313,1666.302917,1395.575886,116.2979905,1221.38951,692.2219238,2012.12085,1319.898926,268.4118757,30.34672071,64.87154601,217.548037,-0.048163653,-0.062659251,0.316459758,25.35961479,0.31568747,8,1639.9,1639.9,156.3,156.3,1,82.94862249,0,9.89079176,6.490444279,0.099280218,0.496401092,0,0.074460164,0,0,82.94862249,3,11239.4672,139.9137566,30.29505984,3155.147461,183.4983524,24.08779401,212,2.284266981,0.299855294,5822,0.352486801,72.47477804,0.438790839,1,0.012448433,3.268052444
NP0555406,Lumbini,Pyuthan,Sarumarani,1,158.4885567,82.82937169,27.94800002,126.6126117,655.0550639,17219.31519,1434.942932,2232.104797,1258.202561,1832.837453,1492.331606,124.3609672,744.5267363,316,1808.766968,1492.766968,310.8844538,23.835633,65.86022217,164.2595032,0.022815496,-0.080949038,0.636369679,54.59214641,0.344454815,18,1601.2,1601.2,88.2,3625.1,1,91.81242555,0.081499593,2.024951414,4.620399975,0.050153595,0.714688734,0,0.695881136,0,0,91.81242555,1,5848.696648,36.9029586,89.97994843,393.7868652,243.9620379,26.49978107,224,1.539303802,0.167203119,5228,0.781731576,32.98660868,0.493241652,26,0.164049699,1.123642588
NP0555407,Lumbini,Pyuthan,Aairawati,1,157.2243672,82.92222134,27.99203114,124.5835292,642.0622864,16943.35997,1411.946664,2207.514011,1219.42812,1797.846158,1442.562902,120.2135752,990.9634539,369.5,1710.021362,1340.521362,286.2792457,31.37995438,64.60372239,132.8006876,0.032150739,-0.029772627,2.268534908,37.97167254,0.241512643,17,1639.9,1639.9,230,743.8,1,90.53563467,0.006369021,3.29915292,4.942360359,0.070059232,0.94261512,0,0.203808675,0,0,90.53563467,1,9019.869212,57.36941018,501.1038451,1834.234619,288.2770094,30.35994623,253,1.833539003,0.193099497,6967,0.364565606,44.31246965,0.231876021,3,0.019081012,3.66568691
NP0556201,Lumbini,Dang,Tulsipur,1,386.1661557,82.30628734,28.11149802,128.1383326,608.9661947,17426.81323,1452.234436,2031.882119,1336.076414,1728.51356,1599.238061,133.2698384,778.1012231,546,2072.180176,1526.180176,276.378014,11.41782933,66.27000593,202.9618091,-0.09014741,-0.21276819,0.383943537,149.9561854,0.388320372,27,1629.7,1629.7,217.5,217.5,1,54.33656287,0.282368789,4.657789752,38.05502306,1.766747837,0.808248277,0,0.093259417,0,0,54.33656287,2,171345.5353,443.7093535,226.0495188,5305.67041,1489.031833,101.4546298,2733,3.855935614,0.262722738,63876,3.333794337,165.4106634,0.863305675,225,0.582650749,0.502788243
NP0556202,Lumbini,Dang,Ghorahi,1,524.1648843,82.47682199,28.02324442,135.9399635,671.5938399,18487.83503,1540.652919,2194.456352,1411.226661,1885.025766,1632.327419,136.0272849,782.5819748,279.0909424,1852.248413,1573.157471,266.5140215,15.22700721,66.33946909,224.112591,-0.1133713,-0.116938674,0.657637098,166.4476624,0.31754829,36,1650.6,1650.6,178.8,178.9,1,65.89296981,0.118540046,3.959619907,28.10928627,1.426304418,0.405330478,0,0.087949066,0,0,65.89296981,2,61223.539,116.8020614,36.07751267,1387.95105,1584.385804,136.4448528,3268,3.022685899,0.26030903,62106,4.025196353,118.4856175,0.767925604,381,0.726870516,0.437275633
NP0556301,Lumbini,Dang,Lamahi,1,327.9203969,82.41668866,27.91326892,137.8000028,700.8541482,18740.80037,1561.733365,2269.801126,1422.869479,1901.00068,1646.301607,137.1918006,375.8206965,207,1035.301147,828.3011475,166.7021533,12.99158071,51.10522499,209.6470957,-0.108266349,-0.190219013,1.185171771,105.3404083,0.321237743,43,1464.5,1464.5,1364.6,5989.7,1,79.53491211,0.26550293,2.667236328,14.08996582,0.729370117,1.04675293,0,1.666259766,0,0,79.53491211,2,43182.11413,131.6847458,127.3808676,11396.0127,451.5968567,81.59861499,823,1.37715391,0.248836656,17121,1.134144752,52.2108419,0.345859777,79,0.240912126,2.316827816
NP0556401,Lumbini,Dang,Babai,1,258.5650658,82.06036333,28.18216087,124.6577252,556.2222519,16953.45062,1412.787552,2078.19597,1259.777014,1610.541008,1666.27804,138.8565034,706.4126125,414.5,1885.293335,1470.793335,206.6551883,16.53980808,64.06974491,160.3063067,0.025025338,-0.069917308,0.005252032,85.09241242,0.329094776,26,1592.4,1592.4,116.5,1368.1,1,84.89756475,0.324700425,2.694240433,9.748743719,0.139157325,1.499806726,0,0.695786625,0,0,84.89756475,2,23806.00056,92.06967109,187.4488233,2373.42627,430.875818,51.43409322,529,1.666411573,0.198921278,11350,0.50870812,43.89610779,0.196742788,102,0.394484845,2.039018103
NP0556402,Lumbini,Dang,Dangisharan,1,111.1613735,82.17516223,28.08475794,125.7811786,575.6016388,17106.24028,1425.520024,2065.374602,1296.853558,1676.168098,1600.88473,133.4070608,680.2068551,529,1238.696167,709.696167,144.1029163,10.04891842,46.36801823,30.91720522,0.045219538,0.075504879,0.073190349,25.50802526,0.229468425,8,1608.3,1608.3,202.1,1147.1,1,66.29122364,0.297350874,4.135880339,27.58154622,0.306361507,0.765903766,0,0.621733646,0,0,66.29122364,2,24234.29321,218.0100196,2423.429321,4141.960449,228.7356702,14.35069211,318,2.057690213,0.12909783,8892,0.452658931,79.9918148,0.407208833,61,0.548751766,0.686263931
NP0556403,Lumbini,Dang,Shantinagar,0,116.5022776,82.1913541,28.18291828,121.5706842,538.1983765,16533.61305,1377.801088,1959.62079,1239.203133,1579.335315,1575.289641,131.2741368,903.6002629,529,2051.923096,1522.923096,345.435373,16.24230374,65.42966611,206.5794378,-0.155962235,-0.311728762,1.220257713,45.64723448,0.391814095,9,1608.3,1608.3,202.1,1147.1,1,69.53613993,0.060018863,3.944096716,25.95387122,0.214353082,0.231501329,0,0.060018863,0,0,69.53613993,2,20494.61044,175.9159637,165.2791164,4014.197021,315.9747752,29.36193993,329,2.712176807,0.252028892,10751,0.507046279,92.2814577,0.435224348,114,0.978521642,0.67764376
NP0556404,Lumbini,Dang,Rajpur,1,579.6454811,82.31084381,27.8387108,132.0266207,695.4995844,17955.62041,1496.301701,2210.812195,1360.503258,1834.915657,1546.737433,128.8947861,403.6471262,180.4989624,873.5808105,693.0818481,141.9044876,15.69102948,62.03584264,21.80300158,0.027427907,0.068564242,1.485223915,135.4042884,0.233598454,39,1464.5,1464.5,1364.6,5989.7,1,90.13537314,0.120868875,2.170459647,5.948475325,0.124322271,0.711399662,0,0.789101081,0,0,90.13537314,2,17025.56732,29.37237997,133.0122447,1431.813599,344.2384198,68.29213044,367,0.593877518,0.117817067,10318,0.48514323,17.80053556,0.083696543,73,0.125939048,1.966383807
NP0556405,Lumbini,Dang,Bangalachuli,1,245.995437,82.66036486,27.98967563,133.2410636,656.5374985,18120.78465,1510.065387,2279.539622,1333.233174,1867.045216,1599.156466,133.2630388,1028.113179,354.7386169,1794.81897,1440.080353,309.889643,26.78960375,65.82699786,163.6480061,0.009071103,-0.030916578,0.817726944,59.3102696,0.241103129,21,1562.8,1562.8,239.2,239.3,1,92.06117399,0.020283153,4.433897205,3.342663584,0.020283153,0.121698917,0,0,0,0,92.06117399,1,10121.82475,41.14639229,289.1949929,2171.109131,423.2868903,0,611,1.720710333,0,9111,0.435582748,37.03727236,0.177069442,234,0.951237157,0.871049793
NP0556406,Lumbini,Dang,Gadhawa,1,359.85213,82.60497305,27.76717317,134.6656608,827.4332386,18314.52987,1526.210822,2288.648498,1391.97178,1935.815838,1523.318258,126.9431882,398.7801592,186.7197723,903.9454346,717.2256622,144.9385558,13.16443792,58.1022269,347.3007228,-0.039374982,0.174730854,0.565402152,89.59380135,0.248973936,25,1567.9,1567.9,105.2,4268.3,1,79.72420696,0.247435292,2.969223498,13.09460925,0.400344741,2.479913259,0,1.084267008,0,0,79.72420696,2,36777.48343,102.2016555,274.4588316,6546.893555,354.3021017,66.84962601,646,0.98457692,0.185769711,15944,0.832674102,44.30708803,0.231393407,59,0.163956234,3.203475464
NP0556407,Lumbini,Dang,Rapti,1,161.6212936,82.69935361,27.86752278,135.9163885,754.9072614,18484.62884,1540.385737,2361.217379,1385.021982,1984.532615,1573.857746,131.1548122,496.2041832,254.5,1196.747192,942.2471924,238.0783592,13.82680632,50.3696,202.1983576,-0.030912683,-0.075755424,1.041800803,59.72732459,0.369551086,20,1576.9,1576.9,175.1,4163.1,1,75.52092994,0.166944908,1.360291844,19.52637111,0.952204291,1.199530081,0,1.273727818,0,0,75.52092994,2,21641.96542,133.905409,29.32515639,258.320282,322.0424308,23.77087257,596,1.992574268,0.147077604,14305,0.858754623,88.50937698,0.531337551,59,0.365050908,1.341497311
NP0557201,Lumbini,Banke,Nepalganj,0,86.36272434,81.64588308,28.06032508,98.50838312,490.274585,13397.1401,1116.428342,1496.361269,997.4658773,1166.484177,1355.678586,112.9732155,150.1243664,138.0758362,173.1631317,35.08729553,3.893739819,1.245464049,26.50477084,208.6272668,-0.044064677,-0.0807289,2.737072938,19.00590353,0.220070681,3,1416.9,1416.9,168.7,168.7,1,13.20276498,0.264976959,3.14516129,69.76958525,12.91474654,0.576036866,0,0.080645161,0.046082949,0,69.76958525,3,136003.2051,1574.790584,75.51538319,1340.764282,477.9858868,101.0040364,1576,5.534631874,1.169532772,31886,3.288319535,369.2102148,3.807568092,113,1.30843487,0.406248675
NP0557301,Lumbini,Banke,Kohalpur,0,185.1430189,81.71904139,28.21576353,115.6589728,608.0279922,15729.6203,1310.801692,1755.574272,1174.32851,1400.398933,1629.725509,135.810459,257.6878108,144.7084808,1062.570435,917.8619537,169.3962195,6.785422557,60.8624146,218.1688492,-0.124128568,-0.157915864,0.548729747,46.48379318,0.251069651,11,1460,1460,158.7,158.7,1,71.9579288,0.377562028,1.057173679,23.14994606,3.042071197,0.415318231,0,0,0,0,71.9579288,2,63042.80741,340.5086932,97.58948515,465.6956787,574.0450576,50.10037646,1887,3.1005493,0.270603649,23173,2.091392658,125.1626993,1.129609245,2,0.01080246,3.353753537
NP0557401,Lumbini,Banke,Khajura,1,102.429364,81.55745626,28.12652279,94.21132449,420.4879456,12812.74013,1067.728344,1376.658332,954.4044151,1155.985867,1352.763309,112.7302758,147.634299,132.5,168.0045319,35.50453186,4.150734833,1.158261007,22.95985111,221.3339043,-0.077091446,-0.087646698,0.696542115,48.47889368,0.473290976,16,1452.3,1452.3,166.1,166.2,1,16.86103013,0.174927114,1.603498542,78.75607386,2.031098154,0.563654033,0,0.009718173,0,0,78.75607386,2,38599.66133,376.8417553,128.2380775,2272.260742,430.5935555,22.22403868,1018,4.203809714,0.21696941,18118,1.206246529,176.8828712,1.177637429,1,0.009762825,3.932487813
NP0557402,Lumbini,Banke,Baijanath,1,142.3782671,81.63847143,28.23861359,106.3896967,514.5016861,14468.99875,1205.749896,1561.496113,1089.006099,1333.700325,1543.547392,128.6289493,220.6754855,142.5,975.9453735,833.4453735,137.0525684,4.908524633,51.854088,215.71337,-0.11815785,-0.164353103,1.744758203,50.38298843,0.353867128,10,1452.2,1452.2,274.4,416.2,1,44.57323498,0.295047418,1.615735862,51.83702143,0.800842993,0.835967685,0,0.042149631,0,0,51.83702143,2,39471.81886,277.23205,145.6524681,689.4761963,372.8844076,37.5930312,549,2.618969983,0.264036303,11744,0.831879488,82.48449881,0.584274205,1,0.007023544,4.234612136
NP0557403,Lumbini,Banke,Janaki,0,63.64118083,81.60276084,28.09071806,94.2898246,451.0489502,12823.41614,1068.618012,1400.807587,965.1754456,1130.305161,1312.478126,109.3731771,149.2556165,135.3497009,165.8614502,30.51174927,3.767388426,0.872457036,14.72253869,260.2380374,-0.13102993,-0.022543226,0.800214489,19.67238435,0.309114069,5,1452.3,1452.3,166.1,166.2,1,9.830667921,0.062715585,2.289118846,83.85073691,3.63750392,0.313577924,0,0.015678896,0,0,83.85073691,2,34017.33782,534.5177034,117.7070513,863.7800903,291.9999343,81.69685385,605,4.588223073,1.283710528,9080,0.715145151,142.674914,1.123714459,27,0.424253599,0.245218559
NP0557404,Lumbini,Banke,Duduwa,1,91.53383593,81.70455657,28.03054595,106.8103975,538.0079956,14526.21406,1210.517839,1669.014195,1072.810335,1306.034988,1441.621611,120.1351342,143.4012094,129.7924042,173.1771088,43.38470459,8.779547058,1.57705509,24.46562525,152.7355179,0.022928815,-0.044491415,1.169340486,29.33758211,0.32051079,8,1419,1419,218.6,218.6,1,28.95138435,0.087202965,4.185742315,62.20841509,1.645955963,0.784826684,0,2.13647264,0,0,62.20841509,2,34408.39219,375.9089941,195.5022284,4056.949463,305.0512272,29.96463028,646,3.332660803,0.327361243,14750,0.743934854,161.1425966,0.812743011,24,0.262198123,0.309042562
NP0557405,Lumbini,Banke,Rapti Sonari,1,1046.471846,81.92301935,28.07304827,122.1061852,583.083275,16606.44118,1383.870099,2023.221938,1228.966923,1575.599694,1598.026962,133.1689135,311.1790177,129.7529907,1235.127686,1105.374695,189.007312,10.35520467,66.76723946,237.0480525,-0.08591308,-0.055690222,0.811205272,315.6957703,0.301676315,87,1464.5,1464.5,1364.6,5989.7,1,87.20065034,0.43324407,1.833397093,7.649196634,0.140589135,1.347551645,0,1.395371079,0,0,87.20065034,2,55910.13682,53.42727281,140.4777307,6575.869141,1134.651396,142.0319708,1611,1.084263662,0.135724598,28856,1.718447404,27.57455932,0.164213439,40,0.038223675,4.815633018
NP0557406,Lumbini,Banke,Narainapur,1,173.1379725,81.86157783,27.92787086,114.9362395,565.8638306,15631.32857,1302.610715,1843.053389,1167.907124,1477.488783,1475.347853,122.9456544,171.4828199,127.573288,436.3780212,308.8047333,45.89901908,4.049208439,39.24166107,206.1601153,-0.103530676,-0.210772365,0.896774258,63.18773319,0.36495595,14,1427.1,1427.1,134.2,439.7,1,62.70812786,0.145036839,1.328537449,32.81893601,0.806404827,0.46991936,0,1.723037652,0,0,62.70812786,2,23437.61446,135.369579,450.7233549,3092.239502,446.5565891,38.0803754,716,2.579194977,0.219942366,12593,0.706550678,72.73390011,0.408085337,45,0.259908322,1.795761494
NP0558301,Lumbini,Bardiya,Rajapur,1,127.7949524,81.13746501,28.42124288,142.0052302,696.13927,19312.71131,1609.392609,2125.837266,1473.197042,1895.910504,2181.797883,181.8164902,148.0717849,139,169.0073853,30.00738525,4.504728094,1.204395532,18.77031912,222.3226716,-0.06135084,-0.06737012,0.953686628,36.94145951,0.289068221,10,1471.9,1471.9,176.3,3133.5,1,19.88958868,0.038877226,0.901951637,73.81230075,1.111888656,0.901951637,0,3.289013296,0.054428116,0,73.81230075,2,44888.36739,351.2530546,137.6943785,807.2686157,461.3250499,71.82870597,1116,3.609884751,0.562062152,30737,1.817200392,240.5181067,1.421965702,31,0.242576091,1.608732029
NP0558302,Lumbini,Bardiya,Madhuwan,1,130.4432859,81.25860506,28.3401878,133.3599343,648.9560669,18136.95107,1511.412589,1984.190359,1384.1553,1760.022949,2027.193299,168.9327749,157.9844999,140.630722,198.5293274,57.89860535,9.295910907,2.32233078,31.4674297,220.370449,-0.046585349,-0.054794834,0.588242593,37.97592764,0.291129799,10,1469,1469,133,133.1,1,46.89839572,0.106951872,2.192513369,47.05118411,1.016042781,0.947288006,0,1.772345302,0.015278839,0,47.05118411,2,24787.47727,190.0249377,160.9576446,1103.475586,532.0561624,36.56298154,1020,4.078831338,0.280297919,23364,1.296477162,179.1123233,0.99390103,4,0.030664668,4.915167535
NP0558303,Lumbini,Bardiya,Thakurbaba,1,105.1323131,81.29594227,28.44226047,140.2912474,668.8157806,19079.60964,1589.96747,2084.570376,1452.279277,1840.23996,2125.187916,177.098993,171.700662,148.5,215.1662292,66.66622925,8.292861053,2.701765559,36.89051588,243.872883,-0.106680135,-0.05232468,0.868859383,51.08000868,0.485864024,12,1496.9,1496.9,171.2,171.3,1,52.42930347,0.246726134,3.131524008,40.85215411,0.730688935,2.220535206,0,0.389068134,0,0,52.42930347,2,35340.65346,336.154056,552.1977103,2253.865234,322.5089883,32.48060916,482,3.067648555,0.30894982,15256,0.950591795,145.1123784,0.904186132,3,0.02853547,2.936215435
NP0558304,Lumbini,Bardiya,Gulariya,1,118.8461063,81.34558267,28.21084031,117.8339197,609.5536906,16025.41308,1335.45109,1753.425587,1217.047009,1542.119548,1786.279343,148.8566119,144.8978807,133.5,180.2470703,46.74707031,4.43247825,1.437816927,28.50256668,183.226023,-0.002542864,-0.04511479,1.461961838,19.03152282,0.160135855,3,1445.2,1445.2,130.8,3529.4,1,23.07178073,0.108632072,3.100192195,67.49394167,2.607169717,1.077964402,0,2.531962898,0.008356313,0,67.49394167,2,56104.40642,472.0761004,176.428951,794.0527954,500.739351,21.23581092,976,4.213342502,0.17868327,25488,1.585974539,214.4622217,1.334477492,3,0.025242729,0.557451146
NP0558305,Lumbini,Bardiya,Barbardiya,1,228.0190425,81.38231058,28.32296792,127.6400912,643.0445421,17359.05241,1446.587701,1897.17107,1314.58617,1673.424991,1930.573192,160.8810993,165.5627241,140.5,212.1914978,71.6914978,12.94011975,2.598372327,26.78103838,215.9363398,-0.060051934,-0.082847816,0.514332048,111.1229909,0.487340836,22,1475.1,1475.1,194.1,3316.7,1,55.00021902,0.442419729,2.006220159,39.80901485,0.438039336,1.349161155,0,0.954925752,0,0,55.00021902,2,52992.99103,232.4059887,378.5213645,804.2410278,760.1694496,35.65465509,1433,3.333798095,0.156367006,28389,1.813021069,124.5027594,0.795118271,0,0,13.53941126
NP0558306,Lumbini,Bardiya,Bansgadhi,1,207.1136607,81.56331397,28.27785389,117.5018582,556.5089783,15980.25272,1331.687726,1711.715504,1198.859866,1497.320764,1740.798466,145.0665388,264.5299348,145.5260925,1336.5896,1191.063507,222.4335294,6.696135671,58.44725561,200.1639258,-0.046680997,-0.127122162,1.388663205,74.92504859,0.36175812,14,1452.2,1452.2,274.4,416.2,1,64.00927671,0.212591197,1.468811905,32.50229502,0.623278736,0.961492004,0,0.222254433,0,0,64.00927671,2,44818.89774,216.3975934,302.8303902,817.362915,508.9408724,61.42013697,813,2.457302288,0.296552805,21894,1.325430638,105.7100721,0.639953267,1,0.004828267,5.858660195
NP0558401,Lumbini,Bardiya,Geruwa,1,78.84188403,81.20054063,28.50151397,145.6826017,691.0650228,19812.83383,1651.069486,2153.312314,1504.682963,1906.684977,2201.434471,183.4528726,164.4677651,145,196.2862854,51.2862854,8.904965259,1.480770162,21.25838742,211.7381058,-0.052736913,-0.085261452,1.994806129,17.26917296,0.219035519,5,1471.9,1471.9,176.3,3133.5,1,25.14142049,0.150848523,2.111879321,65.49340038,0.553111251,1.898177247,0,4.651162791,0,0,65.49340038,2,29142.96272,369.6380811,883.1200825,3069.068848,311.6388093,60.72571674,722,3.952706269,0.770221532,14655,0.734980391,185.8783587,0.932220735,17,0.215621433,1.457617156
NP0558402,Lumbini,Bardiya,Badhaiyatal,0,115.7837973,81.47895372,28.17107821,105.4929256,461.0169067,14347.03789,1195.586491,1538.98308,1072.241264,1339.197718,1569.738617,130.8115514,148.0430622,133,173.5166016,40.51660156,5.280571812,1.430424825,28.68537818,207.2794364,-0.06258078,-0.121354885,0.033754829,42.87788486,0.37032716,11,1442.7,1442.7,248.5,248.5,1,22.65179035,0.095139249,1.167618059,73.7415672,1.089776855,0.640027677,0,0.172980453,0.441100156,0,73.7415672,2,35050.62017,302.724742,130.7858961,811.1540527,459.8499265,22.39088632,853,3.971625886,0.193385317,17377,1.084650197,150.0814484,0.936789276,4,0.034547148,1.747008788
NP0558597,Lumbini,Bardiya,Bardiya,0,902.0862043,81.45438007,28.45684613,138.2157146,666.1229433,18797.33719,1566.444765,2040.448119,1424.058231,1799.432515,2075.319779,172.9433149,410.3085807,149,1583.748779,1434.748779,250.1363413,14.14727282,65.62444065,222.9724283,-0.123097742,-0.132133591,0.225680835,285.236417,0.316196407,70,1495,1495,132.6,3014.7,1,93.73226636,0.463291364,1.832106757,1.251330023,0.00443341,1.323372938,0,1.393199149,0,0,93.73226636,1,2884.745697,3.197860341,320.5272997,680.8582764,202.8803136,22.36824166,137,0.224901248,0.024796124,378,0.025843247,0.419028689,0.002864831,0,0,12.85303883
NP0652301,Karnali,Rukum West,Aathabisakot,1,562.3755333,82.51358932,28.84246402,100.171434,387.5951056,13623.31502,1135.276252,1467.897026,874.9031104,1026.041832,1296.798778,108.0665648,2698.844415,750.5275879,5861.895508,5111.36792,992.8274033,36.52420832,79.0020686,317.5470942,-0.161777825,0.176841116,1.507031717,177.3979363,0.315443909,66,1746.6,1746.6,153.4,5936.9,1,57.71748143,0,30.02487518,1.30550606,0.031755553,3.720692271,0.232874054,0.532787608,0,6.434027839,57.71748143,3,6731.426831,11.9696296,3365.713415,6723.811523,729.9549023,64.59632879,1456,1.297984815,0.114863334,12047,0.59842206,21.42162894,0.10640969,3,0.005334514,5.302266207
NP0652302,Karnali,Rukum West,Chaurjahari,1,107.7948001,82.26219504,28.63575182,127.9828888,498.1441116,17405.67288,1450.47274,1960.435933,1223.622693,1436.630665,1714.216662,142.8513885,1184.992112,669.6739502,2065.817383,1396.143433,305.5681285,25.45818449,61.34834045,249.7637425,-0.177199057,-0.065323902,0.425606125,32.88693396,0.305088315,12,1709.5,1709.5,184.2,184.2,1,71.69793966,0,14.88226637,11.67218543,0.128771155,0.726637233,0,0.892200147,0,0,71.69793966,3,7355.347092,68.23471158,306.4727955,701.440979,316.1141953,55.06925011,506,2.932555143,0.510871119,8592,0.47521597,79.70699882,0.440852407,14,0.129876395,1.231893801
NP0652303,Karnali,Rukum West,Musikot,1,136.5835104,82.47849498,28.61119678,126.1848169,523.892395,17161.1351,1430.094592,1904.369848,1224.462544,1469.911427,1623.989555,135.3324629,1655.674424,825,2862.94873,2037.94873,441.1636111,30.7269942,70.31343685,281.7561878,-0.130201158,0.02709655,0.658734221,35.1643685,0.25745691,14,1736.7,1736.7,176.1,176.1,1,88.0314502,0,9.187536401,1.9583576,0.276645312,0.269365172,0,0.276645312,0,0,88.0314502,2,4910.015409,35.94881545,818.3359014,4859.053711,446.6411525,69.44046248,702,3.270095718,0.508410293,13861,0.856353193,101.4837,0.626981391,3,0.021964584,3.005406092
NP0652401,Karnali,Rukum West,Sanibheri,1,134.3128387,82.34226993,28.67659137,112.7849278,448.5473557,15338.75018,1278.229182,1661.585028,1097.509403,1283.111767,1486.818202,123.9015168,1499.084877,715,2908.125,2193.125,487.086901,32.94570303,71.82630651,241.5361348,-0.098738024,-0.053529772,1.099639126,34.21464053,0.254738422,11,1719,1719,143.1,2738.3,1,81.82554288,0,13.41921237,2.105263158,0.0736106,1.140964299,0,1.435406699,0,0,81.82554288,2,6063.548008,45.14496207,10.0223934,364.686554,393.3739355,39.69789199,754,2.928788784,0.295562899,8229,0.394455934,61.26741181,0.29368446,90,0.670077417,0.602101652
NP0652402,Karnali,Rukum West,Banphikot,0,191.1010655,82.50271412,28.70404481,118.0364852,497.1329498,16052.96199,1337.746833,1771.480713,1101.624871,1317.141401,1501.070788,125.0892324,2204.377822,858.8961182,3888.971436,3030.075317,641.0938117,35.80553156,68.76887067,200.394702,-0.092112758,-0.247753861,0.707607284,43.87877639,0.229610318,18,1736.9,1736.9,277.6,2419.1,1,76.55990879,0,21.90091211,0.974295191,0,0.124378109,0,0.440505804,0,0,76.55990879,2,0,0,0,0,321.0121606,18.87553182,376,1.679803091,0.09877251,7363,0.364162565,38.52935084,0.190560196,12,0.062793998,6.556760641
NP0652403,Karnali,Rukum West,Tribeni,0,85.82596305,82.42006135,28.56451402,126.6612677,487.2695923,17225.93241,1435.494367,1923.67954,1228.295995,1471.274282,1664.29495,138.6912458,1719.386928,1063.246948,2675.51709,1612.270142,292.567517,30.97395189,66.33657939,1.29162044,0.003557999,0.157804729,0.455044459,26.70398265,0.311141078,11,1736.7,1736.7,176.1,176.1,1,85.17919075,0,12.23121387,2.531791908,0.057803468,0,0,0,0,0,85.17919075,2,0,0,0,0,221.2155454,44.47064463,247,2.577489813,0.51814909,7661,0.389708349,89.26203363,0.454068134,2,0.023302972,1.843055823
NP0653301,Karnali,Salyan,Banagad Kupinde,1,339.6538406,82.05367446,28.48933516,117.6760058,516.6204158,16003.93679,1333.661399,1816.419601,1141.223018,1350.711853,1636.771348,136.3976123,1215.082183,508,2334.116211,1826.116211,368.437674,28.33046286,68.73974436,324.2389614,-0.086960691,0.120746952,2.414329232,91.09575532,0.268201753,32,1664.4,1664.4,132.5,132.5,1,77.71204311,0,13.88823805,7.22235239,0.067361762,0.289948454,0,0.820056232,0,0,77.71204311,3,10973.72651,32.30856006,243.8605891,2098.987061,569.1749195,60.33824679,461,1.675749989,0.177646296,11364,0.492998497,33.45759312,0.145147335,26,0.076548524,3.713653164
NP0653302,Karnali,Salyan,Bagachour,0,163.7766399,82.3270346,28.47557928,118.8390721,477.6900024,16162.1138,1346.842817,1817.12753,1164.141722,1389.882805,1596.159547,133.0132956,1662.197156,1172.877197,2452.731445,1279.854248,241.2844696,25.19100261,64.71828816,287.9314454,-0.058728172,0.019004283,0.505825897,50.0627156,0.305676778,14,1649.7,1649.7,165.4,165.4,1,79.39386563,0,15.61587147,4.898977605,0.060856865,0.030428432,0,0,0,0,79.39386563,2,0,0,0,0,315.3066395,79.05784375,216,1.925223522,0.482717461,9754,0.525425563,59.55672313,0.32081838,1,0.006105877,4.720001598
NP0653303,Karnali,Salyan,Sharada,1,199.1592654,82.16216001,28.38169432,101.43917,454.9307607,13795.72711,1149.643926,1577.685842,985.5146884,1229.651611,1372.442372,114.3701977,1432.40337,942.8954468,2405.967285,1463.071838,239.4022852,26.6765576,68.1126327,116.4153552,0.067626189,-0.033592525,0.876385184,48.88784168,0.245471089,20,1634.1,1634.1,117.3,282.6,1,80.15039092,0,12.25038594,7.375130721,0.199193267,0.024899158,0,0,0,0,80.15039092,3,6902.012909,34.65574597,460.1341939,698.9046021,274.6397939,81.65819068,267,1.378995817,0.41001452,11243,0.491537332,56.45230703,0.246806158,1,0.005021107,0.566043394
NP0653401,Karnali,Salyan,Kumakh,1,178.0072326,82.19450644,28.55880786,128.1674602,536.1034973,17430.77458,1452.564549,1976.884636,1242.097825,1479.005493,1747.4361,145.619675,1209.862623,637.5,2527.849609,1890.349609,322.5323418,26.52366175,64.31228468,353.7216949,-0.023735821,0.215745317,0.482848477,51.42008463,0.288865143,18,1699.4,1699.4,115.1,115.2,1,85.40911373,0,8.093033633,5.889899046,0.022310224,0.223102237,0,0.362541134,0,0,85.40911373,3,8322.459656,46.75349162,1188.922808,2004.565186,276.2880875,25.06824489,188,1.5521172,0.140827114,7738,0.348164863,43.47014381,0.19559029,25,0.140443732,1.549399739
NP0653402,Karnali,Salyan,Darma,0,81.77803388,82.31167129,28.55306112,117.7735542,475.6082306,16017.20337,1334.766948,1813.493982,1136.761585,1368.342869,1574.446366,131.2038638,1421.339906,974.6716919,2114.322754,1139.651062,208.6197617,27.09193664,65.47005841,358.767386,-0.002151243,0.099981101,0.754829803,23.03030429,0.281619687,9,1709.5,1709.5,184.2,184.2,1,83.60894942,0,11.57587549,4.778696498,0,0.036478599,0,0,0,0,83.60894942,2,0,0,0,0,113.496855,21.78969602,120,1.387864804,0.266449253,5957,0.266044608,72.84352187,0.325325269,103,1.259506925,0.126857826
NP0653403,Karnali,Salyan,Siddha Kumakh,0,89.73222885,82.17922366,28.4670114,113.9186305,483.4899231,15492.93375,1291.077813,1757.871726,1122.124416,1364.771576,1550.376095,129.1980079,1524.959296,894.7219238,2501.372559,1606.650635,255.5948413,28.10244403,65.0159335,210.0270464,-0.09177496,-0.158785746,1.900197401,26.27387249,0.292803075,9,1634.1,1634.1,117.3,282.6,1,75.24697525,0,19.79131979,4.928404928,0.022200022,0.011100011,0,0,0,0,75.24697525,2,0,0,0,0,95.96864704,29.01722742,53,1.069500315,0.323375757,4577,0.198029717,51.0073143,0.220689622,0,0,4.997064717
NP0653404,Karnali,Salyan,Kalimati,0,446.3318424,81.94636376,28.30110184,115.647387,553.3472036,15728.04464,1310.670386,1824.854631,1142.79946,1385.653493,1600.259484,133.354957,870.9005226,323.5,2401.611328,2078.111328,344.4009526,23.8378261,68.33455206,185.7565278,-0.001912534,-0.01897171,0.878461038,116.2204449,0.260390216,35,1574,1574,132.9,1501.1,1,92.56229831,0.347346719,2.606220868,3.079060595,0.020168519,0.938956615,0,0.445948369,0,0,92.56229831,1,10064.32573,22.54897539,25.03563615,187.9339294,489.6804085,69.63445392,360,1.097121832,0.156014981,7678,0.357147041,17.20244731,0.080018275,2,0.004480971,4.668238558
NP0653405,Karnali,Salyan,Chhatreshwori,1,151.2962155,82.29112266,28.35546243,110.1679166,453.4352061,14982.83665,1248.569721,1738.019014,1079.256919,1350.912989,1457.211283,121.4342736,1563.726074,834.6322632,2805.858398,1971.226135,365.4069415,28.91840928,65.56249299,273.1447531,-0.116813481,0.006417905,0.748674909,46.70315791,0.308686888,12,1622.5,1622.5,157.1,439.7,1,80.98086911,0.032870949,13.43106962,5.403983959,0.078890277,0.072316087,0,0,0,0,80.98086911,3,3398.886414,22.46511192,424.8608017,727.8452148,229.7087616,51.48887857,190,1.518271696,0.340318351,7681,0.389062515,50.76795857,0.25715284,2,0.013219101,1.902580333
NP0653406,Karnali,Salyan,Tribeni,0,119.591174,82.23104902,28.2817402,107.999868,458.1828842,14687.98204,1223.998504,1706.433524,1062.643669,1345.901947,1408.587057,117.3822548,1283.349315,779.3179932,2129.014893,1349.696899,271.8146608,28.04089079,66.04948592,334.8259827,-0.080329895,0.170910852,0.429477212,34.45983689,0.288146991,16,1601.4,1601.4,130.3,694.7,1,89.22589784,0.116656945,4.707941005,5.557870177,0.099991667,0.283309724,0,0.008332639,0,0,89.22589784,2,11379.11665,95.1501375,142.2389582,1097.525757,205.0678611,34.27849758,159,1.714740764,0.286630664,6188,0.287735825,51.74294884,0.240599549,1,0.008361821,3.214880098
NP0653407,Karnali,Salyan,Kapurkot,0,119.6729094,82.35986069,28.25347361,116.9990813,515.665802,15911.87506,1325.989588,1846.985684,1168.292149,1484.962402,1482.137273,123.5114394,1511.461959,744.2904053,2272.683594,1528.393188,225.1154794,28.37565722,67.13131939,260.3044706,-0.06356002,-0.010859409,0.470261374,28.83470501,0.240945968,10,1619.2,1619.2,124.5,564.3,1,84.96296913,0,10.61829075,4.343846218,0.066572356,0.008321544,0,0,0,0,84.96296913,2,14337.47614,119.8055283,85.85315054,4476.948242,264.5150246,88.5058651,171,2.210316652,0.739564748,6532,0.330009572,54.58211077,0.275759629,80,0.668488803,1.04223666
NP0659301,Karnali,Surkhet,Panchapuri,1,331.6286055,81.38261249,28.78958885,117.0480384,508.9653931,15918.53322,1326.544435,1712.165066,1154.969665,1481.15772,1760.338271,146.6948559,712.4412254,194.9876556,1999.733276,1804.745621,392.5575326,21.14053223,68.08451637,273.6090122,-0.048649418,0.003068445,0.935622451,133.9047565,0.403779271,50,1550.3,1550.3,165.3,13713.3,1,86.14220968,0.114055887,4.493201669,6.918390011,0.036017649,0.753369151,0,1.54275595,0,0,86.14220968,2,12436.0291,37.49986852,79.21037645,484.9147034,754.6104324,24.86722032,1209,2.275468461,0.074985149,12931,0.735785966,38.99241437,0.221870476,34,0.102524328,0.884350991
NP0659302,Karnali,Surkhet,Bheriganga,1,257.4354268,81.69185206,28.45754572,132.2229749,614.2156372,17982.32458,1498.527049,1938.525008,1334.698903,1681.037659,1976.959701,164.7466418,748.7653329,373.5,1458.165405,1084.665405,212.3709092,18.92384472,62.19357701,30.02687031,0.148608328,0.257118626,0.222859555,77.20428843,0.299897685,28,1611,1611,108.5,108.5,1,89.82604316,0.015497269,0.960830654,7.799000426,0.185967223,0.395180349,0,0.817480919,0,0,89.82604316,2,16104.10249,62.55589095,447.3361802,3152.476318,605.9216567,73.67256971,789,2.353684045,0.286178832,15439,0.702941805,59.97232079,0.273055583,119,0.462251841,0.821779999
NP0659303,Karnali,Surkhet,Birendranagar,1,246.176385,81.63438769,28.6022341,136.1911223,605.7752414,18521.99264,1543.499386,2021.68939,1397.894322,1785.732747,2065.735691,172.1446409,1032.257729,367,2274.997803,1907.997803,462.2079575,20.50546774,63.96588823,190.1605062,-0.03635049,-0.202829615,0.24188032,76.78026862,0.311891283,29,1561.4,1561.4,454.3,13395.4,1,75.84687525,0.064677824,6.548629639,13.92190153,3.088366076,0.129355647,0,0.400194033,0,0,75.84687525,3,36827.04887,149.5961884,32.44673909,242.6252899,1008.824583,101.3777922,2738,4.09797464,0.411809574,37587,2.963717495,152.6832072,1.203899998,125,0.507766007,0.367457839
NP0659304,Karnali,Surkhet,Lekabeshi,0,181.7840953,81.75147442,28.53984379,124.8485022,539.3038025,16979.39631,1414.949692,1813.763068,1239.8491,1555.885615,1857.475079,154.7895899,920.7164453,415.5,2142.621338,1727.121338,369.23638,22.32855776,65.1071874,224.5215999,-0.168075496,-0.17090594,0.945248382,48.53952458,0.267017445,17,1615.7,1615.7,248,248,1,85.08925638,0.262840872,6.319132625,7.348592706,0.060234366,0.323075238,0,0.596867813,0,0,85.08925638,3,2312.882935,12.72324144,1156.441467,1210.943237,792.3125332,53.26456551,1248,4.358536054,0.293010043,14591,0.663985012,80.26554787,0.365260234,215,1.182721732,0.373821419
NP0659305,Karnali,Surkhet,Gurbhakot,0,229.6438183,81.8917521,28.42893545,118.4949111,550.705129,16115.30791,1342.942326,1830.905168,1163.272102,1392.037123,1683.773901,140.3144918,1019.446255,451.5,2237.657715,1786.157715,425.9243478,24.02993375,67.3799002,261.6259367,-0.106036516,-0.015609066,0.296225842,75.76855769,0.329939461,18,1635.4,1635.4,127.2,12182.8,1,82.10581138,0.303806258,6.64901697,9.613298034,0.203984202,0.308146348,0,0.815936808,0,0,82.10581138,3,14055.08326,61.2038389,143.419217,3043.039551,844.0757559,66.0072881,1146,3.675586663,0.287433333,23761,0.96409595,103.4689293,0.419822296,282,1.227988639,0.632830903
NP0659401,Karnali,Surkhet,Chaukune,0,383.1221849,81.19256308,28.87547293,122.98923,513.923818,16726.53528,1393.87794,1761.117127,1224.113205,1558.464629,1812.16736,151.0139467,715.7902475,212.5,1716.480957,1503.980957,344.335238,22.03698323,67.35929373,192.7831459,-0.013359973,-0.058884309,0.52676704,117.1253818,0.305712868,58,1540.1,1540.1,132.3,13845.7,2,88.32831325,0.160988783,2.170751973,6.205857914,0.005193187,0.984108849,0,2.144786041,0,0,88.32831325,2,10917.74239,28.49676374,41.99131687,766.9387207,510.1803467,2.275813055,548,1.331638748,0.005940176,8705,0.512284548,22.721211,0.133713099,150,0.391520006,0.463713803
NP0659402,Karnali,Surkhet,Barahatal,1,457.423527,81.47388981,28.66231445,122.5441818,581.8174438,16666.00873,1388.834061,1787.910011,1227.80129,1548.536579,1830.247068,152.520589,738.5283853,259,2149.074219,1890.074219,290.1756833,21.85759252,67.91889317,8.51863199,0.016364058,0.109251425,1.729908126,130.0223417,0.284249353,50,1561.4,1561.4,454.3,13395.4,1,90.74802722,0.308688942,3.091237147,4.075998348,0.021738658,0.682593857,0,1.071715832,0,0,90.74802722,1,12060.1146,26.3653133,24.36386788,2518.780273,883.3505256,75.66219941,1163,1.93114362,0.165409506,11096,0.55459341,24.25760667,0.12124287,40,0.087446311,4.965180367
NP0659403,Karnali,Surkhet,Chingad,0,170.9592298,81.83150023,28.6206234,119.0592167,493.3512791,16192.05348,1349.33779,1750.946864,1162.921431,1417.208394,1728.39377,144.0328142,1586.627467,632.1531372,2792.571533,2160.418396,335.8344767,30.92905594,67.58472734,219.7581941,-0.021945499,-0.02637892,0.209641284,47.93753189,0.280403298,19,1615.7,1615.7,248,248,1,73.16520425,0,23.53419722,3.288976698,0.005810913,0.005810913,0,0,0,0,73.16520425,2,0,0,0,0,519.2507923,3.534261612,546,3.037278496,0.020673125,3897,0.20945201,22.7949085,0.122515766,23,0.134535,5.152021668
NP0659404,Karnali,Surkhet,Simta,1,242.7117458,81.95318737,28.55215497,117.361103,484.1207711,15961.11001,1330.092501,1788.946915,1139.298005,1355.210743,1657.437083,138.1197569,1195.841593,500.5,2314.279297,1813.779297,381.9234485,27.20322877,65.78142245,82.2382516,0.199109812,0.027139241,0.384224445,66.30006121,0.273163793,23,1664.2,1664.2,123.9,11758,1,73.72292771,0,17.17420787,7.943944438,0.053425389,0.398635598,0,0.706858998,0,0,73.72292771,3,8902.796228,36.6805331,9.729831943,1400.187378,512.6683268,54.09774789,419,2.11225182,0.222888875,6804,0.309946576,28.03325392,0.127701515,0,0,7.649300676
NP0660301,Karnali,Jajarkot,Chhedagad,1,285.4273875,82.02650373,28.74835223,125.6553346,527.3910614,17089.12551,1424.093792,1876.164891,1163.368723,1362.516939,1733.556753,144.4630627,1536.942637,606.5,2936.551758,2330.051758,430.0957221,30.53109063,70.14336624,258.8638237,-0.089857584,-0.017688284,1.956245508,72.50198117,0.254011999,27,1686.7,1686.7,159.1,898.7,1,70.36700772,0,25.33784964,3.809756609,0.017459929,0.321262702,0,0.146663407,0,0,70.36700772,2,8929.66069,31.28522728,744.1383908,3218.114014,770.6709409,44.33287071,1066,2.700059541,0.155321012,12244,0.625741098,42.89707483,0.219229522,19,0.066566843,3.480234305
NP0660302,Karnali,Jajarkot,Bheri Malika,0,220.6804925,82.1628956,28.69733858,138.4872585,558.9479752,18834.26716,1569.522263,2123.029689,1317.975293,1525.710915,1886.075125,157.1729271,1359.684446,622,2677.637207,2055.637207,459.4687313,27.41769294,68.77156608,166.5601398,0.061812055,-0.2586615,0.831821849,75.29839923,0.341210038,33,1699.4,1699.4,69.7,10165.8,1,80.5599245,0,10.62328675,6.790095717,0.121331955,0.736979284,0,1.168381791,0,0,80.5599245,3,6477.351044,29.35171555,308.4452878,710.7943115,749.0204621,103.5333573,1078,3.394139888,0.469155004,10442,0.5296786,47.31727703,0.240020581,3,0.013594314,3.464994773
NP0660303,Karnali,Jajarkot,Nalgad,1,388.9262766,82.37386659,28.87856099,107.2549451,381.3407166,14586.67254,1215.556045,1622.589998,904.9518739,1052.829338,1388.79918,115.733265,2310.151729,761.4523926,5395.254395,4633.802002,856.1712749,35.93868578,75.97241524,131.7713914,0.229258321,-0.204774705,1.095306596,93.83270296,0.241260899,41,1730.5,1730.5,176.7,6306.1,1,63.96886166,0.005104645,29.55079122,0.793772333,0.015313936,0.900969883,0.086778969,0.313935681,0,4.364471669,63.96886166,2,0,0,0,0,696.0775768,35.84581151,1087,1.789741704,0.092166083,9017,0.446736447,23.18434249,0.114864043,32,0.082277804,4.175389205
NP0660401,Karnali,Jajarkot,Junichande,1,347.7278763,81.97903048,28.89621727,118.3139396,422.1078421,16090.69578,1340.891315,1696.988954,973.6326808,1167.183977,1606.337878,133.8614898,2508.321201,917.6223145,4509.286621,3591.664307,724.7022974,32.22538218,70.34719096,159.9409205,0.038127159,-0.104418375,1.114818574,102.8215675,0.295695498,46,1721.9,1721.9,153.6,153.6,1,66.23651607,0,32.07530974,1.090159947,0,0.128759049,0,0,0,0.4692552,66.23651607,2,0,0,0,0,564.5645079,0,728,1.623581388,0,7936,0.40654541,22.82244405,0.116914817,4,0.011503248,6.211469669
NP0660402,Karnali,Jajarkot,Kuse,1,275.1109447,82.13672557,28.87806666,122.034888,451.2613831,16596.74477,1383.062064,1839.037603,977.411499,1120.573871,1608.240632,134.0200527,2330.605302,944.2457275,4354.913086,3410.667358,597.4329114,31.35139667,72.07388749,193.8996233,-0.030693473,-0.124030066,2.399986223,71.3372744,0.259303658,31,1713.4,1713.4,171.6,171.6,1,76.97000325,0,19.45276685,1.797639245,0.007219435,0.043316608,0,0,0,1.729054615,76.97000325,2,0,0,0,0,326.5457891,0,600,1.186960371,0,6447,0.34275038,23.43418219,0.124586239,120,0.436187663,1.361123405
NP0660403,Karnali,Jajarkot,Barekot,1,579.7764905,82.28471795,28.9946051,115.2250795,400.1793489,15670.61081,1305.884234,1658.764223,842.204478,951.478746,1457.518857,121.4599048,3070.238981,1238.363892,5410.476563,4172.112671,797.2756657,32.16771382,76.51034452,239.5265851,-0.077827259,-0.045795131,0.338672578,168.5745582,0.290757837,58,1748.7,1748.7,259.4,259.5,1,56.49125207,0,30.2645756,0.36086265,0.00171025,1.665783038,0.047886987,0.039335739,0,11.12859366,56.49125207,3,0,0,0,0,426.822318,0,675,0.736184245,0,6026,0.321566625,10.39366049,0.055463895,46,0.07934092,0.827301549
NP0660404,Karnali,Jajarkot,Shivalaya,0,134.8655638,81.92460932,28.6854081,118.4653655,508.0013916,16111.28971,1342.607476,1730.452962,1141.5811,1358.567969,1676.570263,139.7141885,1511.233109,613.9603271,2792.219971,2178.259644,450.3914241,28.71681436,66.6621814,68.49718994,0.184348306,0.072627173,0.488732376,33.39697204,0.247631575,9,1686.6,1686.6,116,116,1,73.14006804,0,22.59281171,3.986096731,0,0.266232806,0,0.014790711,0,0,73.14006804,2,4803.700341,35.61843516,266.8722412,4745.66748,700.3900237,0,906,5.193245806,0,5449,0.233920794,40.40319742,0.173447385,0,0,6.842988173
NP0661301,Karnali,Dailekh,Aathbis,0,168.8465405,81.49064785,29.02349803,104.8655327,433.2695427,14261.71245,1188.476038,1483.156073,937.2623092,1200.110098,1554.804181,129.5670151,1297.304643,612.5,2744.143799,2131.643799,457.3827068,29.67411041,66.27043674,303.2761055,-0.230094568,0.151006556,0.346107543,68.34173083,0.404756477,28,1722.1,1722.1,150,20820,1,74.85945186,0,14.38275943,8.286483954,0.070274069,0.825720309,0,1.575310377,0,0,74.85945186,3,3456.12207,20.46901323,3456.12207,3456.12207,314.3969927,79.12590265,278,1.862028039,0.468626141,5493,0.231114149,32.53249954,0.136878226,8,0.047380302,4.091397088
NP0661302,Karnali,Dailekh,Chamunda Bindrasaini,1,91.04970994,81.5584977,28.93463205,107.9558806,446.5952682,14681.99977,1223.499981,1567.144421,1003.534129,1302.779308,1639.557933,136.6298277,1161.569999,593,2093.25708,1500.25708,275.0816885,25.99485338,61.87211586,280.9448426,-0.107790133,0.020844612,0.874556542,24.8614233,0.273053295,5,1705.3,1705.3,163.1,163.2,1,62.28956229,0,20.81025307,16.06386445,0.010861301,0.336700337,0,0.488758553,0,0,62.28956229,3,0,0,0,0,371.0403379,54.68108652,506,4.075140251,0.600562995,12229,0.374701301,134.3112461,0.411534865,106,1.164199206,0.30890527
NP0661303,Karnali,Dailekh,Dullu,0,157.5393343,81.60649225,28.83173558,113.159385,518.0849915,15389.67637,1282.473031,1628.403431,1098.464209,1383.114338,1683.346784,140.2788987,1151.692575,564.5,1916.967407,1352.467407,271.4955057,23.03430309,60.40003605,192.6801201,-0.008245703,-0.036648355,1.443578915,40.48441654,0.256979736,20,1686.1,1686.1,85,1029,1,67.35116805,0,18.48781713,13.37603617,0.100477267,0.238633509,0,0.445867872,0,0,67.35116805,3,0,0,0,0,538.2062275,67.52802979,604,3.416329198,0.428642346,10613,0.529453833,67.36730257,0.336077231,97,0.615719245,1.871914375
NP0661304,Karnali,Dailekh,Narayan,0,111.1513574,81.73894728,28.86184784,113.127356,484.9758301,15385.32041,1282.110034,1586.12739,1075.881095,1326.938309,1644.546764,137.0455637,1290.205448,706.5,2669.464844,1962.964844,375.5861451,25.64764845,64.52147689,173.8526094,0.007460056,-0.069263262,1.149871269,32.02330719,0.288105408,14,1702,1702,280.6,280.6,1,74.15850401,0,19.45681211,5.654496883,0.160284951,0.391807658,0,0.17809439,0,0,74.15850401,3,0,0,0,0,515.8506496,42.01244892,1387,4.640974807,0.377975131,7809,0.394771008,70.25555225,0.35516526,132,1.187569842,0.106268485
NP0661401,Karnali,Dailekh,Thantikandh,0,88.6529555,81.55077815,29.00200153,108.5914164,448.3140564,14768.43263,1230.702719,1535.844186,977.4356644,1262.433777,1618.521197,134.8767664,1607.037557,687.8360596,2992.542725,2304.706665,465.4627199,30.53426824,62.29351465,162.5115938,0.087808725,-0.27869032,0.534808274,23.62785303,0.26652076,7,1705.3,1705.3,163.1,163.2,1,68.73258277,0,24.9804927,6.063983948,0,0.222940586,0,0,0,0,68.73258277,3,0,0,0,0,217.8234708,0.064765539,275,2.457035635,0.000730551,4488,0.209750055,50.62436977,0.236596799,0,0,3.174799748
NP0661402,Karnali,Dailekh,Bhairabi,1,110.9986551,81.64274265,28.9523671,106.4671345,442.1188965,14479.53029,1206.627524,1481.486869,963.0706376,1216.765675,1561.125551,130.0937959,1533.506704,744.7307129,3390.326172,2645.595459,621.3298172,26.82532866,64.15036632,157.920322,0.049391674,-0.121760899,1.010112308,34.57132263,0.311457131,12,1702,1702,280.6,280.6,1,73.05287603,0,16.32725974,10.28938907,0.008931761,0.285816363,0,0.035727045,0,0,73.05287603,3,0,0,0,0,281.4008126,35.54906937,466,2.535173173,0.320265767,5259,0.285466239,47.37895244,0.257179908,0,0,3.766455663
NP0661403,Karnali,Dailekh,Mahabu,1,111.3303274,81.69326102,28.94825049,110.1219554,482.5230865,14976.58594,1248.048828,1548.876986,1009.796643,1272.830261,1622.459649,135.2049708,1625.639235,756.2390747,3579.887451,2823.648376,588.0324038,29.07047031,69.60942336,227.9302449,-0.169590034,-0.153073821,0.60036988,42.7324576,0.383834833,13,1702,1702,280.6,280.6,1,68.13821283,0,24.41819151,7.194883638,0.008882572,0.230946882,0,0.008882572,0,0,68.13821283,3,0,0,0,0,250.2893808,0,308,2.248168909,0,4004,0.206802354,35.96504288,0.185755633,0,0,3.736835594
NP0661404,Karnali,Dailekh,Naumule,0,229.6419897,81.82270514,28.93113011,109.5402005,433.8445396,14897.46726,1241.455605,1500.702084,961.2383352,1186.061562,1562.618198,130.2181832,2114.261443,830.2897949,4015.458252,3185.168457,615.9453522,32.86138593,75.70003969,245.631025,-0.152131911,-0.068910791,0.312461995,65.60425868,0.285680588,22,1708.5,1708.5,279.3,279.4,1,79.92651826,0,18.37043441,1.659822779,0.017289821,0.025934731,0,0,0,0,79.92651826,2,0,0,0,0,382.5693252,0,410,1.665938035,0,4927,0.1884547,21.45513547,0.082064565,0,0,5.980081536
NP0661405,Karnali,Dailekh,Gurans,0,165.5805969,81.68326071,28.70628901,111.598947,493.9276123,15177.45679,1264.788066,1592.88653,1090.417586,1343.880856,1633.724571,136.1437142,1492.267118,549.5,2753.466309,2203.966309,372.3455999,29.7031653,65.23546815,354.5328876,-0.025789549,0.269455788,0.155626634,40.92570046,0.247164832,13,1696.3,1696.3,155.3,155.3,1,80.61389338,0,15.51486867,3.572069646,0.04786693,0.065817029,0,0.185484353,0,0,80.61389338,2,0,0,0,0,380.3318603,49.01220862,345,2.296959109,0.296002125,2017,0.113411871,12.18137896,0.068493455,184,1.111241313,0.294037519
NP0661406,Karnali,Dailekh,Dungeshwor,0,105.6938751,81.71913785,28.74849092,115.8844591,509.646225,15760.28644,1313.357203,1629.803566,1135.757734,1375.770924,1674.925267,139.5771055,1352.805473,657.5,2650.579834,1993.079834,359.8299681,29.27436004,65.43577554,296.3010286,-0.170969066,0.084501994,0.544475103,30.36567199,0.287298313,9,1696.3,1696.3,43.4,788.7,1,82.15485075,0,13.18097015,4.430970149,0.074626866,0.10261194,0,0.055970149,0,0,82.15485075,2,0,0,0,0,264.0185089,7.34054383,221,2.497954669,0.069450986,864,0.041563025,8.17455126,0.039323967,1,0.009461286,4.290891604
NP0661407,Karnali,Dailekh,Bhagawatimai,0,152.2255229,81.83039216,28.79269144,115.5538193,467.6004333,15715.31942,1309.609952,1657.523462,1075.89498,1291.765694,1628.000897,135.6667414,1760.360635,742.272522,3286.321533,2544.049011,494.1064971,29.3981975,67.10467742,315.2106313,-0.125501967,0.126428119,0.355487958,35.60364239,0.23388747,15,1708.3,1708.3,156.7,156.7,1,74.9755557,0,21.6869826,3.207092106,0.058666319,0.065184799,0,0.00651848,0,0,74.9755557,2,0,0,0,0,485.0963947,37.88532411,650,3.186695539,0.248876295,6683,0.329521331,43.90196778,0.216469173,143,0.939395689,0.758859905
NP0662301,Karnali,Dolpa,Tripurasundari,1,394.8179005,82.74966088,29.02230682,76.06324807,282.5457377,10344.60174,862.0501448,1029.693921,606.2242046,708.3779172,980.8388777,81.73657315,3354.47079,1569.577759,5905.178711,4335.600952,855.4283893,34.75349835,72.14829533,170.9032989,0.018344808,-0.114572705,0.743672565,117.8468526,0.298484067,44,1777.8,1777.8,167.6,4478.4,1,25.91580373,0,58.71925382,0.150440037,0.01253667,5.004638568,3.221924128,0.155454705,0,6.819948349,58.71925382,4,0,0,0,0,359.1326888,24.81133504,576,0.909616024,0.062842478,3756,0.232964191,9.513246475,0.059005478,41,0.103845342,1.552867437
NP0662302,Karnali,Dolpa,Thulibheri,1,459.67648,82.86670906,28.9319237,70.96685465,257.1344655,9651.492232,804.2910193,1029.192252,536.6242601,626.344991,917.3649008,76.44707507,3770.038566,2003.722778,5895.420898,3891.69812,807.9860074,32.10345714,76.59098386,9.932032631,0.028570952,0.163165522,1.015897534,125.8411997,0.273760362,42,1807,1807,163.1,163.1,1,25.08745411,0,52.39689052,0.211617361,0.017274887,7.985316346,3.666594688,0.146836536,0,10.48801555,52.39689052,4,2280.479233,4.96105268,285.0599041,313.1479797,294.5103025,11.7229838,453,0.640690388,0.025502684,2867,0.19887542,6.236995202,0.043264215,17,0.036982532,1.843090695
NP0662401,Karnali,Dolpa,Shey Phoksundo,1,2461.092236,82.96509237,29.38184022,56.51630514,241.1555483,7686.217499,640.5181249,852.0078897,434.1143975,622.7994564,702.3793782,58.53161485,4704.927719,2451.561768,6566.01123,4114.449463,547.8022596,30.81296917,76.31585971,119.6815873,0.02519122,-0.014358091,0.397033504,580.0675312,0.235695161,183,1973.4,1973.4,171.6,346.5,1,1.849539723,0,29.4493133,0.000802926,0.000802926,55.55925794,6.125922863,0.364528341,0,6.649831988,55.55925794,4,392.3972969,0.159440305,30.18440745,39.24475098,803.5200613,0,984,0.326489211,0,1533,0.080932843,0.622894168,0.003288493,43,0.017471917,2.693791268
NP0662402,Karnali,Dolpa,Jagadulla,1,780.2488183,82.64639495,29.24027127,69.20599337,270.0869475,9412.015098,784.3345915,981.9542094,528.7722029,681.4454181,874.4322487,72.86935406,4558.725145,2268.186035,6857.963379,4589.777344,826.0971882,32.25739983,79.01164729,195.1048928,-0.016558615,-0.061348124,1.5625852,191.8591398,0.245894816,72,1820.5,1820.5,224.8,448.7,1,13.32590332,0,26.3871123,0.013931281,0.00126648,20.60816373,26.24400005,0.124115047,0,13.2955078,26.3871123,5,773.3569813,0.991167129,28.64285116,41.15830994,125.3480315,0,104,0.160651357,0,1250,0.056571963,1.602053051,0.007250503,8,0.01025314,14.09855399
NP0662403,Karnali,Dolpa,Dolpo Buddha,0,1182.838159,83.26493195,29.273915,53.0856687,237.0389848,7219.650943,601.6375786,818.7210396,427.3455336,612.8190713,662.7184114,55.22653429,4964.762163,3784.476807,6043.375488,2258.898682,400.4653218,26.58838644,71.25488034,237.3717191,-0.049784776,-0.031873327,0.657217513,275.0375957,0.232523438,71,2011.9,2011.9,76.9,256.7,1,0,0,22.01449191,0,0,70.12360743,1.432475575,0.071874504,0,6.357550584,70.12360743,3,0,0,0,0,433.7477232,0,503,0.36670082,0,1602,0.078410388,1.354369563,0.006629004,19,0.01606306,8.264861421
NP0662404,Karnali,Dolpa,Mudkechula,1,250.9874936,82.51074235,29.05044101,92.94126022,351.835434,12640.01139,1053.334282,1301.002271,742.341836,860.6218315,1211.012353,100.9176961,3180.86193,1484.191284,5303.880371,3819.689087,689.9046817,35.5797925,73.76097385,65.75460672,0.042163577,0.018989229,1.107836568,73.5373185,0.292991963,26,1772.5,1772.5,124.9,1009.3,1,44.27526201,0,47.05952146,0.027684398,0,1.229978248,0.023729484,0.01977457,0,7.364049832,47.05952146,3,0,0,0,0,160.238562,0,237,0.638432456,0,2181,0.095670629,8.689676002,0.038117688,16,0.063748196,0.574573648
NP0662405,Karnali,Dolpa,Kaike,0,467.9382367,83.04699924,28.90498773,80.86205125,304.5989003,10997.23897,916.4365809,1109.368227,664.8542776,765.2499143,1043.075414,86.92295114,4403.199277,2159.519531,7215.546875,5056.027344,854.4921887,31.92362389,77.11994629,39.52020996,0.107026473,0.129740227,0.31734648,129.4820146,0.276707489,46,1818.9,1818.9,217.2,2794.2,1,8.065403164,0,47.55689991,0.025382858,0.006345715,25.68533717,10.16583467,0.090955242,0,8.403841273,47.55689991,5,0,0,0,0,208.5745769,0,251,0.445730997,0,664,0.075952578,1.418990687,0.016231325,22,0.047014752,1.957962905
NP0662406,Karnali,Dolpa,Chharka Tangsong,0,1969.789156,83.36726718,28.97906529,61.03574844,258.5615309,8300.861787,691.7384823,863.6970191,521.3353932,647.6524009,752.3485834,62.69571529,5058.814016,2578.307129,7738.382813,5160.075684,621.2137627,28.84998266,81.03853624,268.1867387,-0.045217154,-0.001431482,1.888048118,504.9665245,0.256355622,175,1866.9,1866.9,368,1051.7,1,0.452033649,0,16.66138707,0.001508455,0,64.46733944,11.564318,0.676290609,0,6.177122773,64.46733944,4,253.0926971,0.128487202,253.0926971,253.0926971,261.3873078,0,213,0.132698115,0,490,0.041210358,0.248757588,0.00209212,17,0.008630365,2.289433706
NP0663301,Karnali,Jumla,Chandannath,0,102.4518115,82.15212922,29.29503284,56.90356337,250.1599922,7738.884618,644.9070515,864.5694425,450.7178386,558.5830364,781.9337088,65.1611424,2949.867818,2269.5,4140.115723,1870.615723,413.1853248,25.4818496,69.22336762,160.9858799,0.064715636,-0.187797494,2.121689122,32.20781836,0.314370414,11,1812.3,1812.3,103.1,1083.4,1,49.89912576,0,43.99077721,5.25506773,0.451532328,0.230569699,0,0.038428283,0,0.134498991,49.89912576,3,13996.92673,136.619612,85.87071617,283.2320251,234.7195949,10.61797001,448,2.291024351,0.103638675,5118,0.474354573,49.95519285,0.463002622,12,0.117128236,2.693948373
NP0663401,Karnali,Jumla,Kanaka Sundari,0,226.3411853,82.05867953,29.41842031,58.67017571,279.3083976,7979.143896,664.928658,879.2072238,490.0997736,625.9561364,831.4002008,69.28335007,3199.987172,2353,4154.166992,1801.166992,369.8700706,30.85669132,73.92578505,179.0326928,0.001148104,-0.067998296,0.499609778,60.46046491,0.267120917,29,1813.9,1813.9,147.4,529,1,54.72049959,0,43.87874583,1.027798257,0,0.039030314,0,0.013010105,0,0.320915911,54.72049959,2,0,0,0,0,379.0243304,20.51850681,523,1.674570759,0.090652997,2497,0.206856958,11.03201787,0.091391656,15,0.066271633,1.605854484
NP0663402,Karnali,Jumla,Sinja,0,153.9334979,82.02752356,29.34322191,59.2257508,267.3827248,8054.702108,671.2251757,909.5856204,483.2091207,616.4459305,840.5587505,70.04656254,3062.760082,2256,4143.099121,1887.099121,387.6301002,26.23768213,64.78586647,248.1609191,-0.098226673,-0.039365605,0.404264194,54.82606918,0.35616724,22,1804.7,1804.7,112.5,641.5,1,51.73364097,0,45.68993142,2.396974941,0.012818048,0.083317311,0,0.044863167,0,0.038454143,51.73364097,2,0,0,0,0,286.1783516,0,319,1.859103804,0,1880,0.182638468,12.2130662,0.118647644,9,0.058466806,0.862343011
NP0663403,Karnali,Jumla,Patarasi,1,817.1458892,82.38505664,29.35893188,67.02361279,284.6508519,9115.21134,759.600945,965.2440796,523.39622,657.5349765,902.2776795,75.18980662,3991.008373,2387.26123,6529.411133,4142.149902,704.2511675,30.535001,73.68479193,227.7097226,-0.055654919,-0.050624818,1.137514245,241.8734339,0.295997859,92,1839.3,1839.3,52.4,423.5,1,26.26990374,0,39.59314646,0.596960707,0.002421747,10.05872737,5.686262638,0.331779379,0,17.46079797,39.59314646,5,3292.735229,4.029556133,1646.367615,1947.806152,250.3400684,3.503941872,334,0.306359087,0.004288025,4071,0.317927495,4.981974521,0.038907067,20,0.024475434,2.894295167
NP0663404,Karnali,Jumla,Hima,1,132.9062408,81.93294104,29.27414075,62.06873335,241.5827484,8441.347736,703.4456447,982.2908001,473.4078116,585.548204,847.4668549,70.6222379,2893.539045,2035.720703,3815.112305,1779.391602,382.1665956,26.8810271,62.6164544,147.5067742,0.11306558,-0.177523725,0.599052525,41.73848117,0.314044554,15,1789.1,1789.1,114.4,755.9,1,50.64444444,0,48.12592593,1.148148148,0,0.059259259,0,0.022222222,0,0,50.64444444,2,0,0,0,0,210.710252,0.075473159,233,1.58540525,0.000567868,1432,0.081701148,10.77451285,0.06147277,0,0,4.857611597
NP0663405,Karnali,Jumla,Tila,1,176.2531008,81.98451699,29.18651346,70.85250934,279.2290104,9635.941271,802.9951059,1096.217892,521.2017663,645.2187707,963.2287533,80.26906278,2907.674573,1991,4331.140137,2340.140137,387.1736732,31.47052005,72.13448804,9.860452355,0.004956916,0.028518053,0.014443776,51.53607188,0.2923981,16,1789,1789,96.6,1745.2,1,49.9747262,0,48.48638023,1.291771974,0.039314799,0.157259197,0,0.0224656,0,0.028081999,49.9747262,2,0,0,0,0,297.9502041,23.46376907,334,1.690467871,0.133125426,2235,0.189434084,12.68062797,0.10747844,16,0.090778545,1.621325277
NP0663406,Karnali,Jumla,Tatopani,1,527.7485448,82.12012014,29.13590472,94.21849264,356.4451432,12813.715,1067.809583,1504.752412,671.1491272,809.602977,1234.703177,102.8919314,3507.441059,2198.5,4771.953125,2573.453125,599.6190841,28.53952251,72.82664248,296.6144489,-0.15107183,0.075698794,0.136207297,164.3161372,0.311353084,73,1799.4,1799.4,150,304.2,1,39.48796935,0,54.10319503,0.860271605,0.013148256,0.679952666,0.007513289,0.232911963,0,4.615037848,54.10319503,2,0,0,0,0,499.7820925,32.23989145,479,0.947007997,0.061089494,3002,0.23400497,5.688315069,0.04434024,15,0.028422627,6.791193353
NP0663407,Karnali,Jumla,Guthichaur,1,428.6316271,82.3669788,29.19709989,73.24574877,298.0080225,9961.421832,830.118486,1055.408505,578.0925677,692.106277,971.7827895,80.98189912,3609.712682,2338.5,6012.179688,3673.679688,624.1552964,28.11995693,72.59677057,318.4530137,-0.073916349,0.083409304,0.115645,129.5097187,0.302146903,47,1845.4,1845.4,145,145.2,1,40.9604324,0,44.14108516,0.861571155,0,3.552537362,1.711593098,0.147829903,0,8.624950916,44.14108516,3,2867.671448,6.690293638,286.7671448,392.8229675,270.1869101,0,371,0.630347583,0,2988,0.34358776,6.971020828,0.080159218,16,0.03732809,0.583610275
NP0664301,Karnali,Kalikot,Raskot,1,60.02766799,81.64409643,29.27269856,85.57433599,426.4713745,11638.10969,969.8424745,1429.502993,604.2366742,742.6178818,1102.376528,91.86471065,2337.645399,823.5,3888.793457,3065.293457,775.2880368,25.7969504,69.875746,195.6723335,-0.149055848,-0.53126769,1.590704165,19.55294061,0.325732138,8,1756,1756,133.6,133.6,1,37.17654766,0,55.25712414,6.845725516,0.13101867,0.229282673,0,0.360301343,0,0,55.25712414,3,0,0,0,0,269.4809284,7.087091433,731,4.489278651,0.118063747,4535,0.192987748,75.54849542,0.321497994,27,0.449792586,2.239195248
NP0664302,Karnali,Kalikot,Khandachakra,1,133.9249951,81.67394922,29.15019241,89.41011735,313.519455,12159.77596,1013.314663,1251.88211,678.6150282,847.6274923,1239.200913,103.2667427,2191.286624,728.5062256,4188.973633,3460.467407,798.7491353,33.75280896,72.04358356,200.5743819,-0.101298366,-0.269866246,1.795533849,30.35960695,0.226691119,12,1744.1,1744.1,84.4,17057.8,1,47.54485712,0.302739423,50.25474415,1.388171011,0.118142214,0.073838884,0,0.317507199,0,0,50.25474415,2,0,0,0,0,242.9406135,40.87884192,349,1.81400502,0.305236837,5099,0.256790268,38.07355001,0.191741853,17,0.126936723,3.174287401
NP0664303,Karnali,Kalikot,Tilagupha,0,263.7540689,81.85561365,29.14585804,70.95649373,263.9077744,9650.083147,804.1735956,1092.883618,501.4734568,619.7837257,963.3688332,80.2807361,2889.289943,1268.567383,4462.341309,3193.773926,594.2765839,30.17303145,74.47446308,171.8032346,0.021067542,-0.146257101,1.618006111,84.73923202,0.321281231,37,1763.5,1763.5,249.7,2750.7,1,54.92520568,0,43.45175767,1.473448018,0.011219147,0.134629768,0,0.003739716,0,0,54.92520568,2,0,0,0,0,330.0405858,24.82471888,421,1.25131941,0.094120705,4662,0.231993234,17.6755567,0.087958163,10,0.037914107,2.522536051
NP0664401,Karnali,Kalikot,Naraharinath,0,144.5732088,81.53214223,29.21523502,97.04797466,352.0238749,13198.52455,1099.877046,1358.198362,737.4387032,906.988383,1323.193136,110.2660947,2344.601743,722.9801025,4143.401367,3420.421265,648.6629818,33.12266944,68.63069918,148.1892761,0.056038298,-0.090342762,0.725786413,40.6627913,0.281260903,19,1742.3,1742.3,134.5,134.5,1,58.26449102,0.136546733,39.29814979,1.87751758,0.02048201,0.279920803,0,0.12289206,0,0,58.26449102,2,1061.505512,7.34233902,22.58522366,45.37086868,294.5785887,4.807686266,448,2.037573843,0.033254337,7201,0.323291127,49.8086752,0.223617591,22,0.152172039,0.862744413
NP0664402,Karnali,Kalikot,Sanni Tribeni,1,137.3735855,81.58939937,29.28435137,89.43965981,379.0681572,12163.79373,1013.649478,1406.017103,644.8214236,793.0646629,1167.823961,97.31866343,2593.529788,739.7572021,4369.167969,3629.410767,779.4331687,32.29575293,73.76194397,126.1985332,0.239464338,-0.175251988,0.091574495,44.99523341,0.327539194,17,1756,1756,133.6,133.6,1,55.32480598,0,41.9948261,1.329405001,0.021557919,0.158091406,0,0.201207243,0,0.970106352,55.32480598,2,0,0,0,0,222.9091989,13.40878719,408,1.622649639,0.097608191,3829,0.168067954,27.87289846,0.12234372,10,0.072794198,1.152354252
NP0664403,Karnali,Kalikot,Pachal Jharana,1,167.7077835,81.7197622,29.24975917,63.36753658,225.1720047,8617.984974,718.1654145,974.2960753,453.618227,559.9319712,844.4253445,70.36877871,2380.336257,814,4467.898926,3653.898926,850.4463348,35.09929904,73.28120342,329.1483188,-0.040759186,0.068234159,0.209204561,55.44284564,0.330591965,17,1756.2,1756.2,228,16839.8,1,46.48294583,0,51.92375782,0.477988906,0.011802195,0.41897793,0,0.672725127,0,0.011802195,51.92375782,2,0,0,0,0,312.6899353,8.665750347,532,1.864492684,0.051671724,3634,0.14694248,21.66864247,0.087618163,24,0.143106059,0.539437167
NP0664404,Karnali,Kalikot,Palata,1,320.2853197,81.83956579,29.35016754,57.87964334,226.9509066,7871.631495,655.9692912,911.1517817,441.392497,552.5245185,788.9223231,65.74352693,2740.731007,945.5,4465.060059,3519.560059,657.9423853,32.07550025,71.45439626,253.670171,-0.138152493,-0.040476702,0.001709092,103.0529277,0.321753516,34,1774.1,1774.1,250,250.1,1,70.44753086,0,29.12962963,0.24691358,0.018518519,0.074074074,0,0.083333333,0,0,70.44753086,2,0,0,0,0,393.2838526,0,585,1.227917199,0,2666,0.13744273,8.323828275,0.042912591,25,0.078055404,0.67834003
NP0664405,Karnali,Kalikot,Shuva Kalika,0,97.78812871,81.62827882,29.07975765,104.0636146,409.711202,14152.65159,1179.387633,1423.904134,885.4784178,1112.893392,1493.868114,124.4890095,2148.389256,804.9735107,3471.113525,2666.140015,530.9609712,31.22628495,64.71154203,19.60485722,0.120838992,0.339264302,2.031446258,27.53872767,0.281616266,13,1743.9,1743.9,180.4,3304.3,1,77.23345868,0,20.3780872,2.337635939,0.020327269,0.020327269,0,0.010163635,0,0,77.23345868,2,0,0,0,0,214.6405404,0,442,2.194954984,0,3220,0.154176948,32.92833233,0.157664279,17,0.173845233,2.219567509
NP0664406,Karnali,Kalikot,Mahawai,0,323.5407584,81.85404078,29.04466419,97.09884314,378.223498,13205.44267,1100.453556,1370.864704,777.5083376,952.972058,1349.713603,112.4761336,3138.259472,1095.762939,4428.655762,3332.892822,586.6234258,31.41001711,70.30158906,345.2131718,-0.044530026,0.168696403,2.1244006,92.13103856,0.284758678,33,1763.5,1763.5,169.5,373.4,1,70.69023828,0,28.46425826,0.747117602,0,0.064565719,0,0.009223674,0,0.024596464,70.69023828,2,0,0,0,0,132.1041301,0,157,0.408307537,0,1966,0.099443292,6.076514162,0.03073594,6,0.018544804,9.571454281
NP0665301,Karnali,Mugu,Chhayanath Rara,1,482.6245953,82.16803783,29.53287593,57.70507032,292.1719886,7847.889563,653.990797,836.5631839,464.7235309,600.1261381,790.7622391,65.89685326,3085.016186,1544.846313,5021.651855,3476.805542,621.9373837,31.54617091,68.73376679,336.8878856,-0.032471322,0.076083369,0.335621368,147.5499735,0.305724107,51,1861.8,1861.8,158.2,158.3,1,51.18812083,0,41.64236033,0.030595386,0.044873233,0.879107431,0.006119077,2.294653966,0,3.914169743,51.18812083,2,0,0,0,0,809.4284656,0.23043793,1293,1.677138864,0.000477468,7133,0.359473128,14.77960317,0.074482969,52,0.107744198,1.310909443
NP0665401,Karnali,Mugu,Khatyad,1,282.3600414,81.89303833,29.51416833,52.08016913,270.3040253,7082.903002,590.2419168,794.8796629,435.2921376,545.4001587,721.0090641,60.08408868,2563.679934,1089,3912.588623,2823.588623,610.0763664,33.71768834,69.71933727,275.6509109,-0.150221452,0.014864118,0.416910957,89.85272597,0.318220402,38,1818.6,1818.6,181.6,181.8,1,55.46075085,0,43.53973671,0.700006965,0.02089573,0.055721947,0,0.22288779,0,0,55.46075085,2,0,0,0,0,722.2306232,0,1228,2.557835803,0,4887,0.215242633,17.30768977,0.076229849,68,0.240827277,0.501438009
NP0665402,Karnali,Mugu,Soru,1,367.371733,81.98357517,29.62823788,51.06735502,298.2194026,6945.160282,578.7633568,752.6754124,428.3885843,566.2262749,703.1662281,58.59718567,2517.188876,1183,4169.730469,2986.730469,600.1834736,35.91855943,79.28460517,354.3790847,-0.025948614,0.263653392,0.08575514,103.8766455,0.282756228,44,1825.6,1825.6,158.2,5416,1,57.73672055,0,41.71545196,0.161125732,0.008056287,0.067135722,0,0.311509748,0,0,57.73672055,2,0,0,0,0,565.2018056,0,924,1.538501074,0,2905,0.166086727,7.907521835,0.045209446,53,0.14426804,0.674018915
NP0665403,Karnali,Mugu,Mugumakarmarog,1,2114.316485,82.54726118,29.64935785,73.06653857,321.7764158,9937.049245,828.0874371,1077.438535,508.9194123,710.9216445,931.9394468,77.66162056,4463.322708,1872.042236,6820.532227,4948.48999,753.5522293,33.01794014,79.68163229,182.4504944,-0.001685957,-0.039395843,0.151237424,538.3471667,0.254619954,170,1901,1901,260.7,616.2,1,8.470999301,0,36.32098765,0.000465875,0.000931749,29.4553925,9.800605637,0.472396925,0,15.47822036,36.32098765,5,3706.162594,1.752889229,231.6351621,729.4219971,307.5526671,0,401,0.145461982,0,1710,0.102293636,0.808772013,0.004838142,11,0.005202627,2.663799604
NP0666401,Karnali,Humla,Namkha,1,2431.165371,81.61019585,30.17651846,52.05590914,229.7557196,7079.603643,589.9669702,807.3693499,428.029065,586.7833531,711.4022149,59.28351791,4782.327878,2341.201904,7014.931641,4673.729736,648.0246994,26.73802594,75.60418211,126.6820997,0.021680555,-0.016149653,1.834167882,648.5709292,0.266773679,209,1916.9,1916.9,166.5,4892.2,2,4.399896492,0.000404328,25.53209555,0,0.002425968,37.8438809,9.803739225,0.324270997,0,22.09328654,37.8438809,4,1526.514439,0.627894119,117.4241876,226.6958923,418.9449587,99.21480467,362,0.172322691,0.040809566,1274,0.138537287,0.524028524,0.00569839,31,0.012751087,7.268077588
NP0666402,Karnali,Humla,Simkot,1,789.3009512,81.92174717,30.12965339,59.79922097,272.6221568,8132.694052,677.7245043,902.3498331,495.502349,689.4685298,782.2407797,65.18673164,4577.665131,2082,6247.60498,4165.60498,827.6142469,29.27864228,76.13212272,125.0863783,0.15087943,-0.10598626,0.64052137,235.1106595,0.297872008,64,1920.4,1920.4,129,712.3,2,8.427175777,0,26.78797822,0.007457678,0.01988714,31.71998906,16.40191911,0.341810227,0,16.29378278,31.71998906,5,6164.468922,7.810036099,198.8538362,705.4916382,239.3773294,0,320,0.30327764,0,2144,0.159629833,2.716327653,0.020224204,30,0.038008316,15.86460179
NP0666403,Karnali,Humla,Kharpunath,1,883.6801482,82.04120611,30.02308131,61.84828647,278.4676763,8411.36696,700.9472467,914.5872957,499.608869,689.2256767,810.6398663,67.55332219,4435.202361,1796.074951,6579.592285,4783.517334,904.7910639,31.63103062,76.77646422,283.0101168,-0.148238263,0.034251071,1.389338406,215.5446128,0.243917002,71,1906.4,1906.4,196.2,908.7,2,13.69168922,0,25.69070925,0.001113598,0.001113598,27.51701021,20.30534861,0.37862337,0,12.41439214,27.51701021,5,0,0,0,0,182.3236101,0,235,0.20632308,0,1211,0.077543177,1.370405347,0.008775028,33,0.037343829,13.04545674
NP0666404,Karnali,Humla,Sarkegad,0,308.0340356,81.93071668,29.7923731,56.77382372,322.7898698,7721.240026,643.4366688,846.5252799,465.1084803,644.2089865,757.3468652,63.11223876,2973.855726,1335,4924.302734,3589.302734,687.9731064,34.14710242,71.88487407,121.2190136,0.088904971,-0.053883097,1.699989814,85.58320673,0.277836852,40,1860.9,1860.9,284,7310.4,1,51.13113497,0,46.20398773,0.012781186,0.006390593,0.268404908,0.035148262,0.150178937,0,2.191973415,51.13113497,2,0,0,0,0,270.4117305,0,403,0.877863155,0,1856,0.132045029,6.025308198,0.042867026,44,0.142841358,1.078898421
NP0666405,Karnali,Humla,Chankheli,0,1315.537029,82.25110121,29.84806236,68.45493124,309.1439239,9309.870649,775.8225541,1000.978394,500.7736973,702.9642868,905.499007,75.45825059,4333.608087,1511.263794,6240.671387,4729.407593,826.0251022,33.44012376,80.61072812,247.7831747,-0.076565922,-0.031272206,1.03169551,366.83189,0.278845735,115,1879.3,1879.3,147,529.4,2,16.2416719,0,28.05413642,0.016432135,0,20.17642138,17.34635954,0.309969825,0,17.85500881,28.05413642,5,0,0,0,0,190.5915943,0,219,0.144877408,0,1506,0.08413081,1.144779635,0.006395168,28,0.021284084,11.9596283
NP0666406,Karnali,Humla,Tanjakot,1,159.8383601,81.75760458,29.68462348,51.43042703,261.4119786,6994.538077,582.8781731,758.6562119,407.2767748,517.5232015,676.9157334,56.40964445,2532.291034,1172,4170.512695,2998.512695,621.1276505,35.15155319,73.98426304,234.4117252,-0.251267272,-0.179811934,0.131473864,47.39069055,0.296491346,24,1816,1816,101.2,14599.4,1,56.79749016,0,40.49581693,0.036909449,0,2.017716535,0,0.15378937,0,0.498277559,56.79749016,2,0,0,0,0,82.78259352,0,136,0.517914432,0,1331,0.061207775,8.327162512,0.038293545,35,0.218971216,2.275711807
NP0666407,Karnali,Humla,Adanchuli,1,151.2909611,81.84631453,29.70530475,51.73459709,291.2748464,7035.905204,586.3254337,760.805411,426.1644174,560.0058009,697.8709896,58.1559158,2653.745541,1205.5,4148.518555,2943.018555,647.5265832,33.35231012,74.07296083,130.1793917,0.19015822,-0.160578949,1.032051194,47.83052613,0.316149265,25,1831,1831,105.5,105.5,1,48.37069864,0,50.13034411,0.241136601,0.019551616,0.188998957,0,0.351929093,0,0.69734098,50.13034411,2,0,0,0,0,232.0301094,0,376,1.533668025,0,1731,0.091371711,11.44152954,0.060394692,24,0.158634725,1.124700074
NP0767301,Sudur Paschim,Bajhang,Bungal,1,450.1687868,80.92947012,29.66012473,114.401441,523.8397935,15558.59598,1296.549665,1750.38545,1022.912105,1465.531928,1816.521573,151.3767977,2836.863737,1053.389893,6336.361816,5282.971924,980.2211989,35.07927613,74.98529243,209.8617799,-0.058102873,-0.10120015,0.231966641,155.043033,0.344410891,70,1731.4,1731.4,259.7,259.8,2,45.40074956,0,39.61908519,1.275560523,0.019725163,4.688013676,2.099633989,0.113967607,0,6.783264295,45.40074956,3,4451.55545,9.888636398,46.85847842,138.2577057,464.4783259,0,573,1.031787053,0,7995,0.376157253,17.76000521,0.083559159,86,0.191039456,1.867901354
NP0767302,Sudur Paschim,Bajhang,Jayaprithbi,1,167.690242,81.19172652,29.54012478,99.32290693,465.2063065,13507.91534,1125.659612,1385.974438,859.3363495,1128.949482,1446.309632,120.5258027,2094.114286,1082,3636.290039,2554.290039,530.1919406,29.94192512,69.59174169,53.40671449,0.072803441,0.054055371,0.18780816,49.71787968,0.296486421,23,1737.8,1737.8,87.8,2354.3,1,71.24970609,0,22.01975076,3.885492593,0.199858923,2.04561486,0,0.599576769,0,0,71.24970609,2,11491.96176,68.53089137,383.065392,2105.88501,405.6415145,9.508104515,572,2.418992958,0.056700404,7220,0.345836119,43.05557624,0.206235089,20,0.119267524,0.489432493
NP0767401,Sudur Paschim,Bajhang,Saipal,0,1474.953172,81.29843007,29.86746293,64.17838154,295.5946842,8728.25989,727.3549908,944.2745729,547.0365027,716.5124673,895.8562581,74.65468817,4488.3381,1629.590332,7017.805176,5388.214844,832.1744387,33.63767837,76.00265115,218.4166429,-0.023784311,-0.029990432,0.247927538,434.5362288,0.294610186,185,1790.3,1790.3,134.7,413.4,2,8.454249828,0,23.52446264,0.001335479,0,24.34444674,23.1738994,0.158254262,0,20.34335165,24.34444674,5,2023.323485,1.371788287,6.905540905,272.9246521,113.0984722,0,65,0.076679365,0,684,0.024241367,0.463743536,0.001643535,15,0.010169814,4.919331988
NP0767402,Sudur Paschim,Bajhang,Surma,1,272.2893534,81.12502543,29.67826049,96.43242801,403.5833702,13114.81021,1092.900851,1344.006803,805.8187577,1059.04962,1396.893615,116.4078012,3267.439064,1547.683472,5418.501953,3870.818481,810.3876308,33.55263865,72.75812058,106.4241169,0.260633217,-0.076827751,0.979094858,93.04622566,0.341718192,45,1747.4,1747.4,211.6,211.6,1,40.42699975,0,39.90051196,0.457499728,0.00363095,4.073926146,1.695653753,0.021785701,0,13.41999201,40.42699975,3,4943.133343,18.15397217,149.7919195,573.7581177,251.0761938,0,336,0.92209332,0,2781,0.094288676,10.2133997,0.034628117,13,0.047743328,5.686927866
NP0767403,Sudur Paschim,Bajhang,Talkot,1,337.0202468,81.29448285,29.66040079,81.03956839,410.3967535,11021.3813,918.4484418,1099.020924,710.1271471,898.9264318,1140.764437,95.06370304,2791.794213,1285.5,5788.549805,4503.049805,795.0295187,34.52801098,71.52096983,243.9615043,-0.112522267,-0.054974393,1.392024499,122.6371082,0.363886471,59,1764.1,1764.1,186.7,1575.6,1,59.39618892,0,31.85059621,0.514379238,0.002922609,3.474982464,0.683890578,0.075987842,0,4.001052139,59.39618892,2,33.31936359,0.098864575,11.10645453,13.04035664,233.7802935,0,351,0.693668394,0,3880,0.152782117,11.51266144,0.045333216,60,0.178030847,1.910678188
NP0767404,Sudur Paschim,Bajhang,Bitthadchir,1,86.65830166,80.83334783,29.51651473,138.9135083,675.7744446,18892.23712,1574.353094,2256.642464,1322.990968,1972.173233,2343.061871,195.2551559,1823.109714,808.2631836,2748.810791,1940.547607,413.3968954,31.42846903,68.29762885,63.63111999,0.271232251,0.134457288,0.457776055,28.37114566,0.327390973,7,1712.7,1712.7,141.2,559.9,1,64.37265385,0,31.02036173,4.277101581,0.079626891,0.102377431,0,0.147878512,0,0,64.37265385,2,5910.714966,68.2071406,1477.678741,2323.593262,209.8939286,31.61924607,335,2.4220868,0.364872672,5547,0.309723368,64.01002435,0.357407614,33,0.380805986,0.662413584
NP0767405,Sudur Paschim,Bajhang,Kedarsyun,0,114.5685539,80.93232854,29.51323541,106.6652039,487.7042542,14506.46773,1208.872311,1661.729309,992.2390338,1438.006587,1725.607757,143.8006464,1736.652084,815.9626465,3332.570801,2516.608154,501.7164306,32.9992486,68.14315009,205.5182012,-0.103820322,-0.217486002,1.63329115,33.73751406,0.294474469,19,1712.7,1712.7,141.9,2877.8,2,53.73108666,0,40.30261348,4.410247593,0.060178817,0.696354883,0,0.799518569,0,0,53.73108666,2,9053.524422,79.02276944,362.1409769,1966.444946,350.8224347,14.99961781,425,3.062118031,0.130922642,6863,0.303840196,59.90299925,0.265203832,133,1.160877007,1.290114014
NP0767406,Sudur Paschim,Bajhang,Durgathali,1,62.18571809,81.00428369,29.5282171,103.9953341,447.2749939,14143.36544,1178.613787,1580.431367,909.9531997,1303.237437,1643.335465,136.9446221,2093.624064,957,3722.102539,2765.102539,559.1270282,31.03620373,61.08868889,161.4666123,0.091817116,-0.273881942,1.714979294,26.39101048,0.424390218,7,1725.5,1725.5,223.4,2736,2,53.93632188,0,40.61460478,4.150166323,0.047520988,0.91873911,0,0.332646919,0,0,53.93632188,2,5627.595367,90.49658894,562.7595367,2798.428711,177.331532,8.116069697,186,2.851644035,0.130513403,3130,0.14197753,50.33310053,0.228312118,23,0.369859844,1.223643029
NP0767407,Sudur Paschim,Bajhang,Chhabis Pathibhara,0,116.9887719,81.05693805,29.55927498,114.9297632,499.4743652,15630.4478,1302.537317,1661.719028,926.2146305,1272.782619,1721.63746,143.4697884,2370.91816,999.5,4082.009521,3082.509521,692.8409763,28.95736191,70.15724376,177.6609047,0.01582353,-0.387379569,0.170954573,40.91047383,0.349695729,17,1725.5,1725.5,223.4,2736,2,50.76455183,0,43.87936132,3.168032441,0.042240433,1.605136437,0,0.312579201,0,0.228098336,50.76455183,2,5546.738525,47.41257161,1848.912842,2170.745605,386.587102,13.14006664,667,3.304480385,0.112319041,5965,0.257817503,50.98779911,0.220377989,10,0.085478289,3.611717419
NP0767408,Sudur Paschim,Bajhang,Masta,1,109.8122804,81.28972751,29.54518125,91.40447241,448.8198471,12431.00825,1035.917354,1235.956407,828.9545467,1048.742968,1290.767449,107.5639541,2407.664734,1260.5,3930.272705,2669.772705,563.9584432,31.52336216,69.15171717,270.2166639,-0.282102133,0.001066774,0.750602099,44.91108082,0.408980495,12,1747.6,1747.6,98.3,2054.9,1,63.5857361,0,33.19859876,1.410221863,0.026946915,1.428186473,0,0.33234528,0,0.01796461,63.5857361,2,0,0,0,0,300.6855578,0,577,2.738177885,0,5031,0.197590286,45.81454807,0.179934598,45,0.409790233,0.391538515
NP0767409,Sudur Paschim,Bajhang,Thalara,0,106.107073,81.00663453,29.44962472,96.34316538,423.13591,13102.67049,1091.889208,1421.272966,877.233577,1199.923508,1483.4139,123.617825,1699.154451,819.8591309,2971.22168,2151.362549,445.1157536,31.32390343,70.01759326,343.112495,-0.116627647,0.384167967,0.797050842,43.66612401,0.411528872,17,1712.7,1712.7,141.9,2877.8,2,74.66430436,0,18.66840731,5.1846326,0.018649758,0.372995151,0,1.091010817,0,0,74.66430436,3,339.2049866,3.196817866,169.6024933,190.2014923,315.0415724,0,367,2.96909116,0,4602,0.222612853,43.37128404,0.209800202,150,1.413666364,0.438471429
NP0767410,Sudur Paschim,Bajhang,Khaptad Chhanna,0,114.1323054,81.19585172,29.45480877,96.93354258,455.879425,13182.96179,1098.580149,1343.032047,889.6356513,1148.457883,1403.528416,116.9607013,2139.705595,1081,3651.447266,2570.447266,501.7350627,31.99293897,67.48037682,228.6006382,-0.097700715,-0.086132832,0.045681509,54.16651302,0.47459405,23,1737.8,1737.8,158.2,158.3,1,61.27861771,0,34.21166307,4.362850972,0.025917927,0.060475162,0,0.060475162,0,0,61.27861771,2,0,0,0,0,322.0786338,0,405,2.821976062,0,4385,0.181523562,38.42032266,0.159046609,9,0.07885585,1.146674763
NP0767597,Sudur Paschim,Bajhang,Khaptad,0,70.49963435,81.11279177,29.4240054,95.78674811,424.770752,13026.99774,1085.583145,1356.614756,871.0103233,1148.845238,1424.799405,118.7332837,2466.504472,1541.741699,3312.820801,1771.079102,381.045075,30.94318846,67.91216625,8.890432354,0.062937964,0.402352995,0.821707195,8.867036169,0.125774215,4,1725.5,1725.5,223.4,2736,1,96.25315745,0,3.676676958,0.070165591,0,0,0,0,0,0,96.25315745,1,0,0,0,0,27.86145493,0,16,0.395199992,0,188,0.007236799,2.666680497,0.010265017,2,0.028368941,3.087123063
NP0768301,Sudur Paschim,Bajura,Budhinanda,1,233.6043446,81.61732708,29.52940371,72.24657062,287.8493004,9825.533604,818.794467,1008.82515,556.3556345,669.2083406,964.6065907,80.38388256,2816.432501,1080.276978,5212.052734,4131.775757,842.7077561,31.12331483,69.19759488,112.8156991,0.148020045,-0.062269627,0.640869342,65.56413044,0.280663147,31,1794.5,1794.5,217.9,217.9,1,42.72012844,0,46.83116444,1.71962143,0.063376711,1.225283083,0.097177624,0.13520365,0,7.208044617,46.83116444,3,11268.80545,48.23885218,1408.600681,4400.120117,347.3360643,28.24831131,551,1.486856183,0.120923741,5996,0.263414733,25.66733084,0.112761059,56,0.239721569,0.560971829
NP0768302,Sudur Paschim,Bajura,Badimalika,1,277.3842863,81.49565708,29.43256412,83.80426258,312.1362527,11397.37971,949.7816426,1119.550605,671.5386609,814.1403032,1126.738549,93.89487905,2538.123984,1034.566284,4265.516602,3230.950317,730.5816685,32.12683315,72.0226856,287.8592938,-0.175166619,0.056439877,1.078708496,92.7728875,0.334456175,30,1692.8,1692.8,127.6,127.9,1,67.50482177,0,30.8807772,0.807200514,0.092863776,0.589327809,0,0.092863776,0,0.032145153,67.50482177,2,4660.178711,16.80044235,4660.178711,4660.178711,346.1652107,32.83053227,582,1.247962584,0.118357578,6789,0.281366297,24.47507064,0.101435557,39,0.140599168,1.10984044
NP0768303,Sudur Paschim,Bajura,Budhiganga,1,59.50784357,81.31839937,29.36231102,91.6426023,395.9290924,12463.39391,1038.616159,1239.166416,838.8561127,1044.62085,1312.076629,109.3397191,1428.135377,701.0341187,2517.901123,1816.867004,324.9916007,26.12161127,62.28241065,150.1850105,0.232273187,-0.405325926,0.113123832,25.28654842,0.424927991,11,1668.1,1668.1,178.1,989.7,1,52.99800133,0,34.64357095,9.726848767,0.149900067,2.231845436,0,0.249833444,0,0,52.99800133,3,5593.432129,93.99487182,2796.716064,2824.283203,296.7827397,29.10888594,584,4.987287757,0.48916049,5000,0.223440973,84.02253719,0.375481549,33,0.554548745,0.567736681
NP0768304,Sudur Paschim,Bajura,Tribeni,1,171.1956892,81.41965761,29.32923546,92.37399244,361.965978,12562.86297,1046.905248,1255.010841,803.843207,987.3643723,1283.016838,106.9180698,2442.799104,781.435791,4379.456055,3598.020264,843.875123,31.64955538,70.26583178,284.4935397,-0.258915056,0.066928841,0.529597104,49.32162783,0.288100875,21,1674.8,1674.8,115.7,115.8,1,62.06419639,0.005762692,35.1639486,1.965078084,0.046101539,0.535930387,0,0.132541924,0,0.086440385,62.06419639,2,3228.552246,18.85884078,3228.552246,3228.552246,263.404017,0,435,1.538613607,0,5501,0.215574402,32.13281844,0.125922798,35,0.2044444,3.381357735
NP0768401,Sudur Paschim,Bajura,Himali,1,834.2725418,81.65818462,29.75151095,59.58330544,283.8005844,8103.32954,675.2774616,857.5174104,476.2492456,618.1168698,791.6856389,65.97380324,3582.532154,1065.5,6913.350586,5847.850586,1038.065159,33.50615126,74.93120397,102.8406089,0.149129645,-0.033992595,0.099563726,261.0741313,0.312936263,101,1825.5,1825.5,183.2,183.2,1,32.77646975,0,36.96714426,0.168005584,0.009465103,6.454017345,8.875900664,0.25555779,0,14.4934395,36.96714426,5,2368.358719,2.838830958,394.7264531,523.5111694,323.8509451,8.996093466,458,0.388183632,0.010783159,2672,0.117162794,3.202790295,0.014043707,43,0.05154191,6.450948727
NP0768402,Sudur Paschim,Bajura,Gaumul,1,316.2535444,81.44921552,29.55913474,87.15815456,354.793511,11853.50902,987.7924184,1155.922809,727.7712664,883.934798,1176.122642,98.01022014,3007.622316,1334.049561,5492.01123,4157.96167,804.5957694,35.17512022,70.1694624,158.8482018,0.063345814,-0.163723658,0.605883132,113.206236,0.357960371,36,1705.5,1705.5,190.7,190.7,1,51.65587766,0,33.96503737,0.15010789,0.003127248,2.848922663,1.920130094,0.018763486,0,9.438033587,51.65587766,3,3204.110209,10.13146023,1068.036736,1866.969849,315.4581524,0,728,0.997484955,0,4006,0.140733601,12.66705171,0.044500245,72,0.227665433,0.241016528
NP0768403,Sudur Paschim,Bajura,Khaptad Chhededaha,1,128.19522,81.29730593,29.40690519,91.35326745,404.5128052,12424.04437,1035.337031,1225.544308,829.1588175,1030.850909,1290.108844,107.5090704,2102.921049,1030.598267,3112.502686,2081.904419,389.7727323,28.49193616,70.84862737,173.0541082,0.037057527,-0.30418389,0.072868371,39.81297693,0.310565222,22,1668.1,1668.1,178.1,989.7,1,56.97915866,0,38.46804584,4.014458202,0.015381066,0.515265708,0,0.007690533,0,0,56.97915866,2,0,0,0,0,393.9259038,0,677,3.072859533,0,6522,0.259171928,50.87553187,0.202169729,51,0.397830746,0.614326496
NP0768404,Sudur Paschim,Bajura,Jagannath,1,172.5439601,81.66053993,29.39179727,72.35102632,267.6981634,9839.739579,819.9782982,1099.809799,545.064683,668.3356908,962.1378897,80.17815747,2640.751563,959.2940063,4369.078125,3409.784119,769.4000739,31.94849745,71.88451945,63.98594278,0.337181253,0.164556702,1.236811636,51.921235,0.300915981,12,1786,1786,146.3,16230.4,1,58.80410023,0,40.21070615,0.392938497,0,0.051252847,0,0.256264237,0,0.284738041,58.80410023,2,0,0,0,0,168.7134376,0,167,0.97779973,0,2486,0.107288066,14.40792247,0.062180134,20,0.11591249,2.267690561
NP0768405,Sudur Paschim,Bajura,Swamikartik Khapar,0,111.0601554,81.75596985,29.43693823,56.49134329,232.7465973,7682.822687,640.2352239,835.3325779,439.046501,528.3968674,751.4291389,62.61909491,2288.489796,962.4511719,3717.713135,2755.261963,703.7128802,30.14318368,70.63503285,281.2205849,-0.479754821,0.095173147,1.480328407,38.04247989,0.342539408,15,1774.1,1774.1,131.2,16361.7,1,46.88492764,0,50.88245676,1.147193788,0.052947406,0.132368514,0,0.900105895,0,0,50.88245676,2,0,0,0,0,259.2952296,0,355,2.334727775,0,3919,0.163899684,35.28718274,0.147577395,37,0.333152784,1.426888441
NP0768597,Sudur Paschim,Bajura,Khaptad,0,7.602644256,81.19642101,29.39189339,0,0,0,0,0,0,0,0,0,2721.120475,1889.002686,3176.577637,1287.574951,271.0683684,28.91367978,59.00390556,145.0797683,0.346787333,-0.496734097,1.564519076,0.695209803,0.091443158,1,1663,1663,145.6,1135.2,1,93.35887612,0,6.641123883,0,0,0,0,0,0,0,93.35887612,2,0,0,0,0,6.396993493,0,2,0.841416917,0,5,0.000358998,0.657665916,0.004722013,0,0,2.824480462
NP0769301,Sudur Paschim,Achham,Sanphebagar,1,167.6112171,81.20575924,29.26841081,92.48826911,410.2900747,12578.4046,1048.200383,1300.485723,860.2354586,1096.910924,1365.532947,113.7944122,1248.422955,531.3043823,2739.824707,2208.520325,446.5016472,25.36098786,60.87221358,145.9504186,0.087549445,-0.129555415,0.047863324,64.94716588,0.387486989,30,1655.1,1655.1,134.3,1269.5,1,72.01541197,0,17.54001186,8.67219917,0.160047421,1.049199763,0,0.563129816,0,0,72.01541197,3,11332.20841,67.61008365,343.4002549,1581.361084,489.0210615,68.15735788,590,2.917591494,0.406639598,7089,0.409577079,42.29430536,0.244361377,57,0.340072705,2.694618229
NP0769302,Sudur Paschim,Achham,Mangalsen,0,221.3342878,81.22494083,29.101609,104.0419159,482.4819903,14149.70057,1179.141714,1471.405798,994.3861982,1233.201194,1514.325391,126.1937826,1184.04369,359.2879639,2183.485352,1824.197388,388.5136483,28.9223105,67.63969146,330.4030745,-0.075057284,0.132141223,0.642429848,73.15812239,0.33053226,31,1632.6,1632.6,100.2,1748.9,1,80.64141504,0,12.0108987,6.65981776,0.089333572,0.232267286,0,0.366267643,0,0,80.64141504,3,0,0,0,0,307.1644721,33.45012502,290,1.387785305,0.151129431,3683,0.19342988,16.63998849,0.087392641,69,0.311745644,3.233788971
NP0769303,Sudur Paschim,Achham,Kamal bazar,1,121.4177712,81.33809274,29.05986106,104.6251718,450.830719,14229.02336,1185.751947,1501.571231,977.5485776,1226.564584,1545.01657,128.7513809,1456.309044,644,2290.173828,1646.173828,349.3659174,26.00846806,61.89596377,90.22880087,0.095398968,-0.000380961,1.743358205,38.54581119,0.317464328,12,1621.2,1621.2,235.7,235.7,1,63.48378687,0,23.29313997,12.90532834,0.040736516,0.114062245,0,0.162946065,0,0,63.48378687,3,3113.822205,25.64552268,1037.940735,1148.774292,274.5436784,24.02682051,266,2.261149054,0.197885534,2696,0.114937738,22.20432787,0.094663028,85,0.700062266,0.63107296
NP0769304,Sudur Paschim,Achham,Panchdebal Binayak,0,148.5052597,81.4521874,29.10812644,104.0392984,450.5149109,14149.34459,1179.112049,1478.664766,924.9503482,1157.548108,1518.067709,126.5056425,1453.551799,649,3149.439453,2500.439453,489.1598719,30.23464287,66.46258054,161.8318368,0.083564999,-0.254641174,0.130009186,43.024821,0.289719173,15,1730,1730,168.6,20670.1,1,60.2427314,0,30.1813817,8.375566818,0.020005335,0.453454254,0,0.726860496,0,0,60.2427314,3,2733.278018,18.40526069,911.0926727,2699.750244,313.9517756,18.92365128,254,2.114078493,0.127427482,4550,0.193886304,30.63864546,0.130558543,54,0.363623485,1.036124947
NP0769401,Sudur Paschim,Achham,Chaurpati,1,183.1749462,81.12724433,29.18179189,101.572054,471.146342,13813.79934,1151.149945,1438.520963,962.7326872,1223.214424,1492.824226,124.4020188,1227.787792,401.7805481,2782.326904,2380.546356,402.0310173,30.11878564,67.00397436,92.93521097,0.090960606,-0.00466391,1.152431646,58.69180321,0.320413924,26,1632.6,1632.6,223.9,5263.7,1,77.00554927,0,13.95398955,8.291579118,0.016162922,0.317870804,0,0.414848338,0,0,77.00554927,3,7603.112244,41.5073808,1520.622449,2969.521729,214.0720307,0,215,1.168675276,0,1691,0.071968988,9.231611829,0.039289755,90,0.491333569,0.185956525
NP0769402,Sudur Paschim,Achham,Mellekh,0,135.492927,81.31916557,29.26250084,95.57682613,415.022522,12998.44835,1083.204029,1310.48743,896.7509768,1106.00278,1379.177931,114.9314942,1752.109933,618.8108521,3311.320313,2692.50946,541.7363516,26.83343525,67.91913516,307.0684668,-0.248335749,0.187600093,0.503399492,46.91936363,0.346286442,13,1668.1,1668.1,178.1,989.7,1,67.06003079,0,24.94319431,7.578978231,0.065967896,0.058638129,0,0.293190647,0,0,67.06003079,3,0,0,0,0,258.4166326,4.509069954,187,1.907233376,0.033279006,1189,0.052109611,8.775365814,0.038459285,64,0.472349379,0.471281738
NP0769403,Sudur Paschim,Achham,Bannigadhi Jayagadh,1,58.57217241,81.29834068,29.18915884,102.2171883,465.5114899,13901.53761,1158.461467,1434.301273,961.4609209,1194.14283,1496.02655,124.6688792,1297.522555,617.2320557,2549.626465,1932.394409,366.8743125,26.20960386,62.38134633,218.8406315,-0.165260627,-0.205244544,0.912994351,14.91527476,0.254647799,8,1646.9,1646.9,137.8,279,1,65.50680787,0,22.25584132,11.69944528,0.067238191,0.470667339,0,0,0,0,65.50680787,3,0,0,0,0,110.5650091,25.27737647,79,1.887671305,0.431559483,661,0.035189582,11.28522253,0.06007901,34,0.580480433,1.058315822
NP0769404,Sudur Paschim,Achham,Ramaroshan,1,174.2219466,81.41965352,29.20357586,95.3598066,407.6721061,12968.9337,1080.744475,1325.385063,867.6342917,1081.621399,1384.180752,115.348396,2142.878602,896.0516968,3817.318359,2921.266663,570.1681266,29.7146489,73.91174649,271.5107036,-0.120140075,0.003168438,0.043188625,58.94150253,0.338312731,26,1665,1665,141.3,141.3,1,68.71186634,0,26.94303473,3.552489023,0.017106689,0.547414039,0.114044591,0.114044591,0,0,68.71186634,2,0,0,0,0,362.8826521,26.66152561,394,2.082875661,0.153031958,4248,0.141590063,24.38269164,0.081269935,31,0.177933955,0.93194134
NP0769405,Sudur Paschim,Achham,Dhakari,1,229.1231206,81.22798486,28.97573288,112.7742936,493.7422596,15337.30393,1278.108661,1636.710772,1101.493788,1378.402256,1647.007774,137.2506478,1140.994325,325.5,2253.663574,1928.163574,369.8856576,30.83839112,71.20173669,277.2465749,-0.096930077,0.012325175,1.774422771,87.17190658,0.380458796,35,1621.2,1621.2,235.7,235.7,1,81.91092204,0,12.46744226,4.896683452,0.004341031,0.095502691,0,0.625108526,0,0,81.91092204,2,10623.11888,46.36423795,160.9563467,3216.354492,381.7658037,0,475,1.666203755,0,1541,0.07574973,6.725641638,0.03306071,81,0.353521721,2.178012445
NP0769406,Sudur Paschim,Achham,Turmakhand,0,233.270291,81.42853321,28.90667296,100.2761761,415.7166748,13637.55994,1136.463329,1443.477127,957.3120083,1223.583627,1502.364955,125.1970795,1070.397867,402.5,2216.882813,1814.382813,340.9183183,30.29152095,66.10543987,121.8500418,0.100459351,-0.062408973,0.416290418,85.66629307,0.367240478,29,1686.3,1686.3,162.9,21266.4,1,78.0149413,0.01280683,14.57417289,5.280683031,0.01280683,0.490928495,0,1.613660619,0,0,78.0149413,3,0,0,0,0,338.4379046,15.11852444,443,1.450840153,0.064811187,3806,0.171752996,16.31583681,0.07362832,106,0.454408487,1.062483492
NP0769597,Sudur Paschim,Achham,Khaptad,0,39.01881606,81.16864717,29.34395084,92.2953442,399.7166748,12552.16681,1046.013901,1259.275121,844.9597768,1074.111809,1327.60347,110.6336225,2381.324181,1236.377808,3276.678223,2040.300415,416.5606527,31.91486182,60.85875152,92.25103483,0.366702978,-0.014414433,0.312612169,9.644582945,0.247177744,5,1663,1663,145.6,1135.2,1,95.41446208,0,4.232804233,0.352733686,0,0,0,0,0,0,95.41446208,1,0,0,0,0,15.08746082,0,38,0.386671415,0,79,0.004617709,2.0246642,0.011834571,0,0,5.593791779
NP0770301,Sudur Paschim,Doti,Shikhar,1,287.0783597,80.81909228,29.23517064,102.4422159,464.0081329,13932.14136,1161.01178,1449.848625,941.7509084,1223.55927,1519.500507,126.6250423,1490.658173,532,2767.237061,2235.237061,580.3926556,26.32237403,65.92331231,24.31694066,0.117129418,0.259208535,1.389566207,114.2491839,0.397972122,44,1673.4,1673.4,168,4481.9,1,84.18490644,0,7.809155562,6.700959746,0.006904647,0.57653801,0,0.721535593,0,0,84.18490644,3,9261.707733,32.26195016,385.9044889,813.0211182,417.7071008,31.10867199,387,1.455028171,0.108362999,6444,0.328773087,22.446833,0.114523814,20,0.06966739,2.588533753
NP0770302,Sudur Paschim,Doti,Dipayal Silgadhi,1,127.3484963,80.96816403,29.2635753,82.9985462,364.44384,11287.80228,940.6501903,1146.354694,730.8158281,943.6388702,1213.508074,101.1256728,1034.112377,460,2822.783447,2362.783447,420.6953282,26.72765209,65.33274537,211.2528009,-0.118354431,-0.19502057,1.096520562,57.893941,0.454610323,24,1648.9,1648.9,100.2,4862.4,2,69.80255517,0,17.52226094,10.31358885,0.449090205,0.689121177,0,1.223383662,0,0,69.80255517,3,17754.46848,139.4163967,682.8641721,1346.660522,364.4840127,59.77784353,435,2.862099068,0.469403607,6674,0.422154072,52.40737185,0.331495136,46,0.361213531,0.305902039
NP0770401,Sudur Paschim,Doti,Aadarsha,1,129.2268941,80.87513237,29.34419874,94.0169909,430.8436966,12786.31076,1065.525897,1371.465735,851.7761978,1152.006195,1439.268975,119.9390812,1338.298931,669.7258301,2541.685791,1871.959961,334.999279,30.35390584,71.14935661,262.6310725,-0.106726799,-0.013802539,1.367372131,35.77412681,0.276831901,15,1695.7,1695.7,182.1,182.2,1,65.59279334,0,23.29948851,9.939690053,0.061073364,0.610733644,0,0.496221086,0,0,65.59279334,3,0,0,0,0,301.6691335,14.46245895,268,2.334414486,0.111915241,4535,0.234244606,35.09331423,0.181266143,19,0.147028218,2.565306589
NP0770402,Sudur Paschim,Doti,Sayal,1,123.4286261,80.97275696,29.37377665,90.38429386,403.6310577,12292.26396,1024.35533,1312.194905,816.2967741,1101.193439,1376.843896,114.7369914,1887.176259,778.5736084,3126.355957,2347.782349,445.0609268,31.82987986,73.69342115,207.4756168,-0.040795484,-0.07844889,0.356805591,39.32720853,0.318623076,22,1695.7,1695.7,182.1,182.2,2,68.99007682,0,25.80025608,4.961587708,0.024007682,0.064020487,0,0.160051216,0,0,68.99007682,2,0,0,0,0,239.7208374,0,222,1.942181851,0,3895,0.19697295,31.55669899,0.159584496,10,0.081018483,4.782134732
NP0770403,Sudur Paschim,Doti,Purbichouki,1,118.3068478,81.06429265,29.27475803,89.99049787,396.7625061,12238.70771,1019.892309,1243.894399,814.8406959,1039.018167,1314.631559,109.5526299,1544.971743,508.6236267,2804.687012,2296.063385,406.1479573,28.64831221,65.78836531,224.0439397,-0.107554934,-0.111205599,0.505910655,34.33903008,0.290253952,14,1648.9,1648.9,177.5,177.5,2,74.97705465,0,16.66249479,8.293700459,0.058406341,0.008343763,0,0,0,0,74.97705465,3,0,0,0,0,333.9507397,34.89361116,553,2.82275072,0.294941602,4469,0.205398567,37.77465197,0.173615113,79,0.667755092,0.14012597
NP0770404,Sudur Paschim,Doti,Jorayal,0,421.6788916,80.69893583,29.10780139,119.4332994,532.5397447,16242.92872,1353.577393,1668.06881,1128.727036,1404.645917,1739.564483,144.963707,1622.24016,757.5056763,2764.40332,2006.897644,391.2733255,27.1550144,64.5783259,202.2872382,-0.044709121,-0.109081299,1.412898385,136.3097459,0.323254848,63,1637.7,1637.7,289.1,289.1,1,91.42674949,0.004723554,5.113247207,3.353723341,0.025979547,0.073215087,0,0.002361777,0,0,91.42674949,2,8958.498701,21.24483554,308.9137483,2034.019287,655.4334995,33.30020871,761,1.554342682,0.078970537,8921,0.351084579,21.15590839,0.083258751,7,0.016600309,1.693016487
NP0770405,Sudur Paschim,Doti,K.I. Singh,0,127.7429234,80.96342416,29.17094823,97.39426299,432.2625656,13245.61977,1103.801647,1352.95131,900.913976,1137.698124,1408.813407,117.4011172,1429.854457,439.5,2769.495117,2329.995117,541.4537841,26.55517333,68.48509887,22.50855334,0.120478155,0.290737229,0.552201748,50.82666751,0.397882451,20,1648.9,1648.9,100.2,4862.4,2,85.33600185,0,5.50381033,8.444307598,0.069278731,0.215533831,0,0.431067662,0,0,85.33600185,3,3610.830078,28.2663805,3610.830078,3610.830078,258.4924016,46.99141169,333,2.023535979,0.367859216,4262,0.208564823,33.36388339,0.16326918,56,0.438380448,0.803140311
NP0770406,Sudur Paschim,Doti,Badi Kedar,0,334.5244123,80.88057251,29.02153991,119.3979933,503.9014634,16238.12709,1353.177258,1677.59404,1121.014435,1403.894839,1731.741074,144.3117561,1385.340687,310.509491,2890.823486,2580.313995,503.65478,29.08971277,66.91658288,182.6804933,-0.006805834,-0.14536916,0.971979561,119.0409222,0.355851226,50,1636.4,1636.4,129.1,129.1,2,91.69686887,0.005941418,4.711544174,2.783554156,0.029707088,0.707028697,0,0.065355594,0,0,91.69686887,1,2958.843811,8.844926415,986.2812703,1206.239746,439.2291095,32.21374569,495,1.312995684,0.096297145,5528,0.20617142,16.52495243,0.061631203,44,0.131530012,4.615124181
NP0770407,Sudur Paschim,Doti,Bogatan Phudsil,0,301.928917,81.03819823,29.05470355,110.6083431,469.4168795,15042.73467,1253.561222,1550.417502,1045.920502,1306.577455,1600.093668,133.341139,1226.278641,304,2890.087891,2586.087891,530.4084001,29.68510817,71.49235726,86.07589459,0.138845956,0.009524256,1.218616642,107.6875018,0.356665082,42,1621.1,1621.1,86.7,7099.3,2,91.62731208,0,4.470024925,2.954873409,0.003279549,0.249245704,0,0.695264332,0,0,91.62731208,1,2152.967621,7.130710241,358.8279368,371.3765564,360.6109411,33.01994796,525,1.194357085,0.109363317,4743,0.200660225,15.7089955,0.066459426,84,0.278211179,0.439620084
NP0770597,Sudur Paschim,Doti,Khaptad,0,95.42605003,81.10068362,29.36577022,92.07424602,399.7149734,12522.09746,1043.508122,1281.160472,835.0334029,1081.187775,1353.824815,112.8187346,2677.664068,1416.536987,3301.263428,1884.72644,419.4249307,26.75138752,69.68221651,249.6230214,-0.141724729,-0.052642143,1.965952689,24.46243857,0.256349692,11,1648.9,1648.9,177.5,177.5,1,91.56826186,0,8.048477315,0.372902424,0,0,0,0.010358401,0,0,91.56826186,2,0,0,0,0,18.71731573,0,13,0.196144719,0,127,0.007675901,1.330873488,0.008043822,0,0,6.888687595
NP0771201,Sudur Paschim,Kailali,Dhangadhi,1,263.3999862,80.65463967,28.69306383,130.0890239,651.6021576,17692.10725,1474.342271,1879.452916,1340.732202,1679.793785,1932.672286,161.0560239,181.226835,153.5,222.1911316,68.69113159,11.15223444,2.410310543,34.28757124,183.0539362,-0.004375105,-0.082004865,1.384929485,113.6415085,0.43144083,28,1552.6,1552.6,19.4,326.4,1,45.10464368,0.177875336,2.229118571,46.8304129,4.075994399,0.832607955,0,0.737993415,0.011353745,0,46.8304129,2,95791.94683,363.6748362,70.02335295,3153.465088,1217.244399,94.62652893,3406,4.621277385,0.359250319,58362,4.771350779,221.5717656,1.81144686,18,0.068337133,3.977853537
NP0771301,Sudur Paschim,Kailali,Godawari,0,310.6006862,80.57606322,28.86971929,132.5757473,691.5679728,18030.30164,1502.525136,1883.062911,1339.15114,1715.314229,1898.471197,158.2059331,464.100437,177.5,1761.488525,1583.988525,321.3333368,13.2858979,67.48571168,200.6909121,-0.073606385,-0.194887126,0.773153297,125.51939,0.404118199,38,1567.6,1567.6,151.5,307.7,1,73.46577941,0.321471052,1.928826309,21.19458643,1.064069181,1.944899862,0,0.080367763,0,0,73.46577941,2,76663.33664,246.822818,397.2193608,2289.342773,847.1486868,70.82211414,2227,2.727452722,0.228016606,30577,2.236068003,98.44472779,0.719917277,33,0.106245741,1.42323342
NP0771302,Sudur Paschim,Kailali,Gauriganga,1,245.9353974,80.78139964,28.7529858,136.5585442,637.7849935,18571.96201,1547.663501,2010.540106,1394.104876,1788.822286,2070.798279,172.5665233,214.7870153,162.5,1064.870117,902.3701172,64.22997071,4.344980931,51.33009038,192.8711224,-0.031657168,-0.138543289,1.619906642,106.3188656,0.432304039,19,1531.1,1531.1,193.4,193.5,1,73.18828858,0.09301197,1.666127467,22.75153672,0.331607894,1.884503397,0,0.084923973,0,0,73.18828858,2,58402.91815,237.4725996,1061.871239,1780.53064,490.2334989,38.99898691,1827,1.993342578,0.158574111,16250,1.074505617,66.07426248,0.436905638,5,0.020330542,1.508685524
NP0771303,Sudur Paschim,Kailali,Ghodaghodi,1,356.5329086,80.93988348,28.70541574,141.0749047,668.2559759,19186.18704,1598.84892,2135.564265,1418.046801,1889.05441,2199.792838,183.3160699,273.9621237,153.5,1556.937012,1403.437012,222.6132081,6.639493746,63.44348941,195.0621074,-0.050251015,-0.186729463,0.379299744,135.6197256,0.380384874,29,1528.2,1528.2,125.6,125.6,2,72.82107206,0.058719906,0.838855801,24.06956911,0.383077482,1.297430305,0,0.455778318,0.075497022,0,72.82107206,2,90993.36024,255.217283,745.8472151,2087.689453,660.4863233,19.74687334,1307,1.852525552,0.055385836,18862,0.978134082,52.90395233,0.274346087,2,0.00560958,9.8233357
NP0771304,Sudur Paschim,Kailali,Bhajani,1,177.2801711,80.96381374,28.51733774,135.0275511,687.3157872,18363.74695,1530.312246,2034.935947,1368.003461,1807.951861,2094.62758,174.5522984,153.8460542,139,181.5519257,42.55192566,9.028715722,1.858663907,27.65801017,148.0707382,0.023405033,-0.037558988,1.4920169,57.22925686,0.32281815,20,1500.8,1500.8,128.7,523.4,2,44.07648994,0.039025478,1.187489547,51.1345264,0.858560517,1.126163796,0,1.527568713,0.050175615,0,51.1345264,2,57572.64307,324.7551191,1151.452861,7815.830078,574.8839528,45.3935768,1326,3.242798951,0.256055579,28336,1.445228965,159.8373909,0.815223133,73,0.411777581,0.882824753
NP0771305,Sudur Paschim,Kailali,Tikapur,1,119.0031404,81.08645952,28.48509973,141.5517858,700.7719421,19251.04287,1604.253572,2116.261387,1464.87587,1890.677155,2170.073419,180.8394516,151.2231,138,182.7841949,44.78419495,7.538325498,1.480785103,20.47947407,248.7162994,-0.068526328,-0.026694844,0.253430836,55.74354965,0.468420829,11,1495.9,1495.9,142.8,600.9,1,29.83235541,0.033528919,0.930427494,59.56412406,3.08466052,0.628667225,0.016764459,5.90947192,0,0,59.56412406,3,235753.1488,1981.066618,521.5777629,13059.00781,518.2227209,41.70235949,1193,4.354697861,0.350430748,29639,2.047126433,249.0606542,1.720228917,30,0.252094188,1.854224148
NP0771306,Sudur Paschim,Kailali,Lamki Chuha,0,226.2587376,81.15429353,28.65120964,142.4877017,654.6030273,19378.32743,1614.860619,2099.891603,1448.25383,1854.952061,2145.205656,178.767138,312.0301401,152,1545.783569,1393.783569,240.3699985,8.74549971,60.20170257,213.5096955,-0.171661972,-0.259257618,0.703658772,112.2675731,0.496191105,25,1503.5,1503.5,230.9,230.9,1,68.83706577,0.154293775,1.631105625,26.39305237,0.996296949,1.331334862,0,0.656850644,0,0,68.83706577,2,107157.0319,473.6039504,1275.678951,3274.732666,444.4796766,44.32112326,795,1.964475191,0.195886902,21935,1.18509983,96.94653226,0.523780802,6,0.026518313,2.582560967
NP0771401,Sudur Paschim,Kailali,Chure,1,496.2342084,80.70228968,28.9315769,131.6189631,620.4670087,17900.17899,1491.681582,1864.534715,1291.142749,1625.634893,1928.618174,160.7181812,1010.079672,190.7070465,1968.650879,1777.943832,389.9207625,24.48849971,65.98314707,16.59976751,0.017822239,0.059784398,0.036371486,146.2991391,0.29481873,57,1560.2,1560.2,186.8,186.8,1,92.99346405,0.004022122,3.627953746,2.706887883,0.014077426,0.65158371,0,0.002011061,0,0,92.99346405,1,0,0,0,0,516.7512016,46.2475388,472,1.041345383,0.093196999,5865,0.284356759,11.8190159,0.057302934,109,0.219654345,1.177091463
NP0771402,Sudur Paschim,Kailali,Kailari,1,234.692759,80.80967965,28.59568008,132.8099988,676.4007141,18062.15984,1505.179987,2005.260869,1352.78814,1790.462323,2064.247732,172.0206443,166.0510425,145.5,197.5627441,52.06274414,9.125576811,2.348836692,30.90982225,194.9775235,-0.013197367,-0.049330644,1.155356388,106.2368201,0.452663391,27,1531.1,1531.1,193.4,193.5,1,58.17595383,0.089122777,1.073717269,37.94083945,0.734201927,0.683274625,0,1.273182532,0.029707592,0,58.17595383,2,27229.94769,116.0238084,1047.30568,1646.705933,603.5120822,41.98083402,1517,2.571498519,0.178875711,14953,0.998992687,63.71308626,0.425659782,1,0.00426089,2.035214127
NP0771403,Sudur Paschim,Kailali,Mohanyal,0,630.5317337,81.04919487,28.81705479,134.4765486,591.1082905,18288.81062,1524.067551,1968.373686,1337.930407,1711.533608,2021.740093,168.4783411,739.7824692,185.5768433,1769.56604,1583.989197,339.5718151,23.08949415,68.86475545,36.99223679,0.123414671,0.163822978,0.600171798,185.6137719,0.294376574,66,1574.1,1574.1,144.9,31479.9,2,93.30509546,0.039511948,1.360791503,2.661524845,0.009482868,1.621570363,0,1.002023012,0,0,93.30509546,1,28836.84232,45.73416496,313.4439383,1180.166748,298.1176183,0,594,0.472803512,0,4673,0.210779828,7.411205099,0.033428901,73,0.115775299,2.18522312
NP0771404,Sudur Paschim,Kailali,Joshipur,1,65.94927077,81.02500742,28.57498497,140.3127159,663.6949768,19082.52936,1590.21078,2114.267772,1434.702953,1881.581161,2166.863108,180.5719257,154.8510031,143.5,171.1684418,27.66844177,3.691378534,1.05077927,18.59624127,183.1104663,-0.006764286,-0.124477867,0.203873327,39.55286166,0.599746763,7,1503.5,1503.5,20.9,227.3,2,18.8020214,0,0.267538644,79.28061831,1.307966706,0.326991677,0,0.014863258,0,0,79.28061831,2,58259.48129,883.3984154,419.1329589,8531.139648,217.8811853,15.1495525,347,3.30376944,0.229715239,14680,0.896480254,222.5953347,1.359348244,28,0.424568758,0.46776546
NP0771405,Sudur Paschim,Kailali,Bardagoriya,1,77.70233646,81.04084738,28.6802501,142.6077931,637.8872986,19394.65987,1616.221656,2154.679446,1443.54097,1909.471512,2208.876886,184.0730738,194.3485771,156.5,465.4909058,308.9909058,41.97874911,2.859519051,44.54047297,193.6249158,-0.051881812,-0.214046397,0.352299271,36.75392326,0.473009242,5,1513.9,1513.9,103.9,103.9,2,52.69529757,0.063718619,1.478271951,43.11201733,1.070472792,1.503759398,0,0.076462342,0,0,52.69529757,2,44578.05978,573.7029517,610.6583532,1088.720947,181.2508904,19.46306876,238,2.332631149,0.250482413,6384,0.352955943,82.1596916,0.454241093,1,0.012869626,6.328590671
NP0771406,Sudur Paschim,Kailali,Janaki,1,107.8684163,81.14211041,28.56943646,148.7210974,709.9375732,20226.06925,1685.50577,2222.052221,1531.010364,1978.020135,2268.841462,189.0701218,167.5018651,143.0862122,207.2003479,64.11413574,10.99683459,1.751775896,25.12685852,234.5353225,-0.098135028,-0.069907794,0.076354222,42.0016388,0.389378469,11,1503.5,1503.5,230.9,230.9,1,28.77241379,0.248275862,1.131034483,60.16551724,0.937931034,2.51954023,0,6.225287356,0,0,60.16551724,3,71117.1891,659.295756,559.9778669,2744.325439,328.570746,21.6416537,588,3.046032909,0.200630124,18130,1.146231213,168.0751476,1.062619859,33,0.305928289,0.204772355
NP0772301,Sudur Paschim,Kanchanpur,Dodhara Chandani,0,57.23839499,80.08449947,28.89600701,109.8066058,556.6455892,14933.69838,1244.474865,1496.009433,1095.508273,1349.784953,1539.828882,128.3190735,198.883562,181,225.6200256,44.62002563,8.47400282,1.545024688,20.03775674,193.4136179,-0.020809779,-0.087258308,2.066706879,25.91614486,0.452775534,2,1627.1,1627.1,151.3,15518.5,1,16.2640056,0.12254902,3.641456583,69.43277311,0.735294118,5.514705882,0,4.289215686,0,0,69.43277311,3,127429.9527,2226.301991,1400.329151,1912.52063,288.2919384,31.37213095,608,5.036688021,0.548095923,15225,0.912999973,265.9927834,1.595083114,43,0.751243986,0.92008765
NP0772302,Sudur Paschim,Kanchanpur,Bhimdatta,1,172.9957219,80.16788766,29.00665994,96.41731217,467.5124294,13112.75446,1092.729538,1336.493447,961.5808861,1197.109264,1384.998799,115.4165666,336.650131,189.5,1338.814453,1149.314453,215.7901246,7.010913944,53.49518564,227.733785,-0.18911157,-0.171874558,0.323582462,64.71570294,0.374088459,13,1611.8,1611.8,278.6,445.6,1,50.77985612,0.011510791,1.05323741,40.84604317,1.81294964,2.722302158,0,2.774100719,0,0,50.77985612,2,51312.72777,296.6126977,101.208536,423.4602051,838.7274376,36.7323268,2276,4.848255369,0.212330839,47890,3.27574576,276.8276549,1.893541484,6,0.034682939,1.83812841
NP0772303,Sudur Paschim,Kanchanpur,Bedkot,1,161.0020702,80.27051432,28.99359847,101.9495673,494.4893372,13865.14115,1155.428429,1391.706949,1022.963481,1241.429453,1441.905264,120.158772,393.2005116,191.5,1404.598389,1213.098389,253.8355975,9.982959409,64.16376364,188.7668133,-0.053470295,-0.346725344,0.165520432,59.69244108,0.370755736,12,1637.6,1637.6,167,167.1,1,68.20566632,0.08024196,2.012221468,28.70810444,0.40738226,0.543176347,0,0.043207209,0,0,68.20566632,2,108006.2944,670.8379233,2000.116563,3681.435547,538.236269,47.92740279,1428,3.34303943,0.297681904,25458,1.543748073,158.1221904,0.958837406,5,0.031055501,3.846850933
NP0772304,Sudur Paschim,Kanchanpur,Shuklaphanta,0,163.654397,80.37804317,28.92863212,128.7772802,681.8908203,17513.71011,1459.475843,1805.267659,1298.544548,1636.818756,1817.93755,151.4947958,341.8662582,185,1511.94751,1326.94751,251.5141178,7.935743552,66.79197622,200.3448072,-0.075519917,-0.203667229,0.656286861,71.41549023,0.436379905,14,1594.2,1594.2,176.6,176.6,1,64.06211937,0,2.771010962,31.80267966,0.249695493,0.919610231,0,0.194884287,0,0,64.06211937,2,130930.9441,800.0453791,1336.030042,2936.901367,341.9733672,36.75724536,627,2.089606961,0.224602858,21853,1.211830934,133.5313954,0.740481745,2,0.012220875,3.153604521
NP0772305,Sudur Paschim,Kanchanpur,Krishnapur,1,254.4018346,80.4690152,28.86108032,133.6780987,726.0484755,18180.22142,1515.018452,1902.527687,1359.363104,1738.541385,1891.891827,157.6576522,302.0179454,176,1454.947021,1278.947021,220.5619981,6.755056791,62.00919259,209.6157738,-0.077719324,-0.136723096,1.704872027,83.23057036,0.327161832,17,1601.4,1601.4,232.6,232.6,1,70.44030085,0.050924475,1.512065183,26.34753996,0.336884989,1.186931996,0,0.125352554,0,0,70.44030085,2,80944.64264,318.1763322,1618.892853,35449.49609,591.7604265,23.22545231,1297,2.326085531,0.091294359,27035,1.555910136,106.2688877,0.611595486,5,0.019653946,1.971100163
NP0772306,Sudur Paschim,Kanchanpur,Belouri,0,124.2023867,80.35249733,28.70027571,127.4572281,735.1304565,17334.18303,1444.515252,1824.744182,1304.910723,1674.662976,1812.905934,151.0754945,177.3234406,167.008255,218.4333191,51.42506409,6.848136049,1.524432169,27.49515452,203.0523937,-0.026358011,-0.061938048,1.53500472,25.20752071,0.202955204,10,1570.3,1570.3,144.6,844.8,1,27.94436852,0.008039231,0.434118498,70.43170673,0.66725621,0.233137712,0,0.120588472,0.160784629,0,70.43170673,2,335286.8724,2699.520367,1530.990285,6776.73877,515.3708664,40.96222133,1017,4.149444148,0.329802208,24044,1.425601578,193.5872623,1.147805301,49,0.394517379,0.585083898
NP0772307,Sudur Paschim,Kanchanpur,Punarbas,0,104.3897982,80.47692451,28.64763006,124.1697472,688.0629578,16887.08562,1407.257135,1772.484672,1274.15695,1634.352127,1801.653052,150.1377544,177.6684641,157.7389221,213.1629944,55.42407227,8.965457895,1.789849008,32.37213345,158.4914564,0.018355054,-0.046576651,0.646611454,22.22975297,0.212949477,8,1553.5,1553.5,193.6,193.6,1,23.42042755,0.038004751,0.893111639,73.13064133,1.510688836,0.475059382,0,0.532066508,0,0,73.13064133,2,209406.8192,2006.008469,427.3608555,5493.222656,510.7843424,41.32912561,964,4.893048472,0.395911539,21386,1.539976557,204.8667626,1.475217486,13,0.124533242,2.555514116
NP0772401,Sudur Paschim,Kanchanpur,Beldandi,0,36.95029033,80.26334965,28.77343685,120.9029101,680.0166321,16442.79577,1370.232981,1697.028256,1224.255072,1544.473114,1721.991506,143.4992922,179.7304748,173.0362549,204.5265961,31.49034119,4.049328151,1.022698463,18.9066382,166.9952477,0.019044758,-0.082460705,0.254222159,7.236312575,0.195839126,2,1509.1,1509.1,1082.4,17556,1,29.06482465,0,1.168969182,69.10201913,0.451647184,0.053134963,0,0.106269926,0.053134963,0,69.10201913,2,60015.99658,1624.23613,2400.639863,7763.84082,216.4362502,14.70759744,579,5.857497959,0.398037399,10878,0.542128787,294.3955217,1.467184106,19,0.514204349,0.800394003
NP0772402,Sudur Paschim,Kanchanpur,Laljhadi,0,155.6664642,80.4277673,28.76178107,128.3117102,721.6556484,17450.39259,1454.199383,1831.896792,1313.583702,1685.561096,1835.576803,152.9647336,195.6523217,170.3134918,244.111084,73.79759216,13.64121059,2.795601084,32.04523892,211.9874059,-0.029145773,-0.046665809,0.781218901,61.86459781,0.397417633,17,1581.4,1581.4,130,700.3,1,65.08344031,0.057766367,2.362002567,29.76251605,0.308087291,1.026957638,0,1.399229782,0,0,65.08344031,2,49554.36926,318.3368333,739.6174517,2038.088623,292.7472736,3.343099984,471,1.880605916,0.021476045,11711,0.671528266,75.23136123,0.431389169,4,0.025695965,5.989646973
NP0772597,Sudur Paschim,Kanchanpur,Shuklaphanta,0,402.8851026,80.24063324,28.8667677,116.7809296,614.9903584,15882.20642,1323.517202,1617.462621,1178.387193,1465.927392,1652.360728,137.6967273,225.5002859,174.003006,1352.776245,1178.773239,114.3400614,4.629567224,56.4375402,201.8825486,-0.025332325,-0.063071642,0.851342293,131.0410911,0.32525673,25,1611.8,1611.8,278.6,445.6,1,82.10643564,0.017326733,6.103960396,6.51980198,0.012376238,1.188118812,0,3.613861386,0.438118812,0,82.10643564,3,9304.169922,23.09385446,134.8430423,1179.873779,152.4204896,30.44668198,112,0.378322476,0.075571625,532,0.027315354,1.32047573,0.006779937,0,0,7.929098228
NP0773301,Sudur Paschim,Dadeldhura,Parashuram,1,416.8300737,80.34460227,29.12866286,119.1263396,588.6232524,16201.18219,1350.098515,1656.86906,1134.394124,1401.823252,1739.963026,144.9969188,856.0179146,271,2601.898682,2330.898682,419.8646561,22.58905827,70.22205355,330.0862722,-0.057352743,0.099684201,0.752191638,125.673432,0.301497996,46,1685.5,1685.5,329.8,329.9,1,90.03962192,0.002386863,1.98348291,5.461141875,0.019094902,1.89516899,0,0.59910254,0,0,90.03962192,2,27171.31737,65.1855974,251.5862719,1046.57605,593.1122483,66.10443646,895,1.422911363,0.158588453,12866,0.608290241,30.86629495,0.145932427,78,0.187126613,0.5367804
NP0773302,Sudur Paschim,Dadeldhura,Amargadhi,0,140.2053568,80.58297646,29.28256,114.2495876,484.9845022,15537.94392,1294.82866,1592.154467,922.6602253,1206.49943,1701.862803,141.8219002,1773.575711,874.5740356,2574.42334,1699.849304,335.5929763,22.03144249,54.70229911,13.8873146,0.057785049,0.233720439,0.359911378,45.49428086,0.324483186,17,1683.4,1683.4,243.8,243.8,1,82.57211538,0,9.968891403,7.041855204,0.388857466,0.028280543,0,0,0,0,82.57211538,3,16993.67073,121.2055739,531.0522104,1302.748047,309.9718496,43.7115075,377,2.210841701,0.311767742,5980,0.400849941,42.6517227,0.285902015,5,0.035661975,2.184450963
NP0773401,Sudur Paschim,Dadeldhura,Bhageshwor,0,234.9131261,80.40477388,29.28113199,115.8592227,516.6056078,15756.85428,1313.07119,1651.095274,1017.867042,1313.723151,1759.107235,146.5922696,1392.915877,355.4197388,2640.151855,2284.732117,475.7727537,27.95363326,69.58416107,339.385005,-0.09411896,0.250200595,0.521797379,74.20082457,0.315864957,21,1693.2,1693.2,213.3,13756,1,92.80414805,0,3.987859371,2.617823118,0,0.223421297,0,0.366748166,0,0,92.80414805,1,408.0342321,1.736957994,58.29060459,82.77339172,537.1964192,81.23464197,774,2.286787581,0.345807164,4444,0.223555972,18.9176317,0.095165381,14,0.059596499,5.102795579
NP0773402,Sudur Paschim,Dadeldhura,Ajayameru,0,149.8552148,80.51763015,29.3612481,113.6306651,502.5164612,15453.77045,1287.814204,1631.748259,940.6876634,1267.625034,1741.518485,145.1265404,1480.445183,607.2061157,2413.4729,1806.266785,355.7455899,25.6257407,65.54160214,206.8483221,-0.101130135,-0.199784786,1.392205559,66.89302292,0.446384352,20,1720.7,1720.7,310.8,310.9,1,73.35264301,0,20.45289974,6.161543019,0.006582845,0.02633138,0,0,0,0,73.35264301,3,1954.737015,13.04417079,195.4737015,291.6541443,576.5727454,44.23733791,959,3.847532075,0.295200524,5259,0.321002459,35.09387383,0.214208401,17,0.113442832,0.835936171
NP0773403,Sudur Paschim,Dadeldhura,Nawadurga,0,142.7618926,80.70019982,29.35806219,108.4846686,481.0236938,14753.91494,1229.492911,1626.774675,970.0690201,1347.665363,1700.482549,141.7068791,1315.804275,624,2391.996094,1767.996094,338.0019973,28.68200057,66.09929047,147.6777271,0.108608472,-0.171653841,1.639381819,49.14856262,0.344269481,19,1683.4,1683.4,100.5,4070.2,1,72.60806217,0,18.82328453,7.798515229,0.013876362,0.312218136,0,0.444043572,0,0,72.60806217,3,2710.678186,18.98740719,1355.339093,2689.162109,479.1772355,2.726812,558,3.356478585,0.019100419,4506,0.232579587,31.56304471,0.162914335,0,0,8.95217952
NP0773404,Sudur Paschim,Dadeldhura,Aalital,1,294.7590911,80.51067783,29.13510608,125.8440294,572.3258612,17114.788,1426.232334,1732.949471,1148.702535,1421.990126,1823.73038,151.9775317,1266.128211,478.0066528,2573.281006,2095.274353,447.5416911,26.43549655,66.86769476,205.6540051,-0.030338582,-0.063168639,0.042983952,89.74133816,0.304456557,37,1685.5,1685.5,329.8,329.9,1,94.42516927,0,2.132246438,3.28426584,0.010105433,0.107791289,0,0.040421733,0,0,94.42516927,1,15214.20832,51.61573903,90.56076382,785.5794678,563.4315671,12.14283465,910,1.911498522,0.041195794,8989,0.36905466,30.49609078,0.125205522,29,0.09838543,2.426736788
NP0773405,Sudur Paschim,Dadeldhura,Ganyapdhura,0,136.4917776,80.67726296,29.24583138,113.456967,503.6019135,15430.14752,1285.845626,1613.58238,1004.582783,1321.65427,1698.44045,141.5367042,1655.027128,651.7583008,2658.178955,2006.420654,426.0607188,26.82085424,60.94208829,18.67034461,0.076963306,0.227766414,1.644599868,40.67224068,0.297983083,21,1683.4,1683.4,243.8,243.8,1,87.59071118,0,7.387518142,4.985486212,0.029027576,0.007256894,0,0,0,0,87.59071118,2,0,0,0,0,323.7721248,64.53042464,341,2.372099848,0.472778843,3710,0.198555099,27.18112451,0.145470374,2,0.014652897,4.06341375
NP0774301,Sudur Paschim,Baitadi,Dasharathchand,0,136.030107,80.43051556,29.53473684,116.8342319,542.0629578,15889.45554,1324.121295,1769.326018,1046.807198,1465.522182,1856.055704,154.6713086,1452.835429,477.6081238,2531.852051,2054.243927,439.2283792,28.19187296,73.25444161,335.5907391,-0.085478037,0.188354355,0.10369187,42.61815965,0.313299464,14,1732.1,1732.1,366.5,8150,1,78.34246075,0,16.69222344,3.804308142,0.109529025,0.27747353,0,0.774005111,0,0,78.34246075,2,3312.934814,24.35442336,3312.934814,3312.934814,414.8306291,73.15823484,479,3.04955012,0.53780914,3875,0.27164849,28.4863409,0.199697329,16,0.11762102,1.918392419
NP0774302,Sudur Paschim,Baitadi,Puchaundi,0,199.7329289,80.69962322,29.59937511,125.3519984,699.5528259,17047.87178,1420.655981,2064.916017,1200.2614,1822.259071,2140.331824,178.3609853,1844.078925,942.8405151,2754.328369,1811.487854,316.7434205,29.82126435,71.32955301,336.3764752,-0.077314538,0.176768115,0.239316504,63.85307082,0.319692257,27,1774.1,1774.1,230.8,230.9,1,73.52970199,0,21.9853957,4.154331952,0,0.330570357,0,0,0,0,73.52970199,2,44.70801151,0.223838962,2.794250719,4.19790411,314.3890445,2.249953113,382,1.574047135,0.011264808,5035,0.274059226,25.20866253,0.137212841,5,0.025033429,5.328987968
NP0774303,Sudur Paschim,Baitadi,Melauli,0,120.4791024,80.41985391,29.42914333,115.0646703,538.7241516,15648.79516,1304.066263,1714.892315,1018.593902,1401.895164,1810.014645,150.8345538,1467.990808,534.9937744,2532.744141,1997.750366,390.9883309,29.40484998,66.08016149,170.1251391,0.029318871,-0.168425842,1.68123998,28.48288814,0.236413516,13,1720.9,1720.9,414,414.1,1,71.39458573,0,24.47908121,3.85561936,0.065627564,0.205086136,0,0,0,0,71.39458573,2,0,0,0,0,414.8864917,53.80353575,721,3.443638636,0.446579819,3990,0.242344504,33.11777662,0.201150655,4,0.033200779,3.5593221
NP0774304,Sudur Paschim,Baitadi,Patan,0,220.6358801,80.57820203,29.44514666,118.1051548,543.4512329,16062.30106,1338.525088,1766.178035,1020.469155,1431.433645,1859.132015,154.9276679,1677.9168,779.3522949,2415.174316,1635.822021,298.0903098,28.28795437,63.01370376,320.0358845,-0.062236321,0.074264769,0.438701686,72.62983533,0.329184153,29,1720.9,1720.9,414,414.1,1,76.6984184,0,18.70057513,4.443745507,0.058411215,0.098849748,0,0,0,0,76.6984184,2,9599.05873,43.50633599,112.9301027,2427.498779,638.2417385,76.86123756,1218,2.892737747,0.348362368,6720,0.450723526,30.45742151,0.204283875,13,0.058920607,3.892628394
NP0774401,Sudur Paschim,Baitadi,Dilasaini,0,126.0473403,80.64758074,29.66519492,117.6139162,661.6428101,15995.4926,1332.957717,1889.091811,1143.561556,1684.803821,1954.394512,162.8662093,1453.440915,617.8828735,3067.044434,2449.16156,446.5673154,31.78932424,67.78986192,273.9817989,-0.171694464,0.011951239,0.851213134,40.78603629,0.323577127,22,1774.1,1774.1,230.8,230.9,1,74.23922397,0,22.06054917,2.847531878,0.046937339,0.265978252,0,0.539779395,0,0,74.23922397,2,1183.312378,9.38784091,1183.312378,1183.312378,156.2548577,18.64288024,217,1.23965216,0.147903797,5061,0.300339805,40.15158105,0.238275401,65,0.515679267,1.955143292
NP0774402,Sudur Paschim,Baitadi,Dogada Kedar,0,127.1801873,80.52822027,29.59685336,127.1995771,641.9806641,17299.14248,1441.595207,1972.970974,1189.933269,1696.787637,2047.039042,170.5865868,1385.945196,557.5586548,2449.289551,1891.730896,337.7406404,30.72892246,70.59733397,353.4517364,-0.025848558,0.225183265,0.005391109,39.02815995,0.306872955,13,1763.2,1763.2,101.9,1585.1,1,82.12238575,0,14.51587916,2.989930287,0.015491867,0.209140201,0,0.147172734,0,0,82.12238575,2,0,0,0,0,232.793483,77.39496709,203,1.830422551,0.608545786,2771,0.178854572,21.78798489,0.140630845,50,0.393142997,1.05196596
NP0774403,Sudur Paschim,Baitadi,Surnaya,1,125.3006227,80.60537751,29.52596738,121.8722501,579.4217987,16574.62602,1381.218835,1894.387564,1087.941739,1580.286594,1979.422252,164.9518543,1862.679915,996.3752441,2652.123291,1655.748047,280.6797945,31.32122714,71.40646421,260.946657,-0.059932511,-0.009549583,0.803444943,48.08027403,0.383719354,18,1720.9,1720.9,414,414.1,1,76.35549269,0,20.1320132,3.488920321,0,0.023573786,0,0,0,0,76.35549269,2,5339.903272,42.61673371,14.87438237,917.958313,204.5835339,33.15282926,255,1.632741558,0.264586309,3482,0.20975666,27.78916757,0.167402728,33,0.263366608,0.410466711
NP0774404,Sudur Paschim,Baitadi,Pancheshwor,0,121.2150978,80.31884551,29.44736127,106.9918353,495.6882263,14550.88961,1212.574134,1618.243304,966.7413839,1327.737216,1700.734062,141.7278385,1149.214735,402.6716309,2472.387939,2069.716309,410.5743588,30.7715312,66.6677607,287.3847527,-0.231720821,0.072549189,1.064466355,35.5388994,0.29318872,11,1732.1,1732.1,366.5,8150,1,71.43907821,0,23.12658331,3.309634714,0.024515813,0.351393315,0,1.748794639,0,0,71.43907821,2,5684.85083,46.89886765,1894.950277,2668.120361,308.7314019,46.768326,367,2.546971519,0.385829215,1947,0.116225726,16.06235556,0.095883869,4,0.03299919,2.524225425
NP0774405,Sudur Paschim,Baitadi,Shivanath,0,82.19700888,80.33525059,29.37100671,110.4728705,520.9364421,15024.31039,1252.025866,1656.66533,995.9334347,1360.332876,1748.280591,145.6900493,1132.820517,379.6547546,2099.589844,1719.935089,365.8809183,28.00064971,65.80223565,191.0373369,-0.031336546,-0.160653551,2.513457044,19.2486632,0.234177173,8,1709,1709,96.1,821,1,67.24571702,0,24.10446867,7.679405775,0,0.419312328,0,0.551096202,0,0,67.24571702,3,8973.41271,109.1695772,109.4318623,1489.237793,287.4122801,57.76475338,384,3.496626994,0.702759798,2835,0.15469514,34.49030614,0.188200449,28,0.340644999,1.328533142
NP0774406,Sudur Paschim,Baitadi,Sigas,0,246.9146913,80.78116716,29.45047205,119.345248,558.1015198,16230.95372,1352.579477,1873.570826,1109.359025,1601.300911,1945.007737,162.0839781,1715.599042,689.5,2850.520264,2161.020264,435.5909764,34.34635737,75.6882041,168.5101334,0.016385373,-0.080609653,1.456853865,92.63946042,0.375188126,47,1692.7,1692.7,133.8,134,1,70.88030703,0,26.79299592,1.918925402,0.011993284,0.083952986,0,0.311825378,0,0,70.88030703,2,4147.861872,16.79876499,12.49355986,768.9024658,257.6979413,3.82174997,289,1.043671966,0.015478018,3049,0.179233396,12.34839443,0.072589199,11,0.0445498,0.444869834
NP0775301,Sudur Paschim,Darchula,Mahakali,0,135.9583855,80.541098,29.80428023,133.4489597,776.2709249,18149.05852,1512.421543,2189.244502,1435.232161,2071.396662,2229.859996,185.8216663,1778.350169,625.6126709,3272.975098,2647.362427,581.2518171,36.61754485,75.50334901,327.7371924,-0.185603056,0.294017387,1.948064323,33.48097081,0.246258961,15,1808,1808,95.2,3367.1,1,79.77837329,0,17.79532121,1.187803288,0.231766495,0.094155139,0,0.912580575,0,0,79.77837329,2,6657.059387,48.96394852,1109.509898,1201.110718,169.8991702,41.74745705,240,1.249640981,0.307060553,3463,0.280212014,25.47102915,0.206101311,68,0.500153041,1.822096205
NP0775302,Sudur Paschim,Darchula,Shailyashikhar,0,118.5447228,80.56959053,29.70915096,121.086447,679.804306,16467.75679,1372.313066,1938.10653,1233.205196,1771.225586,1986.663612,165.555301,1462.850878,634.5,2819.886963,2185.386963,448.8887158,33.44998672,67.08868566,177.7196862,0.010818228,-0.271678178,0.154213523,42.54344399,0.358880961,16,1774.1,1774.1,119.2,1252.3,1,67.06263499,0,30.12128261,1.802625021,0.18275461,0.290745971,0,0.539956803,0,0,67.06263499,2,6191.124992,52.22607003,269.1793475,2819.260742,163.6425014,43.63693135,205,1.380428395,0.368105221,4732,0.318040812,39.91742433,0.268287617,96,0.80982095,0.777940545
NP0775401,Sudur Paschim,Darchula,Byas,1,844.1889693,80.88989933,30.05558332,72.7812419,310.1364451,9898.248898,824.8540749,1116.824806,669.1992117,906.3982908,1094.959665,91.24663878,4200.501124,992.2659302,7081.898438,6089.632507,1061.129025,33.93221333,78.86247588,311.7853118,-0.174685644,0.156106429,0.923498022,244.5979139,0.289743082,100,1861.9,1861.9,135.3,135.5,4,19.17755617,0,26.70498842,0.072144195,0.001163616,25.48319157,15.54241962,0.302540174,0,12.71599623,26.70498842,5,431.540741,0.511189741,143.8469137,163.3275757,132.3073037,18.58708379,146,0.156727117,0.022017681,1830,0.124762317,2.16776109,0.014778956,38,0.045013618,7.598875615
NP0775402,Sudur Paschim,Darchula,Duhun,0,65.7504663,80.61567847,29.88560915,106.9446845,544.9434738,14544.4771,1212.039758,1716.376356,1084.071668,1575.224525,1766.739414,147.2282845,2222.103692,899.6172485,3595.22998,2695.612732,572.49447,33.38279176,69.97665166,273.1187492,-0.351420556,0.019147593,0.954021493,24.74190709,0.376300101,8,1814.8,1814.8,161,3271.8,1,65.7761194,0,31.19402985,1.940298507,0,0.955223881,0,0.134328358,0,0,65.7761194,2,0,0,0,0,73.03920083,16.8265895,108,1.110854492,0.255915896,1580,0.123645189,24.03024783,0.188052185,25,0.38022544,1.103872172
NP0775403,Sudur Paschim,Darchula,Apihimal,1,617.4958255,80.90537049,29.86053104,97.46829669,412.916967,13255.68835,1104.640696,1427.669287,881.0875574,1188.089436,1462.020536,121.8350447,3664.243098,1212.080078,6800.669922,5588.589844,939.1760581,34.74916884,76.39199,231.3610896,-0.065624057,-0.052460002,0.232046007,195.8065272,0.317097734,83,1823.9,1823.9,229.6,229.6,2,35.57902811,0,33.977852,0.115054571,0.00159798,8.079387654,9.08451717,0.10386871,0,13.05869381,35.57902811,5,5922.953935,9.591893079,13.10388039,916.1408691,108.5508481,0,84,0.175792035,0,1480,0.08907129,2.396777337,0.014424598,50,0.080972207,0.700900107
NP0775404,Sudur Paschim,Darchula,Malikarjun,0,101.4690471,80.43493814,29.73329723,126.2298801,719.5090332,17167.2637,1430.605308,2049.796031,1312.66184,1888.271413,2089.250064,174.104172,1366.861872,558.4428711,2813.385498,2254.942627,427.2567857,31.66358591,68.48258591,269.5165588,-0.211922285,-0.001788166,1.839444413,30.13550736,0.296992119,13,1763.4,1763.4,162.4,6198.6,1,86.36496635,0,10.79683995,1.911635619,0,0.117038915,0,0.809519165,0,0,86.36496635,2,0,0,0,0,160.7312544,34.74038935,194,1.584042217,0.342374254,2505,0.168886534,24.68733146,0.166441431,94,0.926390881,0.123077589
NP0775405,Sudur Paschim,Darchula,Naugad,0,181.376679,80.66497049,29.79398035,112.0590627,623.5412598,15240.03253,1270.002711,1793.02724,1136.627095,1645.47467,1845.870849,153.8225708,2339.370121,878.8782349,3845.051514,2966.173279,582.7983243,35.81902102,72.79420885,188.6627802,-0.019134951,-0.125593062,0.654956834,55.70533117,0.307125103,29,1786.9,1786.9,206.6,206.6,1,72.22584856,0,26.81679721,0.516753699,0.005439513,0.386205396,0,0.027197563,0,0.02175805,72.22584856,2,0,0,0,0,135.2453442,26.48886904,194,0.745660054,0.146043412,2544,0.155374945,14.026059,0.085664235,49,0.270156011,0.359850558
NP0775406,Sudur Paschim,Darchula,Lekam,0,84.51977758,80.45689329,29.6596315,122.6632647,647.843399,16682.204,1390.183666,1884.756593,1176.837924,1650.049042,1944.069223,162.0057686,1108.454933,524,1940.853882,1416.853882,283.273046,30.83058041,72.12659294,165.7898206,0.025321446,-0.099994675,1.363424956,19.69799863,0.233057862,8,1763.2,1763.2,101.9,1585.1,1,78.99522089,0,17.98577923,1.783424642,0.01165637,0.396316587,0,0.827602285,0,0,78.99522089,2,3370.115479,39.87369081,1123.371826,1253.754761,143.6063211,21.80454224,151,1.699085412,0.257981538,3068,0.192484554,36.29919633,0.227739069,96,1.135828829,0.434370307
NP0775407,Sudur Paschim,Darchula,Marma,0,209.2883955,80.81973815,29.73930037,105.6681725,547.239151,14370.87146,1197.572621,1644.031856,998.1710969,1440.128185,1704.114412,142.0095343,2387.65203,851.5910034,4869.935547,4018.344543,839.0249011,36.06728747,73.18146974,336.421573,-0.055806314,0.127866817,0.031498568,71.40309821,0.341170842,24,1810.6,1810.6,166.2,729.8,1,66.03889072,0,29.9543293,0.437873723,0.009416639,1.539620509,0.00470832,0.169499506,0,1.845661283,66.03889072,2,14.26887393,0.068178046,3.567218482,4.319684505,98.0898235,1.39336884,154,0.468682572,0.00665765,1836,0.123046313,8.772583856,0.058792707,38,0.18156764,1.058854536
